record_id,date,year,month,program_name,program_category,program_status,region,state,beneficiaries_served,target_beneficiaries,target_achievement_rate,funding_received,program_expenses,funding_remaining,funding_utilization_rate,cost_per_beneficiary,volunteer_hours,number_of_volunteers,beneficiaries_per_volunteer_hour,satisfaction_score,outcome_success_rate
683,2023-09-01,2023,9,Food Assistance,Basic Needs,Completed,West,CA,364,326,111.66,21722.67,16501.71,5220.96,75.97,45.33,334.5,30,1.088,4.98,72.02
1319,2025-03-01,2025,3,Education Support,Education,Active,Midwest,OH,504,556,90.65,26876.22,23391.78,3484.44,87.04,46.41,428.7,38,1.176,4.21,68.72
577,2023-05-01,2023,5,Education Support,Education,Active,South,GA,422,447,94.41,26373.84,15244.27,11129.57,57.8,36.12,394.5,48,1.07,4.55,77.52
874,2024-02-01,2024,2,Job Training,Economic Empowerment,Active,West,CA,184,154,119.48,12296.49,12162.57,133.92,98.91,66.1,140.3,15,1.311,4.67,79.7
332,2022-10-01,2022,10,Job Training,Economic Empowerment,Active,Northeast,PA,205,187,109.63,11541.16,10755.54,785.62,93.19,52.47,229.5,19,0.893,4.11,78.84
904,2024-03-01,2024,3,Housing Support,Basic Needs,Active,Northeast,NY,225,234,96.15,17188.66,13319.83,3868.83,77.49,59.2,223.1,20,1.009,3.88,81.5
174,2022-06-01,2022,6,Housing Support,Basic Needs,Paused,South,TX,240,299,80.27,15303.29,14326.19,977.1,93.62,59.69,152.3,20,1.576,4.56,62.58
830,2024-01-01,2024,1,Healthcare Access,Health,Completed,Midwest,IL,308,288,106.94,20371.59,15087.99,5283.6,74.06,48.99,174.1,28,1.769,4.27,74.67
494,2023-03-01,2023,3,Job Training,Economic Empowerment,Active,Midwest,IL,246,278,88.49,13858.12,11402.72,2455.4,82.28,46.35,119.7,19,2.055,4.64,65.33
375,2022-12-01,2022,12,Housing Support,Basic Needs,Active,West,WA,201,182,110.44,13675.05,10772.49,2902.56,78.77,53.59,115.1,18,1.746,4.5,66.76
1054,2024-07-01,2024,7,Food Assistance,Basic Needs,Active,West,CA,532,625,85.12,30836.89,21259.57,9577.32,68.94,39.96,204.2,25,2.605,4.15,77.37
1594,2025-11-01,2025,11,Education Support,Education,Active,Northeast,PA,457,615,74.31,25730.76,18021.08,7709.68,70.04,39.43,328.8,39,1.39,3.88,97.53
716,2023-10-01,2023,10,Youth Development,Education,Paused,South,FL,324,303,106.93,14732.75,10601.92,4130.83,71.96,32.72,155.1,24,2.089,4.44,80.16
1617,2025-12-01,2025,12,Community Outreach,Community,Active,Northeast,MA,112,106,105.66,9827.57,7051.17,2776.4,71.75,62.96,113.7,12,0.985,4.89,59.4
638,2023-07-01,2023,7,Food Assistance,Basic Needs,Active,South,FL,450,421,106.89,29993.26,23598.92,6394.34,78.68,52.44,505.4,47,0.89,4.6,78.62
480,2023-03-01,2023,3,Food Assistance,Basic Needs,Active,Midwest,IL,511,462,110.61,35520.84,26294.09,9226.75,74.02,51.46,585.2,56,0.873,4.06,75.52
1618,2025-12-01,2025,12,Job Training,Economic Empowerment,Completed,Northeast,NY,319,238,134.03,18338.63,16729.63,1609.0,91.23,52.44,283.0,27,1.127,4.02,82.2
533,2023-04-01,2023,4,Job Training,Economic Empowerment,Active,Northeast,MA,235,244,96.31,12561.25,8682.63,3878.62,69.12,36.95,210.8,24,1.115,4.75,69.67
423,2023-01-01,2023,1,Food Assistance,Basic Needs,Paused,Northeast,MA,416,468,88.89,27137.5,19190.9,7946.6,70.72,46.13,661.2,53,0.629,4.59,86.22
742,2023-10-01,2023,10,Community Outreach,Community,Active,Midwest,MI,211,191,110.47,12918.65,9048.14,3870.51,70.04,42.88,66.9,18,3.154,5.0,73.53
567,2023-05-01,2023,5,Education Support,Education,Active,West,CA,386,415,93.01,23249.41,20332.1,2917.31,87.45,52.67,262.9,36,1.468,4.85,74.9
1089,2024-09-01,2024,9,Job Training,Economic Empowerment,Active,South,GA,299,323,92.57,17284.57,14189.14,3095.43,82.09,47.46,248.7,34,1.202,5.0,68.38
1213,2024-12-01,2024,12,Community Outreach,Community,Active,Northeast,PA,214,263,81.37,12807.41,8082.4,4725.01,63.11,37.77,180.5,17,1.186,4.64,70.05
583,2023-06-01,2023,6,Housing Support,Basic Needs,Active,Midwest,MI,184,200,92.0,13752.54,9623.64,4128.9,69.98,52.3,184.6,21,0.997,4.1,64.23
1388,2025-05-01,2025,5,Job Training,Economic Empowerment,Paused,West,WA,205,233,87.98,12545.42,9536.19,3009.23,76.01,46.52,133.4,19,1.537,3.97,73.89
1038,2024-07-01,2024,7,Education Support,Education,Active,Midwest,OH,575,588,97.79,30917.07,27307.99,3609.08,88.33,47.49,539.5,65,1.066,4.2,81.11
421,2023-01-01,2023,1,Community Outreach,Community,Paused,West,AZ,120,94,127.66,9704.68,6254.23,3450.45,64.45,52.12,115.1,8,1.043,4.14,71.42
702,2023-09-01,2023,9,Job Training,Economic Empowerment,Active,South,FL,229,263,87.07,14228.31,13611.53,616.78,95.67,59.44,233.6,24,0.98,4.18,51.57
71,2022-03-01,2022,3,Healthcare Access,Health,Active,South,FL,434,512,84.77,20832.76,15570.35,5262.41,74.74,35.88,398.6,47,1.089,3.53,66.94
276,2022-09-01,2022,9,Job Training,Economic Empowerment,Active,Midwest,IL,235,272,86.4,15023.04,9775.08,5247.96,65.07,41.6,160.2,15,1.467,5.0,74.84
1365,2025-05-01,2025,5,Community Outreach,Community,Completed,Midwest,IL,173,161,107.45,10426.07,8113.64,2312.43,77.82,46.9,114.6,14,1.51,3.92,67.71
362,2022-11-01,2022,11,Healthcare Access,Health,Completed,Midwest,OH,277,297,93.27,15914.9,9022.85,6892.05,56.69,32.57,281.1,28,0.985,4.68,99.0
708,2023-09-01,2023,9,Food Assistance,Basic Needs,Active,South,FL,499,627,79.59,28948.69,20636.04,8312.65,71.28,41.35,295.0,41,1.692,4.5,66.17
414,2023-01-01,2023,1,Community Outreach,Community,Completed,Northeast,PA,257,290,88.62,14673.96,11976.39,2697.57,81.62,46.6,294.5,31,0.873,3.85,73.6
721,2023-10-01,2023,10,Housing Support,Basic Needs,Active,South,TX,215,194,110.82,13387.88,8561.8,4826.08,63.95,39.82,156.7,18,1.372,4.63,67.36
1567,2025-11-01,2025,11,Housing Support,Basic Needs,Active,Northeast,PA,274,288,95.14,18055.76,13077.28,4978.48,72.43,47.73,293.3,24,0.934,4.04,55.73
1118,2024-09-01,2024,9,Youth Development,Education,Completed,Northeast,MA,321,360,89.17,13903.42,10631.58,3271.84,76.47,33.12,507.8,36,0.632,4.48,84.78
30,2022-01-01,2022,1,Youth Development,Education,Active,Midwest,MI,288,395,72.91,17149.53,14463.78,2685.75,84.34,50.22,119.6,12,2.408,4.25,88.82
495,2023-03-01,2023,3,Community Outreach,Community,Completed,Midwest,OH,297,286,103.85,17874.51,12849.3,5025.21,71.89,43.26,213.6,24,1.39,4.88,71.49
186,2022-06-01,2022,6,Education Support,Education,Active,South,GA,397,520,76.35,23391.59,17310.63,6080.96,74.0,43.6,414.1,35,0.959,3.88,65.91
412,2023-01-01,2023,1,Youth Development,Education,Active,South,GA,287,362,79.28,16295.04,8656.24,7638.8,53.12,30.16,331.0,32,0.867,4.0,73.4
1437,2025-07-01,2025,7,Youth Development,Education,Active,Midwest,MI,353,328,107.62,16929.65,13510.65,3419.0,79.8,38.27,395.1,31,0.893,5.0,81.54
31,2022-01-01,2022,1,Education Support,Education,Active,Midwest,IL,327,368,88.86,18634.42,16148.13,2486.29,86.66,49.38,164.6,19,1.987,4.31,74.77
343,2022-11-01,2022,11,Job Training,Economic Empowerment,Active,West,WA,187,240,77.92,11247.91,9733.92,1513.99,86.54,52.05,181.2,17,1.032,4.43,76.47
860,2024-02-01,2024,2,Community Outreach,Community,Active,Northeast,NY,152,129,117.83,10305.19,7111.82,3193.37,69.01,46.79,107.3,14,1.417,4.24,56.98
1177,2024-11-01,2024,11,Healthcare Access,Health,Active,Midwest,MI,357,373,95.71,18445.64,12713.98,5731.66,68.93,35.61,288.6,34,1.237,3.9,67.86
434,2023-01-01,2023,1,Food Assistance,Basic Needs,Active,South,GA,429,424,101.18,29478.44,23382.09,6096.35,79.32,54.5,286.5,32,1.497,4.45,77.35
947,2024-04-01,2024,4,Community Outreach,Community,Completed,West,WA,239,212,112.74,16495.85,12915.92,3579.93,78.3,54.04,224.6,17,1.064,4.05,58.81
553,2023-05-01,2023,5,Housing Support,Basic Needs,Active,Midwest,OH,186,186,100.0,16031.16,8948.03,7083.13,55.82,48.11,142.5,21,1.305,4.92,75.57
304,2022-09-01,2022,9,Food Assistance,Basic Needs,Active,West,AZ,302,343,88.05,16429.41,12712.76,3716.65,77.38,42.1,277.3,32,1.089,4.75,69.84
901,2024-03-01,2024,3,Healthcare Access,Health,Completed,West,WA,395,463,85.31,23545.35,16378.49,7166.86,69.56,41.46,187.9,19,2.102,4.58,86.92
1360,2025-04-01,2025,4,Education Support,Education,Active,West,WA,598,755,79.21,31348.5,18340.16,13008.34,58.5,30.67,693.6,58,0.862,3.92,72.91
1614,2025-12-01,2025,12,Job Training,Economic Empowerment,Active,South,FL,139,145,95.86,11044.83,7275.52,3769.31,65.87,52.34,124.9,13,1.113,4.48,66.35
484,2023-03-01,2023,3,Community Outreach,Community,Active,West,WA,170,187,90.91,11971.6,11317.5,654.1,94.54,66.57,179.9,15,0.945,3.75,71.26
395,2022-12-01,2022,12,Food Assistance,Basic Needs,Active,South,GA,199,178,111.8,12013.9,7411.04,4602.86,61.69,37.24,107.5,11,1.851,5.0,80.51
1230,2025-01-01,2025,1,Education Support,Education,Active,South,GA,421,579,72.71,24742.42,21908.47,2833.95,88.55,52.04,546.5,44,0.77,4.07,70.22
66,2022-02-01,2022,2,Youth Development,Education,Paused,West,AZ,239,227,105.29,12313.4,10307.05,2006.35,83.71,43.13,79.8,16,2.995,3.82,82.38
1152,2024-10-01,2024,10,Community Outreach,Community,Active,Northeast,NY,206,171,120.47,11952.36,8218.12,3734.24,68.76,39.89,238.3,22,0.864,4.1,79.62
271,2022-08-01,2022,8,Youth Development,Education,Paused,South,TX,222,250,88.8,11836.71,10582.19,1254.52,89.4,47.67,181.0,26,1.227,4.18,71.94
189,2022-06-01,2022,6,Housing Support,Basic Needs,Completed,South,TX,187,216,86.57,13086.45,11457.59,1628.86,87.55,61.27,211.1,16,0.886,3.84,66.45
1540,2025-10-01,2025,10,Youth Development,Education,Active,Northeast,PA,239,237,100.84,15578.75,13324.84,2253.91,85.53,55.75,305.8,29,0.782,5.0,80.04
24,2022-01-01,2022,1,Community Outreach,Community,Paused,Midwest,MI,184,206,89.32,10883.87,8410.15,2473.72,77.27,45.71,68.6,12,2.682,4.18,76.85
1538,2025-10-01,2025,10,Food Assistance,Basic Needs,Paused,Northeast,MA,429,400,107.25,26771.27,22605.84,4165.43,84.44,52.69,353.7,38,1.213,5.0,81.24
33,2022-01-01,2022,1,Youth Development,Education,Active,West,CA,348,389,89.46,20889.03,17911.58,2977.45,85.75,51.47,205.7,22,1.692,3.09,73.8
622,2023-07-01,2023,7,Healthcare Access,Health,Active,South,GA,342,438,78.08,17489.16,13499.8,3989.36,77.19,39.47,90.0,21,3.8,3.79,64.01
965,2024-05-01,2024,5,Job Training,Economic Empowerment,Active,Midwest,MI,244,304,80.26,14663.55,12416.43,2247.12,84.68,50.89,211.6,17,1.153,4.27,62.11
603,2023-06-01,2023,6,Youth Development,Education,Paused,Northeast,NY,353,404,87.38,21654.35,16285.14,5369.21,75.2,46.13,253.1,28,1.395,4.17,81.89
694,2023-09-01,2023,9,Food Assistance,Basic Needs,Active,South,FL,317,430,73.72,22884.06,18922.78,3961.28,82.69,59.69,294.9,23,1.075,4.05,81.25
272,2022-08-01,2022,8,Youth Development,Education,Active,Northeast,MA,273,327,83.49,17450.43,10947.86,6502.57,62.74,40.1,207.5,21,1.316,4.17,98.72
482,2023-03-01,2023,3,Community Outreach,Community,Active,Northeast,NY,161,156,103.21,12484.12,10353.9,2130.22,82.94,64.31,121.2,18,1.328,4.22,68.79
1327,2025-04-01,2025,4,Education Support,Education,Completed,South,GA,549,560,98.04,33587.22,29967.2,3620.02,89.22,54.59,483.6,62,1.135,4.44,82.36
627,2023-07-01,2023,7,Food Assistance,Basic Needs,Active,Midwest,MI,382,493,77.48,22438.13,19147.68,3290.45,85.34,50.12,285.0,32,1.34,4.53,73.91
452,2023-02-01,2023,2,Youth Development,Education,Active,Midwest,OH,249,263,94.68,14392.93,11386.78,3006.15,79.11,45.73,209.8,20,1.187,4.86,87.88
768,2023-11-01,2023,11,Community Outreach,Community,Active,Midwest,MI,192,203,94.58,13254.66,11605.52,1649.14,87.56,60.45,216.6,14,0.886,4.37,75.47
298,2022-09-01,2022,9,Food Assistance,Basic Needs,Active,South,FL,309,305,101.31,21211.28,17096.89,4114.39,80.6,55.33,142.1,20,2.175,4.65,77.61
944,2024-04-01,2024,4,Education Support,Education,Paused,West,AZ,583,613,95.11,31061.16,21181.27,9879.89,68.19,36.33,794.6,58,0.734,4.67,95.34
60,2022-02-01,2022,2,Education Support,Education,Active,South,FL,339,440,77.05,16358.15,12351.98,4006.17,75.51,36.44,328.9,32,1.031,5.0,88.96
163,2022-05-01,2022,5,Healthcare Access,Health,Active,Midwest,MI,354,386,91.71,22026.7,17889.42,4137.28,81.22,50.54,299.5,25,1.182,4.37,68.95
70,2022-03-01,2022,3,Community Outreach,Community,Active,Midwest,OH,230,253,90.91,14377.19,10622.04,3755.15,73.88,46.18,143.1,17,1.607,4.56,66.63
260,2022-08-01,2022,8,Job Training,Economic Empowerment,Active,Northeast,MA,192,184,104.35,11692.47,8750.56,2941.91,74.84,45.58,225.2,18,0.853,4.35,68.4
807,2023-12-01,2023,12,Youth Development,Education,Active,Northeast,PA,197,199,98.99,10401.32,9122.14,1279.18,87.7,46.31,95.4,12,2.065,3.87,73.97
1064,2024-08-01,2024,8,Housing Support,Basic Needs,Completed,Midwest,OH,157,190,82.63,10770.28,7498.08,3272.2,69.62,47.76,120.8,11,1.3,4.35,72.68
1375,2025-05-01,2025,5,Housing Support,Basic Needs,Active,Midwest,IL,225,192,117.19,15695.54,12621.42,3074.12,80.41,56.1,249.0,20,0.904,4.71,65.72
1371,2025-05-01,2025,5,Healthcare Access,Health,Active,West,CA,154,144,106.94,10893.17,8814.38,2078.79,80.92,57.24,127.0,14,1.213,4.74,66.79
665,2023-08-01,2023,8,Community Outreach,Community,Completed,West,WA,145,138,105.07,9109.94,6868.61,2241.33,75.4,47.37,71.6,8,2.025,4.29,74.32
1245,2025-01-01,2025,1,Job Training,Economic Empowerment,Active,Midwest,MI,195,212,91.98,13777.55,11706.85,2070.7,84.97,60.04,124.4,18,1.568,4.7,75.41
125,2022-04-01,2022,4,Housing Support,Basic Needs,Completed,Northeast,PA,194,175,110.86,14016.48,10538.85,3477.63,75.19,54.32,255.3,23,0.76,4.09,72.58
1517,2025-09-01,2025,9,Education Support,Education,Active,South,GA,466,626,74.44,27978.65,22699.76,5278.89,81.13,48.71,302.3,29,1.542,4.35,83.47
1186,2024-11-01,2024,11,Job Training,Economic Empowerment,Active,Northeast,NY,233,195,119.49,15344.41,12390.61,2953.8,80.75,53.18,152.9,12,1.524,4.34,81.56
1005,2024-06-01,2024,6,Education Support,Education,Paused,West,WA,586,587,99.83,30112.11,29465.85,646.26,97.85,50.28,179.7,30,3.261,4.48,98.03
79,2022-03-01,2022,3,Community Outreach,Community,Active,Northeast,MA,223,201,110.95,15286.87,11731.47,3555.4,76.74,52.61,232.5,19,0.959,3.62,82.24
100,2022-03-01,2022,3,Housing Support,Basic Needs,Active,Northeast,PA,199,177,112.43,15575.93,13789.61,1786.32,88.53,69.29,179.3,16,1.11,4.36,68.24
290,2022-09-01,2022,9,Housing Support,Basic Needs,Active,South,GA,203,233,87.12,12653.16,10402.91,2250.25,82.22,51.25,159.1,20,1.276,4.1,59.2
1332,2025-04-01,2025,4,Job Training,Economic Empowerment,Active,Midwest,MI,207,211,98.1,15868.24,12750.01,3118.23,80.35,61.59,85.4,16,2.424,4.03,83.64
1406,2025-06-01,2025,6,Job Training,Economic Empowerment,Active,Northeast,NY,273,272,100.37,15017.01,12054.65,2962.36,80.27,44.16,279.0,30,0.978,4.5,71.23
479,2023-03-01,2023,3,Community Outreach,Community,Paused,South,FL,200,175,114.29,11282.79,9350.68,1932.11,82.88,46.75,235.4,22,0.85,4.29,65.77
1102,2024-09-01,2024,9,Education Support,Education,Active,West,AZ,456,489,93.25,23506.05,19112.26,4393.79,81.31,41.91,437.3,39,1.043,4.66,80.53
1237,2025-01-01,2025,1,Community Outreach,Community,Paused,Midwest,OH,198,245,80.82,14709.5,12820.54,1888.96,87.16,64.75,134.4,15,1.473,4.32,63.77
1098,2024-09-01,2024,9,Healthcare Access,Health,Active,Midwest,IL,334,409,81.66,17630.65,13449.55,4181.1,76.29,40.27,273.5,23,1.221,4.98,65.68
1030,2024-07-01,2024,7,Education Support,Education,Paused,South,FL,238,288,82.64,14416.05,12380.92,2035.13,85.88,52.02,168.8,24,1.41,5.0,72.28
963,2024-05-01,2024,5,Job Training,Economic Empowerment,Active,West,WA,242,270,89.63,18196.67,15741.42,2455.25,86.51,65.05,167.9,25,1.441,4.11,79.96
523,2023-04-01,2023,4,Youth Development,Education,Completed,Northeast,NY,359,475,75.58,18979.41,14153.18,4826.23,74.57,39.42,263.3,32,1.363,4.17,77.32
496,2023-03-01,2023,3,Food Assistance,Basic Needs,Active,West,CA,553,585,94.53,25995.01,22274.7,3720.31,85.69,40.28,405.9,39,1.362,4.63,62.88
1139,2024-10-01,2024,10,Youth Development,Education,Active,Midwest,OH,246,286,86.01,14103.91,11633.02,2470.89,82.48,47.29,216.6,28,1.136,5.0,86.32
1215,2024-12-01,2024,12,Community Outreach,Community,Active,South,FL,144,161,89.44,9630.89,7448.37,2182.52,77.34,51.72,88.9,13,1.62,4.65,65.09
1334,2025-04-01,2025,4,Community Outreach,Community,Paused,South,FL,254,299,84.95,16326.73,14228.53,2098.2,87.15,56.02,176.0,22,1.443,4.73,69.52
169,2022-05-01,2022,5,Community Outreach,Community,Completed,West,WA,170,113,150.44,13278.23,11597.63,1680.6,87.34,68.22,80.4,9,2.114,3.85,55.58
1034,2024-07-01,2024,7,Community Outreach,Community,Active,Midwest,OH,109,128,85.16,7154.67,4816.72,2337.95,67.32,44.19,80.4,7,1.356,3.72,78.46
345,2022-11-01,2022,11,Food Assistance,Basic Needs,Active,Midwest,MI,373,388,96.13,21932.75,16116.93,5815.82,73.48,43.21,250.9,33,1.487,3.98,82.98
746,2023-10-01,2023,10,Community Outreach,Community,Active,South,TX,177,187,94.65,9095.65,5843.49,3252.16,64.24,33.01,196.3,20,0.902,4.76,79.79
1313,2025-03-01,2025,3,Youth Development,Education,Active,West,CA,298,369,80.76,16180.88,12840.32,3340.56,79.35,43.09,436.4,34,0.683,4.9,82.6
1527,2025-09-01,2025,9,Food Assistance,Basic Needs,Active,Midwest,OH,523,440,118.86,34695.6,27040.59,7655.01,77.94,51.7,251.5,20,2.08,5.0,74.53
1182,2024-11-01,2024,11,Education Support,Education,Active,West,WA,411,421,97.62,21244.4,17453.98,3790.42,82.16,42.47,292.2,29,1.407,4.87,74.14
679,2023-08-01,2023,8,Healthcare Access,Health,Active,South,TX,309,369,83.74,19585.84,13372.73,6213.11,68.28,43.28,106.4,21,2.904,4.14,70.06
652,2023-08-01,2023,8,Housing Support,Basic Needs,Completed,Midwest,IL,165,176,93.75,10858.21,7298.33,3559.88,67.21,44.23,136.5,13,1.209,4.51,72.03
1348,2025-04-01,2025,4,Youth Development,Education,Paused,West,WA,275,305,90.16,15650.41,12324.52,3325.89,78.75,44.82,86.8,16,3.168,4.21,88.46
1277,2025-02-01,2025,2,Housing Support,Basic Needs,Active,South,FL,253,254,99.61,18222.54,14947.07,3275.47,82.03,59.08,230.5,25,1.098,3.49,60.28
1335,2025-04-01,2025,4,Food Assistance,Basic Needs,Active,West,AZ,441,365,120.82,28619.91,20863.08,7756.83,72.9,47.31,467.4,47,0.944,4.25,84.44
50,2022-02-01,2022,2,Healthcare Access,Health,Active,Northeast,NY,303,372,81.45,14910.84,10930.88,3979.96,73.31,36.08,180.4,14,1.68,4.4,84.9
1146,2024-10-01,2024,10,Healthcare Access,Health,Active,Midwest,MI,283,326,86.81,17212.91,15264.4,1948.51,88.68,53.94,270.9,29,1.045,3.89,67.01
562,2023-05-01,2023,5,Community Outreach,Community,Paused,Northeast,NY,221,245,90.2,14189.68,9709.19,4480.49,68.42,43.93,133.7,16,1.653,4.77,83.42
598,2023-06-01,2023,6,Community Outreach,Community,Active,Midwest,IL,207,183,113.11,11613.12,5369.09,6244.03,46.23,25.94,184.1,18,1.124,3.62,62.17
597,2023-06-01,2023,6,Youth Development,Education,Active,Midwest,IL,414,436,94.95,20737.91,14154.02,6583.89,68.25,34.19,381.9,40,1.084,3.5,88.26
621,2023-07-01,2023,7,Food Assistance,Basic Needs,Active,Midwest,MI,370,382,96.86,24371.77,19763.18,4608.59,81.09,53.41,231.7,26,1.597,4.07,86.95
1035,2024-07-01,2024,7,Education Support,Education,Active,Midwest,MI,350,308,113.64,20626.39,16868.36,3758.03,81.78,48.2,538.3,47,0.65,4.13,89.08
1112,2024-09-01,2024,9,Community Outreach,Community,Active,Northeast,PA,168,169,99.41,11136.61,9277.76,1858.85,83.31,55.22,74.9,11,2.243,3.87,86.37
1278,2025-02-01,2025,2,Housing Support,Basic Needs,Completed,West,WA,214,263,81.37,21125.0,17578.6,3546.4,83.21,82.14,216.1,24,0.99,3.42,71.44
561,2023-05-01,2023,5,Food Assistance,Basic Needs,Active,Midwest,IL,402,371,108.36,22432.38,18738.64,3693.74,83.53,46.61,181.9,33,2.21,4.68,73.38
262,2022-08-01,2022,8,Healthcare Access,Health,Active,Northeast,MA,296,325,91.08,15099.81,12231.56,2868.25,81.0,41.32,192.9,29,1.534,4.92,74.39
744,2023-10-01,2023,10,Youth Development,Education,Active,West,AZ,349,335,104.18,17398.6,15599.44,1799.16,89.66,44.7,98.0,17,3.561,4.61,82.2
136,2022-04-01,2022,4,Housing Support,Basic Needs,Paused,South,FL,199,199,100.0,13748.54,13579.08,169.46,98.77,68.24,190.4,18,1.045,4.82,69.91
1387,2025-05-01,2025,5,Housing Support,Basic Needs,Completed,Northeast,NY,149,167,89.22,8253.41,6709.87,1543.54,81.3,45.03,118.9,12,1.253,4.08,72.93
1145,2024-10-01,2024,10,Youth Development,Education,Completed,Northeast,NY,394,396,99.49,20240.02,14850.39,5389.63,73.37,37.69,382.7,35,1.03,5.0,91.53
1522,2025-09-01,2025,9,Food Assistance,Basic Needs,Active,Midwest,IL,485,693,69.99,27738.99,22665.12,5073.87,81.71,46.73,162.9,20,2.977,3.62,75.36
1001,2024-06-01,2024,6,Housing Support,Basic Needs,Active,West,AZ,221,226,97.79,15566.91,13254.8,2312.11,85.15,59.98,262.2,24,0.843,4.4,79.98
728,2023-10-01,2023,10,Housing Support,Basic Needs,Active,South,FL,175,151,115.89,11364.27,8562.71,2801.56,75.35,48.93,152.6,15,1.147,4.44,77.58
808,2023-12-01,2023,12,Food Assistance,Basic Needs,Completed,West,CA,416,393,105.85,21425.61,16978.03,4447.58,79.24,40.81,196.1,31,2.121,4.42,82.79
74,2022-03-01,2022,3,Youth Development,Education,Paused,South,GA,345,338,102.07,18403.35,12790.62,5612.73,69.5,37.07,257.6,35,1.339,4.58,78.18
110,2022-04-01,2022,4,Housing Support,Basic Needs,Paused,Midwest,OH,152,159,95.6,11027.12,10580.03,447.09,95.95,69.61,110.7,11,1.373,4.34,77.51
491,2023-03-01,2023,3,Job Training,Economic Empowerment,Active,West,CA,328,327,100.31,19968.24,12357.21,7611.03,61.88,37.67,225.1,26,1.457,4.84,75.7
451,2023-02-01,2023,2,Food Assistance,Basic Needs,Active,Midwest,OH,399,542,73.62,25187.05,19647.62,5539.43,78.01,49.24,300.9,40,1.326,4.14,86.66
382,2022-12-01,2022,12,Job Training,Economic Empowerment,Active,Northeast,MA,248,209,118.66,13565.01,9618.35,3946.66,70.91,38.78,143.3,19,1.731,5.0,65.15
775,2023-11-01,2023,11,Job Training,Economic Empowerment,Active,Midwest,MI,203,131,154.96,11359.71,8690.8,2668.91,76.51,42.81,91.4,11,2.221,4.27,69.13
931,2024-04-01,2024,4,Education Support,Education,Active,South,GA,816,868,94.01,34380.37,29526.56,4853.81,85.88,36.18,503.8,38,1.62,4.87,76.13
252,2022-08-01,2022,8,Community Outreach,Community,Paused,Northeast,PA,191,154,124.03,11035.28,7765.83,3269.45,70.37,40.66,93.0,13,2.054,4.75,68.45
1161,2024-11-01,2024,11,Food Assistance,Basic Needs,Completed,South,GA,588,543,108.29,33486.71,28470.5,5016.21,85.02,48.42,163.0,51,3.607,4.68,81.13
1595,2025-11-01,2025,11,Housing Support,Basic Needs,Active,Northeast,NY,194,153,126.8,12520.72,9266.5,3254.22,74.01,47.77,133.9,18,1.449,4.62,65.85
52,2022-02-01,2022,2,Youth Development,Education,Active,South,FL,348,403,86.35,17984.12,12005.04,5979.08,66.75,34.5,228.5,18,1.523,4.7,76.01
204,2022-06-01,2022,6,Youth Development,Education,Completed,West,CA,446,438,101.83,21662.54,19671.78,1990.76,90.81,44.11,442.0,38,1.009,4.77,75.23
77,2022-03-01,2022,3,Youth Development,Education,Active,South,TX,260,299,86.96,12114.58,9382.03,2732.55,77.44,36.08,153.8,23,1.691,5.0,83.03
1291,2025-02-01,2025,2,Youth Development,Education,Paused,Northeast,NY,446,538,82.9,22817.79,17169.29,5648.5,75.25,38.5,242.4,39,1.84,4.61,85.98
1023,2024-07-01,2024,7,Housing Support,Basic Needs,Paused,South,TX,343,399,85.96,19161.84,14462.16,4699.68,75.47,42.16,51.2,5,6.699,4.35,69.12
352,2022-11-01,2022,11,Community Outreach,Community,Active,West,WA,174,180,96.67,11950.54,8561.9,3388.64,71.64,49.21,182.6,21,0.953,5.0,76.51
1572,2025-11-01,2025,11,Community Outreach,Community,Completed,Midwest,MI,130,116,112.07,8893.53,7174.53,1719.0,80.67,55.19,64.2,12,2.025,4.72,61.1
515,2023-04-01,2023,4,Community Outreach,Community,Completed,Northeast,MA,206,267,77.15,16230.27,12054.75,4175.52,74.27,58.52,76.4,16,2.696,4.18,61.68
406,2022-12-01,2022,12,Community Outreach,Community,Active,Northeast,MA,226,181,124.86,10824.3,9588.95,1235.35,88.59,42.43,205.7,18,1.099,4.58,64.13
124,2022-04-01,2022,4,Food Assistance,Basic Needs,Active,Northeast,MA,408,520,78.46,27364.63,23745.28,3619.35,86.77,58.2,306.2,32,1.332,4.59,61.67
519,2023-04-01,2023,4,Food Assistance,Basic Needs,Completed,South,TX,255,283,90.11,21487.61,16556.58,4931.03,77.05,64.93,192.1,19,1.327,4.46,87.02
1111,2024-09-01,2024,9,Housing Support,Basic Needs,Paused,South,FL,125,150,83.33,8623.27,6392.49,2230.78,74.13,51.14,158.6,15,0.788,4.44,66.97
1281,2025-02-01,2025,2,Youth Development,Education,Active,West,CA,478,468,102.14,28450.76,23658.69,4792.07,83.16,49.5,459.2,56,1.041,3.95,87.05
439,2023-01-01,2023,1,Community Outreach,Community,Active,Midwest,OH,145,159,91.19,11141.02,8622.03,2518.99,77.39,59.46,114.3,14,1.269,4.93,62.99
240,2022-08-01,2022,8,Youth Development,Education,Paused,Northeast,MA,319,249,128.11,16496.47,11972.02,4524.45,72.57,37.53,166.9,21,1.911,4.47,78.22
1535,2025-10-01,2025,10,Job Training,Economic Empowerment,Active,South,TX,190,205,92.68,13857.59,12232.2,1625.39,88.27,64.38,152.6,15,1.245,4.53,62.37
1104,2024-09-01,2024,9,Housing Support,Basic Needs,Paused,Northeast,MA,206,183,112.57,16335.64,13290.43,3045.21,81.36,64.52,121.4,19,1.697,4.18,63.15
556,2023-05-01,2023,5,Food Assistance,Basic Needs,Completed,West,CA,384,435,88.28,21596.96,18314.72,3282.24,84.8,47.69,129.1,17,2.974,4.1,78.8
889,2024-03-01,2024,3,Youth Development,Education,Active,Midwest,MI,400,304,131.58,23027.31,17617.37,5409.94,76.51,44.04,145.4,14,2.751,4.11,83.31
856,2024-02-01,2024,2,Food Assistance,Basic Needs,Active,South,FL,454,604,75.17,28125.99,19545.08,8580.91,69.49,43.05,646.2,61,0.703,4.53,81.81
241,2022-08-01,2022,8,Housing Support,Basic Needs,Active,Midwest,IL,131,116,112.93,7937.7,6381.31,1556.39,80.39,48.71,122.4,17,1.07,3.21,65.71
68,2022-02-01,2022,2,Healthcare Access,Health,Paused,South,GA,263,316,83.23,16529.68,11939.57,4590.11,72.23,45.4,173.6,26,1.515,4.69,86.53
918,2024-03-01,2024,3,Youth Development,Education,Active,South,TX,296,312,94.87,20535.09,18503.5,2031.59,90.11,62.51,221.1,21,1.339,4.93,74.72
384,2022-12-01,2022,12,Job Training,Economic Empowerment,Paused,South,FL,152,200,76.0,9165.18,7165.71,1999.47,78.18,47.14,216.6,13,0.702,3.84,85.62
1162,2024-11-01,2024,11,Job Training,Economic Empowerment,Paused,South,TX,247,234,105.56,13935.49,11338.61,2596.88,81.36,45.91,136.7,13,1.807,5.0,64.04
781,2023-11-01,2023,11,Community Outreach,Community,Active,Northeast,NY,147,184,79.89,10648.93,9295.38,1353.55,87.29,63.23,107.4,10,1.369,4.62,75.14
1359,2025-04-01,2025,4,Youth Development,Education,Completed,West,WA,464,500,92.8,21630.91,15153.19,6477.72,70.05,32.66,351.6,32,1.32,5.0,84.26
980,2024-05-01,2024,5,Youth Development,Education,Active,Midwest,IL,388,420,92.38,22011.6,15353.86,6657.74,69.75,39.57,353.6,38,1.097,4.42,79.11
1439,2025-07-01,2025,7,Education Support,Education,Paused,West,AZ,588,714,82.35,32561.16,24252.66,8308.5,74.48,41.25,777.8,64,0.756,4.97,80.75
1192,2024-12-01,2024,12,Education Support,Education,Active,Northeast,NY,432,506,85.38,24770.99,22373.97,2397.02,90.32,51.79,176.2,22,2.452,4.89,76.26
238,2022-07-01,2022,7,Healthcare Access,Health,Active,West,WA,324,367,88.28,16303.43,12234.94,4068.49,75.05,37.76,277.3,32,1.168,4.98,77.96
245,2022-08-01,2022,8,Job Training,Economic Empowerment,Active,South,TX,142,136,104.41,9632.51,8837.28,795.23,91.74,62.23,104.1,6,1.364,4.88,73.79
998,2024-06-01,2024,6,Healthcare Access,Health,Active,West,WA,311,331,93.96,17167.2,10445.03,6722.17,60.84,33.59,164.8,20,1.887,4.42,90.11
675,2023-08-01,2023,8,Housing Support,Basic Needs,Active,West,CA,209,175,119.43,13563.9,11669.23,1894.67,86.03,55.83,204.0,18,1.025,3.5,70.49
818,2024-01-01,2024,1,Housing Support,Basic Needs,Completed,Northeast,MA,223,217,102.76,13628.43,9235.64,4392.79,67.77,41.42,56.3,20,3.961,3.56,66.58
1531,2025-10-01,2025,10,Job Training,Economic Empowerment,Active,Northeast,PA,186,213,87.32,11479.61,10010.8,1468.81,87.21,53.82,371.0,22,0.501,4.52,66.7
757,2023-11-01,2023,11,Food Assistance,Basic Needs,Active,Midwest,IL,305,383,79.63,19595.59,17283.38,2312.21,88.2,56.67,267.6,23,1.14,4.65,90.0
185,2022-06-01,2022,6,Housing Support,Basic Needs,Active,South,FL,199,186,106.99,13174.34,11130.05,2044.29,84.48,55.93,168.8,16,1.179,3.95,64.5
1114,2024-09-01,2024,9,Education Support,Education,Active,South,GA,322,374,86.1,19962.11,12500.86,7461.25,62.62,38.82,347.5,31,0.927,4.12,73.44
880,2024-02-01,2024,2,Education Support,Education,Paused,Midwest,IL,446,576,77.43,28444.04,25667.72,2776.32,90.24,57.55,164.9,23,2.705,4.44,73.74
1094,2024-09-01,2024,9,Community Outreach,Community,Active,Midwest,OH,220,228,96.49,15438.28,11621.28,3817.0,75.28,52.82,78.5,9,2.803,4.78,74.32
333,2022-10-01,2022,10,Community Outreach,Community,Active,Midwest,MI,136,146,93.15,7925.81,6620.62,1305.19,83.53,48.68,58.1,8,2.341,4.65,62.41
1428,2025-06-01,2025,6,Education Support,Education,Active,South,TX,426,428,99.53,25508.27,22043.31,3464.96,86.42,51.74,407.9,37,1.044,4.42,77.26
1417,2025-06-01,2025,6,Food Assistance,Basic Needs,Paused,Midwest,MI,438,483,90.68,26766.39,21793.46,4972.93,81.42,49.76,502.3,41,0.872,3.85,70.2
1050,2024-07-01,2024,7,Community Outreach,Community,Completed,Midwest,IL,228,211,108.06,15273.88,13281.85,1992.03,86.96,58.25,228.2,23,0.999,4.68,69.7
1158,2024-11-01,2024,11,Housing Support,Basic Needs,Active,Midwest,OH,166,243,68.31,12638.66,9540.22,3098.44,75.48,57.47,92.6,7,1.793,4.63,61.87
1031,2024-07-01,2024,7,Food Assistance,Basic Needs,Active,Northeast,MA,499,511,97.65,28834.24,26350.44,2483.8,91.39,52.81,208.3,34,2.396,4.5,74.8
213,2022-07-01,2022,7,Education Support,Education,Active,South,FL,263,296,88.85,16124.13,12866.38,3257.75,79.8,48.92,257.4,24,1.022,4.81,88.88
671,2023-08-01,2023,8,Youth Development,Education,Completed,Northeast,MA,293,310,94.52,15847.73,10891.27,4956.46,68.72,37.17,132.4,23,2.213,5.0,79.57
1180,2024-11-01,2024,11,Healthcare Access,Health,Active,Northeast,MA,290,372,77.96,18829.68,12013.57,6816.11,63.8,41.43,230.7,25,1.257,4.82,74.17
354,2022-11-01,2022,11,Youth Development,Education,Paused,West,CA,335,414,80.92,15244.83,11796.44,3448.39,77.38,35.21,300.4,35,1.115,3.78,74.6
833,2024-01-01,2024,1,Housing Support,Basic Needs,Active,South,FL,227,235,96.6,12686.23,10274.69,2411.54,80.99,45.26,182.3,23,1.245,4.74,46.34
498,2023-03-01,2023,3,Community Outreach,Community,Active,West,AZ,256,291,87.97,13999.55,9450.18,4549.37,67.5,36.91,394.4,29,0.649,5.0,61.01
487,2023-03-01,2023,3,Youth Development,Education,Active,Northeast,PA,396,457,86.65,19741.15,16548.16,3192.99,83.83,41.79,123.0,26,3.22,4.37,90.01
1626,2025-12-01,2025,12,Community Outreach,Community,Active,Northeast,MA,222,179,124.02,13420.29,9233.3,4186.99,68.8,41.59,131.1,18,1.693,4.01,67.2
248,2022-08-01,2022,8,Job Training,Economic Empowerment,Paused,Northeast,MA,247,231,106.93,13837.5,11356.51,2480.99,82.07,45.98,96.8,16,2.552,4.13,78.9
1076,2024-08-01,2024,8,Job Training,Economic Empowerment,Active,West,WA,181,260,69.62,12427.01,10213.83,2213.18,82.19,56.43,209.9,17,0.862,3.77,86.02
632,2023-07-01,2023,7,Community Outreach,Community,Active,Midwest,OH,203,235,86.38,13318.4,10856.05,2462.35,81.51,53.48,158.8,18,1.278,3.83,61.03
1396,2025-06-01,2025,6,Healthcare Access,Health,Paused,West,CA,407,309,131.72,27643.34,28084.57,-441.23,101.6,69.0,528.5,53,0.77,3.88,82.71
1019,2024-06-01,2024,6,Education Support,Education,Active,Midwest,MI,509,582,87.46,28699.38,27162.94,1536.44,94.65,53.37,364.6,45,1.396,4.73,75.65
1353,2025-04-01,2025,4,Youth Development,Education,Paused,South,TX,414,434,95.39,22204.89,21106.55,1098.34,95.05,50.98,242.8,26,1.705,3.84,84.98
351,2022-11-01,2022,11,Job Training,Economic Empowerment,Active,Northeast,NY,262,289,90.66,12366.09,8403.93,3962.16,67.96,32.08,106.2,21,2.467,4.37,65.34
812,2023-12-01,2023,12,Job Training,Economic Empowerment,Active,South,GA,271,289,93.77,14593.33,10059.7,4533.63,68.93,37.12,312.4,28,0.867,3.95,75.05
1593,2025-11-01,2025,11,Job Training,Economic Empowerment,Paused,Midwest,IL,189,263,71.86,12786.37,11175.76,1610.61,87.4,59.13,132.6,10,1.425,4.94,69.75
1488,2025-08-01,2025,8,Healthcare Access,Health,Completed,Midwest,IL,330,262,125.95,19171.49,16942.18,2229.31,88.37,51.34,204.6,32,1.613,3.43,67.18
1590,2025-11-01,2025,11,Housing Support,Basic Needs,Paused,Northeast,MA,259,278,93.17,15546.74,12268.35,3278.39,78.91,47.37,123.5,21,2.097,5.0,60.47
591,2023-06-01,2023,6,Housing Support,Basic Needs,Completed,South,TX,276,291,94.85,17223.18,12911.25,4311.93,74.96,46.78,36.2,23,7.624,4.45,64.09
819,2024-01-01,2024,1,Youth Development,Education,Active,South,GA,349,284,122.89,20024.41,13981.26,6043.15,69.82,40.06,350.5,32,0.996,4.54,91.25
1085,2024-08-01,2024,8,Healthcare Access,Health,Paused,West,CA,359,359,100.0,18840.2,16394.91,2445.29,87.02,45.67,329.0,31,1.091,4.64,62.16
1194,2024-12-01,2024,12,Education Support,Education,Active,West,WA,527,606,86.96,30100.28,25723.77,4376.51,85.46,48.81,161.6,37,3.261,4.68,80.58
866,2024-02-01,2024,2,Community Outreach,Community,Active,West,AZ,205,229,89.52,14243.61,10088.49,4155.12,70.83,49.21,49.6,8,4.133,4.39,60.95
1564,2025-10-01,2025,10,Education Support,Education,Active,South,TX,463,486,95.27,22860.6,16818.04,6042.56,73.57,36.32,261.1,24,1.773,4.17,80.94
171,2022-06-01,2022,6,Healthcare Access,Health,Active,Midwest,OH,320,342,93.57,17950.4,12254.61,5695.79,68.27,38.3,318.6,35,1.004,4.44,67.53
1119,2024-09-01,2024,9,Healthcare Access,Health,Active,West,AZ,253,258,98.06,15450.02,12336.57,3113.45,79.85,48.76,250.7,23,1.009,4.56,65.31
1628,2025-12-01,2025,12,Community Outreach,Community,Active,West,CA,161,161,100.0,9192.67,6937.06,2255.61,75.46,43.09,156.4,13,1.029,4.3,88.75
783,2023-12-01,2023,12,Food Assistance,Basic Needs,Paused,South,TX,495,445,111.24,34024.29,25411.54,8612.75,74.69,51.34,640.3,56,0.773,4.42,80.47
45,2022-02-01,2022,2,Food Assistance,Basic Needs,Paused,West,CA,537,562,95.55,31609.64,21486.56,10123.08,67.97,40.01,395.0,45,1.359,4.64,71.38
416,2023-01-01,2023,1,Food Assistance,Basic Needs,Active,Northeast,MA,457,374,122.19,29585.67,23840.06,5745.61,80.58,52.17,523.7,49,0.873,4.49,73.29
417,2023-01-01,2023,1,Community Outreach,Community,Active,Northeast,PA,168,199,84.42,9839.53,6153.91,3685.62,62.54,36.63,218.7,20,0.768,5.0,59.26
986,2024-05-01,2024,5,Community Outreach,Community,Active,West,AZ,152,189,80.42,10028.73,7765.19,2263.54,77.43,51.09,138.9,13,1.094,4.91,56.76
1596,2025-11-01,2025,11,Job Training,Economic Empowerment,Paused,West,CA,334,321,104.05,17942.2,14132.59,3809.61,78.77,42.31,320.4,29,1.042,4.41,73.52
1190,2024-11-01,2024,11,Housing Support,Basic Needs,Active,West,AZ,257,278,92.45,17499.32,11292.69,6206.63,64.53,43.94,386.8,31,0.664,4.26,64.76
1079,2024-08-01,2024,8,Housing Support,Basic Needs,Active,Midwest,MI,262,262,100.0,16935.04,14836.67,2098.37,87.61,56.63,194.7,25,1.346,3.75,65.69
1392,2025-05-01,2025,5,Education Support,Education,Active,Midwest,MI,468,381,122.83,23549.46,19298.21,4251.25,81.95,41.24,533.5,43,0.877,4.44,69.25
1582,2025-11-01,2025,11,Youth Development,Education,Active,South,FL,275,345,79.71,12917.25,8310.68,4606.57,64.34,30.22,334.6,32,0.822,4.62,94.92
1474,2025-08-01,2025,8,Housing Support,Basic Needs,Completed,South,FL,189,180,105.0,12162.69,10838.94,1323.75,89.12,57.35,246.4,22,0.767,3.65,80.04
317,2022-10-01,2022,10,Healthcare Access,Health,Active,West,AZ,325,364,89.29,22527.31,15484.41,7042.9,68.74,47.64,223.3,31,1.455,4.26,72.64
514,2023-04-01,2023,4,Food Assistance,Basic Needs,Active,Midwest,MI,522,525,99.43,29239.54,26773.42,2466.12,91.57,51.29,413.3,41,1.263,5.0,71.78
301,2022-09-01,2022,9,Job Training,Economic Empowerment,Active,West,AZ,161,156,103.21,9866.79,7428.06,2438.73,75.28,46.14,244.2,19,0.659,3.82,78.64
1539,2025-10-01,2025,10,Job Training,Economic Empowerment,Active,Midwest,IL,178,205,86.83,12116.61,10713.18,1403.43,88.42,60.19,242.1,17,0.735,5.0,75.53
116,2022-04-01,2022,4,Healthcare Access,Health,Paused,South,GA,341,365,93.42,23338.67,16570.17,6768.5,71.0,48.59,210.6,37,1.619,4.2,78.02
399,2022-12-01,2022,12,Job Training,Economic Empowerment,Active,West,WA,201,175,114.86,10830.51,9415.72,1414.79,86.94,46.84,216.6,20,0.928,4.22,77.7
415,2023-01-01,2023,1,Housing Support,Basic Needs,Active,West,AZ,279,278,100.36,21057.35,17301.66,3755.69,82.16,62.01,162.0,23,1.722,4.86,86.56
221,2022-07-01,2022,7,Housing Support,Basic Needs,Completed,Northeast,MA,273,290,94.14,16610.86,10295.47,6315.39,61.98,37.71,155.2,21,1.759,5.0,66.59
644,2023-07-01,2023,7,Job Training,Economic Empowerment,Completed,Midwest,IL,244,252,96.83,15040.4,11413.58,3626.82,75.89,46.78,247.5,24,0.986,5.0,65.18
765,2023-11-01,2023,11,Community Outreach,Community,Completed,Midwest,MI,168,171,98.25,12039.35,8149.41,3889.94,67.69,48.51,125.9,17,1.334,4.63,67.25
987,2024-06-01,2024,6,Education Support,Education,Paused,Northeast,PA,457,491,93.08,26538.41,23512.9,3025.51,88.6,51.45,188.1,27,2.43,3.65,75.61
1238,2025-01-01,2025,1,Job Training,Economic Empowerment,Active,South,FL,234,302,77.48,15095.78,13203.7,1892.08,87.47,56.43,250.2,24,0.935,3.91,71.67
176,2022-06-01,2022,6,Food Assistance,Basic Needs,Completed,Northeast,PA,377,463,81.43,20451.21,17422.29,3028.92,85.19,46.21,296.7,39,1.271,3.85,90.01
552,2023-05-01,2023,5,Youth Development,Education,Active,West,AZ,406,386,105.18,20159.45,15601.24,4558.21,77.39,38.43,81.4,25,4.988,4.64,86.87
821,2024-01-01,2024,1,Community Outreach,Community,Active,South,GA,225,230,97.83,12437.23,11531.28,905.95,92.72,51.25,214.1,19,1.051,5.0,68.45
428,2023-01-01,2023,1,Food Assistance,Basic Needs,Active,West,WA,585,501,116.77,32901.39,23912.18,8989.21,72.68,40.88,381.6,41,1.533,4.68,81.35
927,2024-04-01,2024,4,Community Outreach,Community,Paused,South,FL,160,193,82.9,9018.57,7122.35,1896.22,78.97,44.51,136.5,13,1.172,5.0,55.89
1405,2025-06-01,2025,6,Education Support,Education,Active,Midwest,IL,464,481,96.47,26557.95,21197.12,5360.83,79.81,45.68,249.6,26,1.859,4.59,81.03
910,2024-03-01,2024,3,Education Support,Education,Completed,South,TX,531,672,79.02,30715.73,21796.14,8919.59,70.96,41.05,308.0,33,1.724,4.48,86.16
199,2022-06-01,2022,6,Youth Development,Education,Paused,Northeast,MA,344,370,92.97,17450.43,12970.86,4479.57,74.33,37.71,223.5,23,1.539,4.07,58.63
16,2022-01-01,2022,1,Housing Support,Basic Needs,Active,Midwest,OH,218,275,79.27,16193.32,10360.73,5832.59,63.98,47.53,314.5,21,0.693,3.91,63.47
1358,2025-04-01,2025,4,Healthcare Access,Health,Completed,West,WA,360,432,83.33,25650.19,18637.83,7012.36,72.66,51.77,178.6,29,2.016,4.44,72.37
1188,2024-11-01,2024,11,Community Outreach,Community,Active,West,CA,246,261,94.25,14564.09,13785.12,778.97,94.65,56.04,243.3,19,1.011,4.46,61.8
1053,2024-07-01,2024,7,Education Support,Education,Active,West,WA,405,392,103.32,22545.44,16435.48,6109.96,72.9,40.58,426.9,36,0.949,4.25,73.05
1007,2024-06-01,2024,6,Community Outreach,Community,Active,West,WA,151,134,112.69,9611.96,6365.6,3246.36,66.23,42.16,91.0,11,1.659,4.14,73.73
1456,2025-07-01,2025,7,Job Training,Economic Empowerment,Active,West,WA,252,322,78.26,15823.85,7648.06,8175.79,48.33,30.35,271.1,24,0.93,4.92,71.48
1491,2025-08-01,2025,8,Community Outreach,Community,Active,Midwest,IL,223,239,93.31,13805.51,9923.83,3881.68,71.88,44.5,155.0,16,1.439,4.44,72.41
200,2022-06-01,2022,6,Job Training,Economic Empowerment,Completed,South,GA,241,168,143.45,13590.12,9228.06,4362.06,67.9,38.29,336.8,23,0.716,4.42,66.18
1354,2025-04-01,2025,4,Healthcare Access,Health,Active,South,GA,312,310,100.65,19384.32,15664.26,3720.06,80.81,50.21,176.3,22,1.77,5.0,77.28
712,2023-09-01,2023,9,Food Assistance,Basic Needs,Active,South,GA,321,340,94.41,18903.19,11443.11,7460.08,60.54,35.65,199.6,29,1.608,5.0,82.19
966,2024-05-01,2024,5,Youth Development,Education,Completed,Midwest,IL,409,440,92.95,19120.56,14937.98,4182.58,78.13,36.52,284.2,48,1.439,3.97,69.07
1103,2024-09-01,2024,9,Food Assistance,Basic Needs,Active,Midwest,MI,438,492,89.02,25037.92,20199.28,4838.64,80.67,46.12,514.3,40,0.852,4.61,72.81
454,2023-02-01,2023,2,Community Outreach,Community,Active,Midwest,MI,234,216,108.33,17003.59,14561.93,2441.66,85.64,62.23,95.0,12,2.463,4.65,64.93
592,2023-06-01,2023,6,Housing Support,Basic Needs,Active,South,TX,284,248,114.52,18759.8,14539.07,4220.73,77.5,51.19,181.6,17,1.564,4.48,75.66
1164,2024-11-01,2024,11,Healthcare Access,Health,Active,Midwest,IL,434,510,85.1,23389.23,19115.65,4273.58,81.73,44.05,459.1,38,0.945,5.0,67.38
325,2022-10-01,2022,10,Healthcare Access,Health,Active,Northeast,NY,274,323,84.83,16314.42,9059.58,7254.84,55.53,33.06,190.5,19,1.438,4.99,71.06
57,2022-02-01,2022,2,Youth Development,Education,Active,Northeast,NY,254,264,96.21,15974.76,13986.13,1988.63,87.55,55.06,172.2,16,1.475,4.31,75.66
1580,2025-11-01,2025,11,Youth Development,Education,Active,Northeast,PA,299,315,94.92,18582.62,17071.78,1510.84,91.87,57.1,360.7,31,0.829,4.79,79.13
44,2022-02-01,2022,2,Education Support,Education,Active,Northeast,NY,376,313,120.13,20585.59,13159.41,7426.18,63.93,35.0,233.1,26,1.613,4.66,91.8
101,2022-03-01,2022,3,Healthcare Access,Health,Paused,Midwest,MI,362,385,94.03,23144.04,16982.46,6161.58,73.38,46.91,235.6,27,1.537,4.55,71.17
275,2022-09-01,2022,9,Healthcare Access,Health,Active,South,FL,308,332,92.77,22102.89,15777.08,6325.81,71.38,51.22,267.3,28,1.152,4.16,78.9
1246,2025-01-01,2025,1,Housing Support,Basic Needs,Active,Midwest,MI,194,224,86.61,14189.56,10735.1,3454.46,75.65,55.34,247.3,23,0.784,4.13,67.92
102,2022-03-01,2022,3,Food Assistance,Basic Needs,Paused,South,TX,526,538,97.77,33985.72,25014.4,8971.32,73.6,47.56,599.5,60,0.877,4.96,66.12
840,2024-01-01,2024,1,Youth Development,Education,Active,West,WA,468,354,132.2,24825.82,20508.18,4317.64,82.61,43.82,455.6,49,1.027,4.44,88.88
108,2022-04-01,2022,4,Job Training,Economic Empowerment,Paused,South,FL,197,191,103.14,11639.92,9815.87,1824.05,84.33,49.83,97.1,17,2.029,5.0,86.37
612,2023-06-01,2023,6,Youth Development,Education,Active,Midwest,IL,357,331,107.85,18212.45,11985.09,6227.36,65.81,33.57,238.9,26,1.494,4.07,81.92
1386,2025-05-01,2025,5,Youth Development,Education,Completed,South,TX,538,608,88.49,24467.56,18032.61,6434.95,73.7,33.52,565.0,60,0.952,4.65,81.66
618,2023-07-01,2023,7,Healthcare Access,Health,Active,Northeast,MA,353,423,83.45,18478.46,11826.09,6652.37,64.0,33.5,305.5,34,1.155,4.49,69.17
530,2023-04-01,2023,4,Healthcare Access,Health,Paused,South,FL,332,271,122.51,18800.93,12447.23,6353.7,66.21,37.49,328.0,38,1.012,5.0,74.37
1174,2024-11-01,2024,11,Job Training,Economic Empowerment,Active,South,TX,202,188,107.45,12077.76,11530.02,547.74,95.46,57.08,241.9,21,0.835,4.35,84.11
619,2023-07-01,2023,7,Youth Development,Education,Completed,Midwest,IL,448,421,106.41,21851.3,14127.72,7723.58,64.65,31.54,359.9,34,1.245,4.66,92.03
839,2024-01-01,2024,1,Youth Development,Education,Paused,Midwest,IL,295,291,101.37,18845.92,14760.87,4085.05,78.32,50.04,298.3,34,0.989,5.0,93.43
1080,2024-08-01,2024,8,Job Training,Economic Empowerment,Active,West,CA,309,273,113.19,16991.82,11269.38,5722.44,66.32,36.47,226.5,34,1.364,4.64,67.07
129,2022-04-01,2022,4,Job Training,Economic Empowerment,Completed,Northeast,NY,302,319,94.67,17948.57,14215.33,3733.24,79.2,47.07,201.3,29,1.5,4.29,58.65
353,2022-11-01,2022,11,Healthcare Access,Health,Active,Northeast,MA,323,358,90.22,18583.8,10913.02,7670.78,58.72,33.79,290.3,25,1.113,4.43,63.76
299,2022-09-01,2022,9,Food Assistance,Basic Needs,Active,Midwest,OH,359,365,98.36,22813.89,15686.3,7127.59,68.76,43.69,447.3,37,0.803,3.66,70.56
817,2024-01-01,2024,1,Housing Support,Basic Needs,Active,Northeast,PA,225,256,87.89,15029.599999999999,13629.9,1399.7,90.69,60.58,328.6,26,0.685,4.04,74.56
368,2022-11-01,2022,11,Food Assistance,Basic Needs,Paused,Midwest,OH,360,289,124.57,21337.33,15805.69,5531.64,74.08,43.9,308.3,37,1.168,4.44,76.48
1569,2025-11-01,2025,11,Food Assistance,Basic Needs,Active,Northeast,PA,413,419,98.57,26208.14,20881.84,5326.3,79.68,50.56,396.7,32,1.041,4.72,65.27
1478,2025-08-01,2025,8,Healthcare Access,Health,Completed,Northeast,PA,414,442,93.67,23652.51,20015.48,3637.03,84.62,48.35,178.9,30,2.314,4.78,84.9
1324,2025-03-01,2025,3,Community Outreach,Community,Active,West,AZ,165,194,85.05,12498.28,10150.67,2347.61,81.22,61.52,128.6,15,1.283,4.25,67.03
894,2024-03-01,2024,3,Education Support,Education,Paused,South,FL,524,597,87.77,27885.76,14356.07,13529.69,51.48,27.4,451.7,59,1.16,4.83,85.93
932,2024-04-01,2024,4,Education Support,Education,Paused,Midwest,OH,550,540,101.85,31901.88,26399.88,5502.0,82.75,48.0,409.8,34,1.342,4.04,71.6
1168,2024-11-01,2024,11,Education Support,Education,Completed,Midwest,IL,494,521,94.82,28524.8,22309.88,6214.92,78.21,45.16,310.2,32,1.593,5.0,83.56
922,2024-04-01,2024,4,Youth Development,Education,Active,Midwest,IL,269,291,92.44,15693.24,12332.08,3361.16,78.58,45.84,216.6,20,1.242,4.76,97.78
600,2023-06-01,2023,6,Community Outreach,Community,Active,Northeast,NY,183,188,97.34,11423.31,7466.27,3957.04,65.36,40.8,78.7,17,2.325,3.46,75.91
755,2023-11-01,2023,11,Healthcare Access,Health,Active,South,GA,300,251,119.52,20138.43,15847.61,4290.82,78.69,52.83,157.9,30,1.9,4.82,81.54
372,2022-11-01,2022,11,Job Training,Economic Empowerment,Active,Midwest,MI,133,102,130.39,8047.33,6221.68,1825.65,77.31,46.78,101.3,7,1.313,4.82,72.85
1362,2025-05-01,2025,5,Education Support,Education,Completed,South,FL,639,679,94.11,33334.78,27578.99,5755.79,82.73,43.16,573.0,53,1.115,4.37,82.15
858,2024-02-01,2024,2,Food Assistance,Basic Needs,Active,Midwest,OH,546,523,104.4,32629.23,28382.57,4246.66,86.99,51.98,508.2,36,1.074,5.0,80.05
1402,2025-06-01,2025,6,Housing Support,Basic Needs,Paused,West,WA,331,397,83.38,18206.95,14053.12,4153.83,77.19,42.46,350.2,32,0.945,4.58,76.9
340,2022-10-01,2022,10,Healthcare Access,Health,Active,West,CA,249,275,90.55,17920.46,10214.61,7705.85,57.0,41.02,281.1,24,0.886,4.18,75.99
427,2023-01-01,2023,1,Education Support,Education,Active,Northeast,MA,499,473,105.5,22533.78,16668.07,5865.71,73.97,33.4,460.0,62,1.085,4.27,78.82
227,2022-07-01,2022,7,Housing Support,Basic Needs,Paused,Northeast,MA,154,151,101.99,9174.82,7291.04,1883.78,79.47,47.34,216.6,18,0.711,4.23,60.87
232,2022-07-01,2022,7,Job Training,Economic Empowerment,Paused,Northeast,PA,236,225,104.89,14058.79,13461.73,597.06,95.75,57.04,165.2,14,1.429,4.86,66.64
630,2023-07-01,2023,7,Youth Development,Education,Completed,Midwest,OH,365,422,86.49,18808.22,19173.78,-365.56,101.94,52.53,365.8,47,0.998,5.0,85.07
1404,2025-06-01,2025,6,Food Assistance,Basic Needs,Paused,South,TX,418,609,68.64,36087.06,33567.75,2519.31,93.02,80.31,314.3,33,1.33,4.63,73.29
1254,2025-01-01,2025,1,Housing Support,Basic Needs,Active,West,AZ,356,387,91.99,19998.74,15088.67,4910.07,75.45,42.38,158.0,17,2.253,4.72,75.57
164,2022-05-01,2022,5,Job Training,Economic Empowerment,Active,Northeast,MA,207,218,94.95,14507.64,11302.73,3204.91,77.91,54.6,235.1,22,0.88,4.4,78.54
409,2023-01-01,2023,1,Housing Support,Basic Needs,Paused,Northeast,NY,319,293,108.87,17142.64,12723.25,4419.39,74.22,39.88,311.3,28,1.025,4.25,61.02
1470,2025-08-01,2025,8,Job Training,Economic Empowerment,Paused,West,CA,184,177,103.95,11891.63,10744.6,1147.03,90.35,58.39,221.1,16,0.832,4.59,73.94
267,2022-08-01,2022,8,Healthcare Access,Health,Active,Midwest,OH,336,375,89.6,18558.26,14511.85,4046.41,78.2,43.19,362.3,33,0.927,4.29,70.41
149,2022-05-01,2022,5,Community Outreach,Community,Completed,Midwest,OH,161,145,111.03,9319.97,7060.22,2259.75,75.75,43.85,106.2,15,1.516,4.44,59.33
367,2022-11-01,2022,11,Youth Development,Education,Paused,Northeast,NY,403,476,84.66,19761.7,14513.9,5247.8,73.44,36.01,309.1,26,1.304,4.94,93.78
1032,2024-07-01,2024,7,Community Outreach,Community,Completed,South,TX,322,318,101.26,19136.93,12905.73,6231.2,67.44,40.08,97.1,14,3.316,4.43,100.0
1314,2025-03-01,2025,3,Housing Support,Basic Needs,Active,South,GA,305,302,100.99,18488.58,10940.58,7548.0,59.17,35.87,193.5,29,1.576,3.92,68.0
1297,2025-03-01,2025,3,Community Outreach,Community,Paused,Northeast,MA,209,195,107.18,11099.91,8409.66,2690.25,75.76,40.24,153.6,19,1.361,4.44,74.6
307,2022-10-01,2022,10,Food Assistance,Basic Needs,Paused,South,FL,314,287,109.41,19770.34,13776.33,5994.01,69.68,43.87,200.5,26,1.566,4.8,89.9
193,2022-06-01,2022,6,Education Support,Education,Active,Northeast,MA,376,329,114.29,22613.67,11143.43,11470.24,49.28,29.64,431.8,31,0.871,5.0,76.34
310,2022-10-01,2022,10,Youth Development,Education,Active,South,FL,193,211,91.47,12703.59,10825.44,1878.15,85.22,56.09,197.0,15,0.98,3.95,87.54
585,2023-06-01,2023,6,Youth Development,Education,Active,West,CA,303,356,85.11,19008.47,12996.76,6011.71,68.37,42.89,367.9,30,0.824,4.94,84.01
64,2022-02-01,2022,2,Housing Support,Basic Needs,Active,South,GA,184,177,103.95,12951.15,8982.93,3968.22,69.36,48.82,118.8,16,1.549,4.47,67.6
1347,2025-04-01,2025,4,Food Assistance,Basic Needs,Active,West,CA,835,1032,80.91,38811.52,36398.77,2412.75,93.78,43.59,1094.1,85,0.763,4.44,79.73
1413,2025-06-01,2025,6,Education Support,Education,Paused,West,CA,368,370,99.46,21954.6,16143.27,5811.33,73.53,43.87,306.8,32,1.199,4.19,62.6
1051,2024-07-01,2024,7,Job Training,Economic Empowerment,Active,Northeast,PA,264,302,87.42,14469.71,11041.44,3428.27,76.31,41.82,104.0,29,2.538,5.0,58.35
695,2023-09-01,2023,9,Youth Development,Education,Completed,West,AZ,299,311,96.14,15257.11,9686.85,5570.26,63.49,32.4,303.1,25,0.986,4.53,88.2
651,2023-08-01,2023,8,Job Training,Economic Empowerment,Active,Northeast,MA,176,189,93.12,11689.47,10018.75,1670.72,85.71,56.92,266.1,23,0.661,4.93,67.95
655,2023-08-01,2023,8,Education Support,Education,Active,Northeast,MA,285,312,91.35,16538.38,16320.45,217.93,98.68,57.26,187.6,15,1.519,4.6,86.7
915,2024-03-01,2024,3,Job Training,Economic Empowerment,Active,Northeast,NY,205,181,113.26,16725.64,15620.4,1105.24,93.39,76.2,163.9,13,1.251,4.57,57.53
787,2023-12-01,2023,12,Job Training,Economic Empowerment,Active,Midwest,MI,264,268,98.51,17156.8,15898.83,1257.97,92.67,60.22,264.8,25,0.997,3.87,77.43
670,2023-08-01,2023,8,Job Training,Economic Empowerment,Active,Midwest,MI,233,226,103.1,12804.42,11133.33,1671.09,86.95,47.78,79.6,11,2.927,3.59,69.8
219,2022-07-01,2022,7,Job Training,Economic Empowerment,Active,Northeast,MA,164,196,83.67,9971.92,8277.79,1694.13,83.01,50.47,168.0,14,0.976,3.19,77.42
576,2023-05-01,2023,5,Healthcare Access,Health,Active,Northeast,NY,364,471,77.28,19618.53,17875.8,1742.73,91.12,49.11,195.0,22,1.867,4.29,78.91
287,2022-09-01,2022,9,Job Training,Economic Empowerment,Paused,West,WA,190,249,76.31,10120.36,8884.52,1235.84,87.79,46.76,119.7,16,1.587,4.03,76.18
940,2024-04-01,2024,4,Education Support,Education,Completed,Midwest,MI,455,397,114.61,27111.61,22417.34,4694.27,82.69,49.27,488.5,55,0.931,3.45,85.36
1323,2025-03-01,2025,3,Education Support,Education,Active,Midwest,OH,457,506,90.32,27287.28,20551.08,6736.2,75.31,44.97,462.1,28,0.989,4.3,62.26
1059,2024-08-01,2024,8,Housing Support,Basic Needs,Completed,Northeast,PA,243,277,87.73,16849.16,15503.76,1345.4,92.02,63.8,113.2,14,2.147,4.32,80.3
1318,2025-03-01,2025,3,Food Assistance,Basic Needs,Active,Northeast,NY,613,476,128.78,41163.05,39798.61,1364.44,96.69,64.92,328.7,33,1.865,4.52,55.51
465,2023-02-01,2023,2,Community Outreach,Community,Paused,South,FL,154,185,83.24,13315.21,10175.28,3139.93,76.42,66.07,351.2,23,0.438,4.3,69.15
1433,2025-07-01,2025,7,Community Outreach,Community,Active,Northeast,MA,293,275,106.55,17113.05,12694.85,4418.2,74.18,43.33,296.6,28,0.988,4.12,57.92
1351,2025-04-01,2025,4,Job Training,Economic Empowerment,Active,Midwest,OH,259,283,91.52,15241.93,11955.62,3286.31,78.44,46.16,211.9,27,1.222,4.15,71.9
1309,2025-03-01,2025,3,Youth Development,Education,Active,South,FL,351,325,108.0,21031.25,18840.79,2190.46,89.58,53.68,451.2,38,0.778,4.78,82.74
745,2023-10-01,2023,10,Youth Development,Education,Active,West,AZ,278,314,88.54,13919.55,12051.74,1867.81,86.58,43.35,242.1,22,1.148,4.35,98.43
1166,2024-11-01,2024,11,Education Support,Education,Active,West,WA,355,378,93.92,20968.16,12969.33,7998.83,61.85,36.53,197.7,19,1.796,4.16,88.6
1453,2025-07-01,2025,7,Housing Support,Basic Needs,Completed,West,AZ,250,271,92.25,14902.76,12977.1,1925.66,87.08,51.91,243.5,19,1.027,4.28,60.23
1240,2025-01-01,2025,1,Community Outreach,Community,Active,Midwest,OH,209,240,87.08,12244.65,9905.81,2338.84,80.9,47.4,187.5,23,1.115,4.3,70.76
1176,2024-11-01,2024,11,Education Support,Education,Active,Northeast,PA,436,354,123.16,25748.2,19549.79,6198.41,75.93,44.84,588.6,42,0.741,3.98,76.59
975,2024-05-01,2024,5,Housing Support,Basic Needs,Paused,Midwest,MI,196,208,94.23,13704.99,12325.7,1379.29,89.94,62.89,95.7,11,2.048,4.42,53.33
737,2023-10-01,2023,10,Job Training,Economic Empowerment,Paused,South,FL,113,115,98.26,7359.65,6267.1,1092.55,85.15,55.46,34.2,6,3.304,4.61,80.05
539,2023-04-01,2023,4,Community Outreach,Community,Completed,South,GA,122,117,104.27,9691.57,8268.81,1422.76,85.32,67.78,83.4,10,1.463,4.4,56.03
1434,2025-07-01,2025,7,Community Outreach,Community,Active,South,FL,310,310,100.0,20251.48,16025.67,4225.81,79.13,51.7,235.4,24,1.317,4.96,69.0
555,2023-05-01,2023,5,Housing Support,Basic Needs,Active,West,AZ,225,218,103.21,15933.66,13537.02,2396.64,84.96,60.16,211.6,24,1.063,4.2,72.0
917,2024-03-01,2024,3,Healthcare Access,Health,Active,Midwest,MI,272,406,67.0,17280.8,14731.0,2549.8,85.24,54.16,467.6,36,0.582,4.56,77.41
1613,2025-12-01,2025,12,Food Assistance,Basic Needs,Paused,Midwest,OH,526,454,115.86,27838.32,26623.8,1214.52,95.64,50.62,342.2,37,1.537,5.0,82.07
1221,2024-12-01,2024,12,Healthcare Access,Health,Active,West,WA,232,250,92.8,15545.2,12630.88,2914.32,81.25,54.44,174.9,20,1.326,4.87,75.51
1207,2024-12-01,2024,12,Community Outreach,Community,Paused,West,AZ,211,257,82.1,13238.27,11222.08,2016.19,84.77,53.19,239.3,18,0.882,4.57,80.44
706,2023-09-01,2023,9,Education Support,Education,Paused,West,WA,381,238,160.08,22968.51,21037.29,1931.22,91.59,55.22,195.4,38,1.95,4.25,92.55
1084,2024-08-01,2024,8,Job Training,Economic Empowerment,Active,West,AZ,222,200,111.0,12569.57,8941.07,3628.5,71.13,40.28,229.9,20,0.966,4.91,84.56
278,2022-09-01,2022,9,Community Outreach,Community,Active,West,WA,138,188,73.4,8955.92,6764.38,2191.54,75.53,49.02,78.8,10,1.751,4.71,68.55
1273,2025-02-01,2025,2,Food Assistance,Basic Needs,Active,Northeast,MA,619,790,78.35,33477.91,29856.73,3621.18,89.18,48.23,332.0,33,1.864,4.82,82.95
1122,2024-09-01,2024,9,Food Assistance,Basic Needs,Completed,Midwest,MI,589,584,100.86,28836.16,26758.46,2077.7,92.79,45.43,525.7,41,1.12,4.86,70.69
1169,2024-11-01,2024,11,Food Assistance,Basic Needs,Active,Midwest,IL,475,522,91.0,27925.68,23875.8,4049.88,85.5,50.26,398.8,46,1.191,4.64,81.84
845,2024-01-01,2024,1,Education Support,Education,Paused,Midwest,IL,446,338,131.95,24012.02,13002.74,11009.28,54.15,29.15,429.2,40,1.039,5.0,81.26
237,2022-07-01,2022,7,Housing Support,Basic Needs,Paused,South,GA,177,200,88.5,11731.14,9157.82,2573.32,78.06,51.74,119.9,13,1.476,4.31,65.04
906,2024-03-01,2024,3,Community Outreach,Community,Active,South,TX,228,210,108.57,15487.92,11084.42,4403.5,71.57,48.62,174.4,22,1.307,4.33,70.12
1369,2025-05-01,2025,5,Food Assistance,Basic Needs,Active,South,TX,759,724,104.83,38230.64,32852.6,5378.04,85.93,43.28,769.2,51,0.987,4.18,86.21
1587,2025-11-01,2025,11,Youth Development,Education,Paused,Midwest,IL,416,412,100.97,23110.42,18325.23,4785.19,79.29,44.05,306.5,32,1.357,4.24,90.87
383,2022-12-01,2022,12,Community Outreach,Community,Paused,Northeast,NY,155,135,114.81,9720.02,7197.01,2523.01,74.04,46.43,121.3,14,1.278,4.34,65.77
1450,2025-07-01,2025,7,Food Assistance,Basic Needs,Completed,South,TX,844,888,95.05,42151.86,36534.68,5617.18,86.67,43.29,664.0,42,1.271,4.23,77.04
1218,2024-12-01,2024,12,Food Assistance,Basic Needs,Completed,West,WA,512,608,84.21,31434.12,25795.14,5638.98,82.06,50.38,224.0,34,2.286,3.83,79.5
209,2022-07-01,2022,7,Community Outreach,Community,Active,Midwest,MI,196,176,111.36,12655.29,9232.32,3422.97,72.95,47.1,217.3,20,0.902,4.27,67.07
678,2023-08-01,2023,8,Education Support,Education,Paused,South,FL,258,249,103.61,19014.18,12589.08,6425.1,66.21,48.79,143.5,22,1.798,4.94,79.27
1285,2025-02-01,2025,2,Education Support,Education,Active,South,FL,747,699,106.87,37774.79,31621.06,6153.73,83.71,42.33,670.6,64,1.114,4.58,89.52
1201,2024-12-01,2024,12,Housing Support,Basic Needs,Completed,West,AZ,165,178,92.7,9465.68,7023.89,2441.79,74.2,42.57,226.3,17,0.729,3.09,71.47
59,2022-02-01,2022,2,Healthcare Access,Health,Active,South,TX,311,355,87.61,19163.38,16399.08,2764.3,85.58,52.73,177.3,22,1.754,4.33,56.58
544,2023-04-01,2023,4,Youth Development,Education,Active,Northeast,NY,307,320,95.94,17450.43,10429.5,7020.93,59.77,33.97,162.0,20,1.895,3.63,82.38
528,2023-04-01,2023,4,Youth Development,Education,Active,Northeast,MA,435,478,91.0,25364.67,15209.01,10155.66,59.96,34.96,174.2,15,2.497,4.55,91.43
545,2023-05-01,2023,5,Healthcare Access,Health,Active,West,AZ,260,289,89.97,19496.87,16603.29,2893.58,85.16,63.86,199.9,23,1.301,4.72,80.44
875,2024-02-01,2024,2,Job Training,Economic Empowerment,Completed,West,WA,336,321,104.67,18585.81,13943.32,4642.49,75.02,41.5,270.0,33,1.244,4.41,75.19
1300,2025-03-01,2025,3,Job Training,Economic Empowerment,Active,West,WA,315,365,86.3,20557.23,14267.95,6289.28,69.41,45.3,304.7,23,1.034,4.29,57.04
364,2022-11-01,2022,11,Food Assistance,Basic Needs,Active,West,CA,329,325,101.23,17402.2,11607.14,5795.06,66.7,35.28,303.4,24,1.084,4.25,80.87
1027,2024-07-01,2024,7,Youth Development,Education,Completed,West,AZ,273,312,87.5,14389.22,12146.72,2242.5,84.42,44.49,127.0,18,2.15,4.32,83.92
355,2022-11-01,2022,11,Education Support,Education,Completed,South,TX,433,439,98.63,25197.16,18898.28,6298.88,75.0,43.64,718.9,53,0.602,5.0,78.73
862,2024-02-01,2024,2,Job Training,Economic Empowerment,Active,Midwest,OH,223,268,83.21,14071.43,15941.6,-1870.17,113.29,71.49,138.1,13,1.615,4.09,67.69
1384,2025-05-01,2025,5,Youth Development,Education,Active,South,FL,454,456,99.56,25918.03,21390.73,4527.3,82.53,47.12,547.1,52,0.83,4.23,69.05
1494,2025-08-01,2025,8,Community Outreach,Community,Paused,South,GA,261,297,87.88,16674.96,10587.07,6087.89,63.49,40.56,110.5,17,2.362,4.95,49.58
483,2023-03-01,2023,3,Job Training,Economic Empowerment,Active,Midwest,IL,192,181,106.08,11208.01,8523.25,2684.76,76.05,44.39,105.4,14,1.822,4.4,70.28
995,2024-06-01,2024,6,Community Outreach,Community,Active,West,WA,154,193,79.79,11918.3,11798.41,119.89,98.99,76.61,193.7,13,0.795,4.42,66.96
293,2022-09-01,2022,9,Youth Development,Education,Active,Northeast,MA,291,306,95.1,15893.95,11347.77,4546.18,71.4,39.0,295.5,28,0.985,4.77,77.79
589,2023-06-01,2023,6,Healthcare Access,Health,Active,West,CA,352,444,79.28,21460.31,15700.11,5760.2,73.16,44.6,338.5,36,1.04,4.18,79.74
1261,2025-02-01,2025,2,Healthcare Access,Health,Paused,Northeast,NY,454,495,91.72,32323.37,30276.83,2046.54,93.67,66.69,427.4,43,1.062,4.01,63.95
571,2023-05-01,2023,5,Food Assistance,Basic Needs,Active,West,AZ,482,441,109.3,23071.92,18502.07,4569.85,80.19,38.39,387.5,48,1.244,4.88,68.17
983,2024-05-01,2024,5,Education Support,Education,Active,Northeast,MA,314,195,161.03,19739.35,16471.66,3267.69,83.45,52.46,394.8,40,0.795,3.88,74.86
843,2024-01-01,2024,1,Housing Support,Basic Needs,Active,Midwest,IL,296,441,67.12,18845.44,12762.27,6083.17,67.72,43.12,119.2,14,2.483,3.65,56.06
234,2022-07-01,2022,7,Youth Development,Education,Active,Midwest,MI,277,334,82.93,19003.28,16963.67,2039.61,89.27,61.24,144.0,17,1.924,4.05,80.28
620,2023-07-01,2023,7,Job Training,Economic Empowerment,Active,West,AZ,264,290,91.03,14765.72,9465.86,5299.86,64.11,35.86,255.2,21,1.034,4.38,76.02
1363,2025-05-01,2025,5,Food Assistance,Basic Needs,Paused,Northeast,PA,380,360,105.56,23889.31,17739.27,6150.04,74.26,46.68,196.0,24,1.939,3.81,82.39
197,2022-06-01,2022,6,Youth Development,Education,Active,South,TX,199,233,85.41,11643.62,7621.57,4022.05,65.46,38.3,110.0,18,1.809,4.76,81.71
1115,2024-09-01,2024,9,Youth Development,Education,Active,Midwest,IL,306,314,97.45,16233.84,13366.24,2867.6,82.34,43.68,304.5,37,1.005,3.78,88.61
1575,2025-11-01,2025,11,Housing Support,Basic Needs,Active,South,GA,278,353,78.75,13547.51,9487.85,4059.66,70.03,34.13,261.8,23,1.062,4.7,71.54
1377,2025-05-01,2025,5,Housing Support,Basic Needs,Completed,West,CA,260,281,92.53,17400.15,13347.14,4053.01,76.71,51.34,158.7,21,1.638,4.78,68.61
82,2022-03-01,2022,3,Education Support,Education,Active,Midwest,IL,420,557,75.4,21823.49,19480.88,2342.61,89.27,46.38,222.2,33,1.89,5.0,80.47
1542,2025-10-01,2025,10,Housing Support,Basic Needs,Active,Northeast,NY,214,196,109.18,14283.55,11345.55,2938.0,79.43,53.02,223.5,20,0.957,3.29,57.49
611,2023-06-01,2023,6,Community Outreach,Community,Active,West,AZ,249,230,108.26,13750.47,11379.01,2371.46,82.75,45.7,199.5,24,1.248,4.03,82.88
1263,2025-02-01,2025,2,Youth Development,Education,Active,West,WA,462,457,101.09,24472.4,17661.33,6811.07,72.17,38.23,216.6,52,2.133,3.6,76.61
1420,2025-06-01,2025,6,Healthcare Access,Health,Paused,South,FL,554,643,86.16,28564.49,26343.38,2221.11,92.22,47.55,520.3,47,1.065,4.14,77.34
381,2022-12-01,2022,12,Youth Development,Education,Paused,Northeast,MA,334,321,104.05,17979.39,14427.05,3552.34,80.24,43.19,144.4,33,2.313,5.0,79.31
112,2022-04-01,2022,4,Healthcare Access,Health,Paused,South,GA,409,480,85.21,21638.3,17975.53,3662.77,83.07,43.95,534.2,43,0.766,5.0,80.19
1395,2025-06-01,2025,6,Job Training,Economic Empowerment,Active,Midwest,IL,137,123,111.38,12182.44,10857.96,1324.48,89.13,79.26,90.8,10,1.509,4.7,86.45
942,2024-04-01,2024,4,Housing Support,Basic Needs,Active,Northeast,MA,142,176,80.68,12467.2,10493.22,1973.98,84.17,73.9,100.8,12,1.409,4.11,59.39
1385,2025-05-01,2025,5,Housing Support,Basic Needs,Completed,South,TX,214,204,104.9,14048.9,11232.05,2816.85,79.95,52.49,102.8,15,2.082,3.82,80.5
527,2023-04-01,2023,4,Healthcare Access,Health,Completed,Northeast,PA,258,261,98.85,17865.6,12973.91,4891.69,72.62,50.29,126.1,26,2.046,4.47,79.47
1576,2025-11-01,2025,11,Healthcare Access,Health,Paused,Midwest,MI,427,425,100.47,25983.14,19365.59,6617.55,74.53,45.35,447.8,43,0.954,4.58,81.36
1379,2025-05-01,2025,5,Housing Support,Basic Needs,Active,West,CA,324,351,92.31,17970.51,11470.89,6499.62,63.83,35.4,293.3,29,1.105,4.08,72.59
782,2023-11-01,2023,11,Community Outreach,Community,Paused,Midwest,OH,134,129,103.88,7701.53,5731.61,1969.92,74.42,42.77,194.8,19,0.688,4.21,52.36
311,2022-10-01,2022,10,Job Training,Economic Empowerment,Completed,Northeast,MA,198,267,74.16,10253.72,7211.79,3041.93,70.33,36.42,163.1,14,1.214,4.23,71.64
711,2023-09-01,2023,9,Food Assistance,Basic Needs,Paused,West,AZ,337,303,111.22,20300.64,15931.58,4369.06,78.48,47.27,138.4,24,2.435,5.0,74.02
1530,2025-09-01,2025,9,Education Support,Education,Completed,Northeast,NY,344,353,97.45,19522.96,14150.75,5372.21,72.48,41.14,341.7,45,1.007,4.97,76.86
531,2023-04-01,2023,4,Housing Support,Basic Needs,Paused,Midwest,MI,177,170,104.12,10590.16,9000.25,1589.91,84.99,50.85,84.6,15,2.092,4.43,85.57
669,2023-08-01,2023,8,Education Support,Education,Completed,Northeast,MA,410,414,99.03,19208.85,10754.57,8454.28,55.99,26.23,162.9,17,2.517,4.8,83.0
1446,2025-07-01,2025,7,Housing Support,Basic Needs,Active,West,WA,214,187,114.44,16393.03,15417.54,975.49,94.05,72.04,218.3,23,0.98,4.44,66.02
893,2024-03-01,2024,3,Job Training,Economic Empowerment,Completed,Northeast,PA,210,204,102.94,14189.2,12987.48,1201.72,91.53,61.85,31.5,3,6.667,4.42,58.55
1247,2025-01-01,2025,1,Food Assistance,Basic Needs,Completed,Midwest,MI,525,479,109.6,33184.73,28211.64,4973.09,85.01,53.74,583.5,53,0.9,5.0,73.67
463,2023-02-01,2023,2,Housing Support,Basic Needs,Active,South,FL,223,265,84.15,14212.23,10769.0,3443.23,75.77,48.29,315.2,24,0.707,3.94,61.3
1552,2025-10-01,2025,10,Job Training,Economic Empowerment,Active,Northeast,MA,151,195,77.44,12122.56,8582.59,3539.97,70.8,56.84,143.1,13,1.055,5.0,70.77
1121,2024-09-01,2024,9,Education Support,Education,Active,Northeast,NY,409,445,91.91,23401.79,17718.73,5683.06,75.72,43.32,225.5,40,1.814,4.36,82.37
1502,2025-09-01,2025,9,Community Outreach,Community,Active,West,CA,167,160,104.38,11254.3,9664.68,1589.62,85.88,57.87,139.4,12,1.198,4.39,65.83
535,2023-04-01,2023,4,Housing Support,Basic Needs,Completed,Northeast,NY,157,117,134.19,11968.45,9214.17,2754.28,76.99,58.69,77.9,11,2.015,4.32,70.91
1160,2024-11-01,2024,11,Education Support,Education,Active,Midwest,MI,374,356,105.06,18701.2,11095.98,7605.22,59.33,29.67,293.8,28,1.273,4.31,77.54
602,2023-06-01,2023,6,Youth Development,Education,Active,West,CA,381,443,86.0,21990.98,12943.76,9047.22,58.86,33.97,277.1,37,1.375,4.69,80.02
1272,2025-02-01,2025,2,Healthcare Access,Health,Active,West,WA,309,406,76.11,19751.64,17203.6,2548.04,87.1,55.68,311.7,30,0.991,4.15,73.4
753,2023-11-01,2023,11,Healthcare Access,Health,Completed,Midwest,OH,438,450,97.33,25710.06,22532.11,3177.95,87.64,51.44,409.4,39,1.07,5.0,72.8
693,2023-09-01,2023,9,Youth Development,Education,Active,South,FL,223,193,115.54,12754.35,11163.19,1591.16,87.52,50.06,355.5,26,0.627,5.0,80.42
811,2023-12-01,2023,12,Youth Development,Education,Active,South,GA,271,249,108.84,19679.14,14695.24,4983.9,74.67,54.23,425.1,27,0.637,4.45,70.74
1235,2025-01-01,2025,1,Healthcare Access,Health,Active,Midwest,OH,430,472,91.1,22086.48,17181.25,4905.23,77.79,39.96,323.2,53,1.33,3.95,88.7
1403,2025-06-01,2025,6,Education Support,Education,Paused,South,GA,539,618,87.22,30770.95,22822.52,7948.43,74.17,42.34,308.9,35,1.745,4.49,66.71
328,2022-10-01,2022,10,Youth Development,Education,Paused,West,CA,236,264,89.39,12841.59,11885.95,955.64,92.56,50.36,263.9,23,0.894,4.59,93.28
255,2022-08-01,2022,8,Job Training,Economic Empowerment,Paused,Midwest,OH,212,256,82.81,12495.62,13194.95,-699.33,105.6,62.24,156.3,19,1.356,4.4,57.85
911,2024-03-01,2024,3,Job Training,Economic Empowerment,Active,Northeast,NY,258,347,74.35,13834.88,10737.05,3097.83,77.61,41.62,192.0,28,1.344,4.89,80.38
323,2022-10-01,2022,10,Healthcare Access,Health,Active,Northeast,MA,388,424,91.51,20774.25,19857.32,916.93,95.59,51.18,366.6,35,1.058,4.43,84.79
1193,2024-12-01,2024,12,Youth Development,Education,Active,South,TX,329,282,116.67,16092.02,12066.47,4025.55,74.98,36.68,242.0,30,1.36,4.9,77.45
715,2023-10-01,2023,10,Housing Support,Basic Needs,Active,Northeast,MA,243,270,90.0,15371.04,11334.98,4036.06,73.74,46.65,216.6,23,1.122,4.6,52.76
842,2024-01-01,2024,1,Youth Development,Education,Completed,South,GA,354,461,76.79,16020.67,11080.1,4940.57,69.16,31.3,241.8,31,1.464,4.82,86.08
705,2023-09-01,2023,9,Job Training,Economic Empowerment,Active,Northeast,NY,209,195,107.18,12580.97,10702.67,1878.3,85.07,51.21,181.5,26,1.152,4.26,73.85
615,2023-07-01,2023,7,Community Outreach,Community,Active,West,AZ,202,174,116.09,12730.52,10198.92,2531.6,80.11,50.49,179.8,21,1.123,4.99,80.34
1315,2025-03-01,2025,3,Job Training,Economic Empowerment,Active,Northeast,PA,224,241,92.95,16892.13,14807.87,2084.26,87.66,66.11,164.9,13,1.358,3.71,88.94
472,2023-02-01,2023,2,Housing Support,Basic Needs,Active,West,CA,250,300,83.33,17738.18,12953.18,4785.0,73.02,51.81,129.2,17,1.935,3.56,71.77
536,2023-04-01,2023,4,Food Assistance,Basic Needs,Active,West,AZ,578,707,81.75,40715.35,35719.99,4995.36,87.73,61.8,390.3,39,1.481,4.29,79.49
87,2022-03-01,2022,3,Food Assistance,Basic Needs,Active,Midwest,IL,571,569,100.35,31267.41,28013.5,3253.91,89.59,49.06,386.4,35,1.478,4.76,75.52
1465,2025-08-01,2025,8,Community Outreach,Community,Active,West,CA,237,270,87.78,14744.0,9036.11,5707.89,61.29,38.13,168.6,22,1.406,4.0,83.95
1560,2025-10-01,2025,10,Job Training,Economic Empowerment,Paused,South,TX,246,271,90.77,15086.15,13843.4,1242.75,91.76,56.27,161.2,19,1.526,4.65,57.77
366,2022-11-01,2022,11,Youth Development,Education,Active,Northeast,PA,266,272,97.79,13398.69,10364.97,3033.72,77.36,38.97,233.0,23,1.142,4.5,83.72
945,2024-04-01,2024,4,Youth Development,Education,Active,West,CA,233,275,84.73,14812.2,11944.99,2867.21,80.64,51.27,246.0,26,0.947,4.16,80.29
266,2022-08-01,2022,8,Education Support,Education,Active,Northeast,MA,527,552,95.47,27118.23,20439.3,6678.93,75.37,38.78,478.2,44,1.102,3.99,88.91
288,2022-09-01,2022,9,Community Outreach,Community,Active,West,CA,190,218,87.16,10452.03,6581.56,3870.47,62.97,34.64,140.1,20,1.356,4.21,72.0
1631,2025-12-01,2025,12,Youth Development,Education,Active,Midwest,OH,289,379,76.25,16847.0,11497.91,5349.09,68.25,39.79,216.6,16,1.334,5.0,85.46
359,2022-11-01,2022,11,Food Assistance,Basic Needs,Active,West,WA,429,396,108.33,25700.77,17767.76,7933.01,69.13,41.42,515.5,41,0.832,4.21,81.67
55,2022-02-01,2022,2,Education Support,Education,Active,West,WA,413,527,78.37,21401.93,16852.08,4549.85,78.74,40.8,290.4,48,1.422,3.75,79.56
1133,2024-10-01,2024,10,Healthcare Access,Health,Active,Midwest,OH,303,251,120.72,18441.66,16508.36,1933.3,89.52,54.48,239.8,25,1.264,4.63,68.7
1234,2025-01-01,2025,1,Healthcare Access,Health,Paused,Northeast,MA,397,436,91.06,23923.64,18939.17,4984.47,79.17,47.71,314.0,36,1.264,4.48,65.18
1317,2025-03-01,2025,3,Food Assistance,Basic Needs,Active,Northeast,NY,720,922,78.09,41367.49,30088.71,11278.78,72.74,41.79,611.6,53,1.177,3.76,68.29
1217,2024-12-01,2024,12,Community Outreach,Community,Completed,Midwest,IL,187,161,116.15,11484.97,10286.61,1198.36,89.57,55.01,134.1,21,1.394,4.44,68.85
786,2023-12-01,2023,12,Community Outreach,Community,Active,South,TX,189,225,84.0,11902.2,10496.46,1405.74,88.19,55.54,103.5,13,1.826,3.91,75.59
507,2023-03-01,2023,3,Community Outreach,Community,Active,Midwest,OH,205,193,106.22,12589.42,10047.93,2541.49,79.81,49.01,189.8,19,1.08,3.92,71.65
882,2024-02-01,2024,2,Housing Support,Basic Needs,Active,West,AZ,171,204,83.82,13121.55,10758.35,2363.2,81.99,62.91,185.6,18,0.921,4.42,54.19
222,2022-07-01,2022,7,Job Training,Economic Empowerment,Active,South,TX,209,221,94.57,12235.46,11617.63,617.83,94.95,55.59,149.8,15,1.395,4.07,61.44
114,2022-04-01,2022,4,Community Outreach,Community,Active,Midwest,MI,190,161,118.01,12138.98,10374.28,1764.7,85.46,54.6,268.3,18,0.708,4.24,71.75
1604,2025-12-01,2025,12,Food Assistance,Basic Needs,Active,West,CA,517,556,92.99,28179.12,17843.25,10335.87,63.32,34.51,324.0,48,1.596,4.91,72.63
723,2023-10-01,2023,10,Job Training,Economic Empowerment,Active,West,WA,206,217,94.93,13440.93,11422.07,2018.86,84.98,55.45,93.5,12,2.203,4.44,88.79
175,2022-06-01,2022,6,Youth Development,Education,Completed,South,FL,409,407,100.49,22071.04,17623.02,4448.02,79.85,43.09,162.6,23,2.515,5.0,76.74
1467,2025-08-01,2025,8,Education Support,Education,Active,South,FL,403,361,111.63,21334.38,21858.72,-524.34,102.46,54.24,369.8,41,1.09,4.17,79.09
1259,2025-02-01,2025,2,Job Training,Economic Empowerment,Active,West,CA,204,206,99.03,13880.51,10544.8,3335.71,75.97,51.69,155.1,18,1.315,4.21,63.07
1284,2025-02-01,2025,2,Community Outreach,Community,Active,West,AZ,270,266,101.5,16552.07,12704.18,3847.89,76.75,47.05,236.8,22,1.14,4.21,66.88
19,2022-01-01,2022,1,Community Outreach,Community,Active,West,AZ,202,175,115.43,11870.47,7691.52,4178.95,64.8,38.08,194.6,19,1.038,4.49,72.77
424,2023-01-01,2023,1,Community Outreach,Community,Completed,South,TX,213,198,107.58,14685.15,11569.17,3115.98,78.78,54.32,216.6,22,0.983,3.67,63.58
1134,2024-10-01,2024,10,Healthcare Access,Health,Active,Northeast,NY,329,301,109.3,20638.37,17281.43,3356.94,83.73,52.53,429.9,38,0.765,4.87,70.83
286,2022-09-01,2022,9,Youth Development,Education,Completed,West,WA,168,206,81.55,10050.79,6853.47,3197.32,68.19,40.79,127.9,12,1.314,4.9,79.99
1305,2025-03-01,2025,3,Food Assistance,Basic Needs,Paused,Midwest,OH,626,681,91.92,36324.97,28985.2,7339.77,79.79,46.3,276.1,32,2.267,5.0,72.73
429,2023-01-01,2023,1,Healthcare Access,Health,Active,West,WA,261,284,91.9,13886.65,12754.24,1132.41,91.85,48.87,294.1,24,0.887,4.66,85.77
1609,2025-12-01,2025,12,Healthcare Access,Health,Paused,West,CA,372,409,90.95,21554.55,17145.88,4408.67,79.55,46.09,233.6,35,1.592,4.44,75.91
758,2023-11-01,2023,11,Education Support,Education,Active,Midwest,OH,430,622,69.13,21523.04,18075.26,3447.78,83.98,42.04,407.0,36,1.057,4.36,99.0
1306,2025-03-01,2025,3,Education Support,Education,Completed,Northeast,PA,442,458,96.51,26617.11,19209.24,7407.87,72.17,43.46,409.7,41,1.079,4.87,71.59
32,2022-01-01,2022,1,Healthcare Access,Health,Paused,West,CA,435,374,116.31,24906.08,21712.77,3193.31,87.18,49.91,664.5,55,0.655,3.77,71.13
1611,2025-12-01,2025,12,Community Outreach,Community,Active,West,CA,164,147,111.56,14131.54,11263.42,2868.12,79.7,68.68,125.2,14,1.31,4.55,70.09
211,2022-07-01,2022,7,Healthcare Access,Health,Active,South,GA,305,279,109.32,18342.68,14902.25,3440.43,81.24,48.86,224.4,18,1.359,4.24,76.61
440,2023-01-01,2023,1,Housing Support,Basic Needs,Active,South,TX,239,267,89.51,20026.73,16572.98,3453.75,82.75,69.34,169.0,16,1.414,4.93,50.27
1336,2025-04-01,2025,4,Healthcare Access,Health,Paused,Northeast,NY,348,356,97.75,20618.76,17689.11,2929.65,85.79,50.83,132.7,18,2.622,3.71,72.92
846,2024-01-01,2024,1,Healthcare Access,Health,Active,Midwest,MI,409,448,91.29,25158.96,23818.63,1340.33,94.67,58.24,168.5,16,2.427,5.0,77.26
215,2022-07-01,2022,7,Healthcare Access,Health,Active,South,TX,191,185,103.24,10412.52,8027.5,2385.02,77.09,42.03,169.6,17,1.126,4.77,71.52
608,2023-06-01,2023,6,Healthcare Access,Health,Active,South,GA,417,446,93.5,22486.92,17221.55,5265.37,76.58,41.3,230.5,31,1.809,4.14,64.2
1092,2024-09-01,2024,9,Youth Development,Education,Active,South,GA,322,316,101.9,18170.55,13935.35,4235.2,76.69,43.28,139.2,29,2.313,3.84,76.9
1171,2024-11-01,2024,11,Education Support,Education,Paused,Northeast,PA,596,623,95.67,28658.23,22752.68,5905.55,79.39,38.18,362.1,63,1.646,4.37,90.68
327,2022-10-01,2022,10,Education Support,Education,Active,Northeast,NY,450,516,87.21,21960.33,14630.66,7329.67,66.62,32.51,341.4,36,1.318,4.79,85.35
847,2024-01-01,2024,1,Food Assistance,Basic Needs,Active,Northeast,MA,638,667,95.65,39812.76,31187.43,8625.33,78.34,48.88,157.9,24,4.041,4.0,84.58
989,2024-06-01,2024,6,Food Assistance,Basic Needs,Paused,Northeast,MA,603,641,94.07,35086.41,26390.69,8695.72,75.22,43.77,687.5,60,0.877,4.64,82.52
1578,2025-11-01,2025,11,Food Assistance,Basic Needs,Active,West,AZ,715,794,90.05,38640.72,31075.99,7564.73,80.42,43.46,490.3,52,1.458,4.17,77.64
342,2022-11-01,2022,11,Housing Support,Basic Needs,Completed,South,FL,158,195,81.03,11110.98,10538.78,572.2,94.85,66.7,109.5,15,1.443,5.0,63.75
148,2022-05-01,2022,5,Housing Support,Basic Needs,Active,Northeast,NY,147,133,110.53,9855.42,6599.59,3255.83,66.96,44.9,168.7,13,0.871,4.77,55.44
361,2022-11-01,2022,11,Healthcare Access,Health,Active,South,FL,127,122,104.1,10210.72,8431.7,1779.02,82.58,66.39,24.8,3,5.121,4.21,86.11
84,2022-03-01,2022,3,Youth Development,Education,Completed,West,CA,287,290,98.97,15533.48,14452.34,1081.14,93.04,50.36,97.8,8,2.935,5.0,65.41
49,2022-02-01,2022,2,Youth Development,Education,Paused,Northeast,NY,282,311,90.68,15197.62,14705.48,492.14,96.76,52.15,233.7,29,1.207,4.14,85.94
469,2023-02-01,2023,2,Food Assistance,Basic Needs,Active,Midwest,OH,412,298,138.26,24275.66,19368.28,4907.38,79.78,47.01,273.3,47,1.508,4.23,80.63
156,2022-05-01,2022,5,Community Outreach,Community,Completed,West,WA,160,154,103.9,10566.12,7169.37,3396.75,67.85,44.81,70.8,11,2.26,5.0,63.84
1028,2024-07-01,2024,7,Community Outreach,Community,Active,South,GA,177,180,98.33,15083.92,9755.26,5328.66,64.67,55.11,107.3,9,1.65,4.63,73.6
1418,2025-06-01,2025,6,Job Training,Economic Empowerment,Active,West,CA,238,370,64.32,16269.63,13529.37,2740.26,83.16,56.85,156.0,19,1.526,4.19,72.24
1607,2025-12-01,2025,12,Healthcare Access,Health,Active,South,TX,231,284,81.34,15999.46,15289.25,710.21,95.56,66.19,125.2,15,1.845,3.92,60.51
1344,2025-04-01,2025,4,Job Training,Economic Empowerment,Active,Midwest,MI,351,359,97.77,22105.38,15161.24,6944.14,68.59,43.19,136.5,15,2.571,4.55,80.8
501,2023-03-01,2023,3,Education Support,Education,Active,Midwest,OH,368,387,95.09,20769.36,17181.72,3587.64,82.73,46.69,219.6,20,1.676,3.3,74.96
180,2022-06-01,2022,6,Job Training,Economic Empowerment,Active,South,TX,217,222,97.75,14551.55,11761.41,2790.14,80.83,54.2,229.8,17,0.944,4.63,77.88
756,2023-11-01,2023,11,Food Assistance,Basic Needs,Active,West,CA,602,831,72.44,30295.45,22551.65,7743.8,74.44,37.46,439.9,52,1.368,4.49,90.26
924,2024-04-01,2024,4,Youth Development,Education,Active,Northeast,NY,369,370,99.73,19504.33,15826.48,3677.85,81.14,42.89,393.8,34,0.937,5.0,82.62
614,2023-07-01,2023,7,Food Assistance,Basic Needs,Active,Northeast,MA,556,542,102.58,28854.75,19178.33,9676.42,66.47,34.49,364.6,49,1.525,4.26,88.6
529,2023-04-01,2023,4,Healthcare Access,Health,Paused,South,TX,282,375,75.2,15901.55,13070.6,2830.95,82.2,46.35,238.0,25,1.185,3.74,85.84
347,2022-11-01,2022,11,Job Training,Economic Empowerment,Active,Midwest,IL,170,173,98.27,10857.3,7658.11,3199.19,70.53,45.05,78.8,14,2.157,4.19,69.72
1138,2024-10-01,2024,10,Education Support,Education,Paused,Midwest,MI,257,274,93.8,16946.9,12371.45,4575.45,73.0,48.14,241.1,20,1.066,4.85,91.03
1612,2025-12-01,2025,12,Food Assistance,Basic Needs,Completed,South,TX,511,612,83.5,31927.29,23527.95,8399.34,73.69,46.04,212.0,28,2.41,4.34,85.95
568,2023-05-01,2023,5,Healthcare Access,Health,Active,Midwest,OH,341,347,98.27,21208.13,18167.4,3040.73,85.66,53.28,301.6,21,1.131,3.63,70.22
788,2023-12-01,2023,12,Job Training,Economic Empowerment,Active,Northeast,NY,157,157,100.0,11332.14,8175.24,3156.9,72.14,52.07,70.8,12,2.218,4.84,81.02
707,2023-09-01,2023,9,Community Outreach,Community,Active,South,TX,229,234,97.86,13233.31,10431.8,2801.51,78.83,45.55,221.8,18,1.032,3.99,63.55
760,2023-11-01,2023,11,Education Support,Education,Active,Midwest,IL,411,537,76.54,21945.32,15425.76,6519.56,70.29,37.53,167.0,23,2.461,3.92,90.69
244,2022-08-01,2022,8,Healthcare Access,Health,Active,West,WA,291,322,90.37,18280.64,14205.4,4075.24,77.71,48.82,290.5,31,1.002,3.65,85.1
1210,2024-12-01,2024,12,Youth Development,Education,Paused,South,TX,225,257,87.55,15317.26,14221.53,1095.73,92.85,63.21,188.6,14,1.193,4.68,81.94
313,2022-10-01,2022,10,Job Training,Economic Empowerment,Active,Northeast,NY,169,197,85.79,10930.91,8897.82,2033.09,81.4,52.65,190.7,16,0.886,4.26,67.1
436,2023-01-01,2023,1,Healthcare Access,Health,Completed,Midwest,MI,221,220,100.45,19301.74,14931.47,4370.27,77.36,67.56,115.0,14,1.922,5.0,80.32
1559,2025-10-01,2025,10,Job Training,Economic Empowerment,Active,Northeast,PA,231,233,99.14,14934.18,12278.63,2655.55,82.22,53.15,308.3,27,0.749,5.0,63.63
1477,2025-08-01,2025,8,Housing Support,Basic Needs,Active,Northeast,NY,304,282,107.8,18244.45,11947.87,6296.58,65.49,39.3,322.1,24,0.944,4.64,73.63
309,2022-10-01,2022,10,Community Outreach,Community,Active,Northeast,NY,196,183,107.1,11408.0,8941.52,2466.48,78.38,45.62,170.6,19,1.149,4.86,88.91
431,2023-01-01,2023,1,Education Support,Education,Active,South,FL,397,425,93.41,24088.67,22615.95,1472.72,93.89,56.97,259.3,39,1.531,4.47,73.56
371,2022-11-01,2022,11,Community Outreach,Community,Active,South,FL,126,122,103.28,8737.29,5891.94,2845.35,67.43,46.76,123.9,14,1.017,4.54,65.44
1445,2025-07-01,2025,7,Food Assistance,Basic Needs,Paused,Northeast,MA,708,789,89.73,35969.51,29885.39,6084.12,83.09,42.21,290.3,65,2.439,4.55,69.07
182,2022-06-01,2022,6,Healthcare Access,Health,Active,Northeast,MA,368,403,91.32,22012.04,20916.31,1095.73,95.02,56.84,528.1,33,0.697,4.7,60.91
661,2023-08-01,2023,8,Food Assistance,Basic Needs,Active,Northeast,MA,411,495,83.03,21990.43,18471.03,3519.4,84.0,44.94,505.9,48,0.812,3.94,88.91
637,2023-07-01,2023,7,Community Outreach,Community,Active,Midwest,IL,160,124,129.03,11249.38,7980.56,3268.82,70.94,49.88,123.8,9,1.292,4.33,67.23
1487,2025-08-01,2025,8,Food Assistance,Basic Needs,Active,Northeast,PA,438,436,100.46,27612.94,27146.72,466.22,98.31,61.98,246.5,28,1.777,4.32,76.02
1510,2025-09-01,2025,9,Job Training,Economic Empowerment,Completed,Midwest,MI,194,173,112.14,14805.78,12221.99,2583.79,82.55,63.0,169.6,16,1.144,5.0,77.81
297,2022-09-01,2022,9,Healthcare Access,Health,Completed,South,TX,248,255,97.25,12944.21,9386.77,3557.44,72.52,37.85,225.8,21,1.098,4.95,86.59
1629,2025-12-01,2025,12,Healthcare Access,Health,Active,South,TX,429,502,85.46,22857.4,17745.46,5111.94,77.64,41.36,320.2,31,1.34,4.68,70.42
462,2023-02-01,2023,2,Healthcare Access,Health,Active,South,TX,425,480,88.54,25972.89,22439.2,3533.69,86.39,52.8,216.6,46,1.962,4.84,72.48
1512,2025-09-01,2025,9,Housing Support,Basic Needs,Active,Northeast,NY,211,240,87.92,18417.73,11951.92,6465.81,64.89,56.64,157.0,18,1.344,4.65,69.83
837,2024-01-01,2024,1,Education Support,Education,Active,Midwest,OH,281,315,89.21,17245.95,12239.61,5006.34,70.97,43.56,234.7,22,1.197,4.75,71.36
378,2022-12-01,2022,12,Youth Development,Education,Active,West,AZ,142,139,102.16,11769.59,9829.65,1939.94,83.52,69.22,125.1,15,1.135,4.36,91.23
985,2024-05-01,2024,5,Food Assistance,Basic Needs,Active,South,TX,719,1060,67.83,46523.46,34640.41,11883.05,74.46,48.18,526.2,51,1.366,4.23,81.19
127,2022-04-01,2022,4,Youth Development,Education,Active,Midwest,MI,357,445,80.22,20928.5,16737.78,4190.72,79.98,46.88,350.0,45,1.02,5.0,83.58
586,2023-06-01,2023,6,Food Assistance,Basic Needs,Paused,West,AZ,421,535,78.69,26082.88,18520.16,7562.72,71.01,43.99,290.2,26,1.451,4.13,70.4
356,2022-11-01,2022,11,Food Assistance,Basic Needs,Active,Northeast,PA,358,455,78.68,25213.91,16722.42,8491.49,66.32,46.71,209.5,31,1.709,4.23,71.3
1630,2025-12-01,2025,12,Housing Support,Basic Needs,Active,South,TX,299,407,73.46,17241.21,14921.18,2320.03,86.54,49.9,293.3,37,1.019,4.67,78.71
210,2022-07-01,2022,7,Healthcare Access,Health,Active,Northeast,MA,236,305,77.38,15894.17,11885.15,4009.02,74.78,50.36,345.9,26,0.682,4.9,71.55
141,2022-05-01,2022,5,Healthcare Access,Health,Active,South,FL,431,494,87.25,22661.0,15085.42,7575.58,66.57,35.0,338.3,51,1.274,4.59,68.97
1179,2024-11-01,2024,11,Housing Support,Basic Needs,Paused,West,CA,261,236,110.59,15029.599999999999,12365.16,2664.44,82.27,47.38,160.2,11,1.629,4.74,61.36
778,2023-11-01,2023,11,Food Assistance,Basic Needs,Paused,South,FL,385,389,98.97,25912.09,23761.65,2150.44,91.7,61.72,395.6,42,0.973,4.45,93.04
1601,2025-12-01,2025,12,Housing Support,Basic Needs,Completed,Northeast,MA,286,291,98.28,21545.34,17011.35,4533.99,78.96,59.48,92.0,18,3.109,4.26,65.43
1183,2024-11-01,2024,11,Community Outreach,Community,Paused,West,CA,213,257,82.88,13575.49,10315.45,3260.04,75.99,48.43,178.6,19,1.193,4.34,72.07
1286,2025-02-01,2025,2,Healthcare Access,Health,Active,West,CA,426,514,82.88,25761.79,20695.18,5066.61,80.33,48.58,380.5,37,1.12,4.41,75.07
1330,2025-04-01,2025,4,Food Assistance,Basic Needs,Paused,Northeast,PA,452,496,91.13,31926.41,21342.11,10584.3,66.85,47.22,195.7,30,2.31,4.28,77.78
1599,2025-12-01,2025,12,Youth Development,Education,Active,South,GA,381,411,92.7,18754.47,10813.16,7941.31,57.66,28.38,286.5,24,1.33,4.75,95.99
599,2023-06-01,2023,6,Food Assistance,Basic Needs,Active,Midwest,MI,680,789,86.19,40713.48,29107.45,11606.03,71.49,42.81,245.0,27,2.776,4.37,74.8
11,2022-01-01,2022,1,Healthcare Access,Health,Active,Midwest,OH,316,402,78.61,18152.68,13218.29,4934.39,72.82,41.83,173.2,21,1.824,4.86,77.63
865,2024-02-01,2024,2,Food Assistance,Basic Needs,Active,West,WA,550,666,82.58,27838.32,18133.88,9704.44,65.14,32.97,524.7,33,1.048,5.0,77.75
283,2022-09-01,2022,9,Community Outreach,Community,Active,Midwest,MI,166,109,152.29,11271.7,9016.17,2255.53,79.99,54.31,157.7,15,1.053,4.94,61.43
292,2022-09-01,2022,9,Education Support,Education,Active,Northeast,PA,411,413,99.52,20962.42,16200.6,4761.82,77.28,39.42,180.8,21,2.273,4.92,84.6
1400,2025-06-01,2025,6,Youth Development,Education,Active,West,CA,322,321,100.31,19073.5,16497.9,2575.6,86.5,51.24,195.2,14,1.65,4.77,81.66
635,2023-07-01,2023,7,Housing Support,Basic Needs,Active,Northeast,MA,189,204,92.65,15370.66,12144.04,3226.62,79.01,64.25,193.5,16,0.977,4.5,79.82
130,2022-04-01,2022,4,Food Assistance,Basic Needs,Paused,Midwest,IL,548,536,102.24,29350.09,27512.73,1837.36,93.74,50.21,216.6,32,2.53,4.59,86.38
324,2022-10-01,2022,10,Youth Development,Education,Active,South,TX,299,255,117.25,17717.45,13459.98,4257.47,75.97,45.02,186.8,20,1.601,5.0,78.34
814,2023-12-01,2023,12,Housing Support,Basic Needs,Active,West,CA,254,315,80.63,17375.97,14407.14,2968.83,82.91,56.72,195.9,15,1.297,5.0,75.06
590,2023-06-01,2023,6,Healthcare Access,Health,Active,Northeast,MA,363,386,94.04,20873.4,16202.16,4671.24,77.62,44.63,598.1,48,0.607,4.78,75.89
1226,2025-01-01,2025,1,Community Outreach,Community,Paused,South,FL,271,378,71.69,16425.16,11143.51,5281.65,67.84,41.12,168.0,27,1.613,4.45,77.81
1141,2024-10-01,2024,10,Food Assistance,Basic Needs,Paused,Northeast,NY,232,267,86.89,16165.61,12631.99,3533.62,78.14,54.45,212.5,22,1.092,4.75,71.48
964,2024-05-01,2024,5,Food Assistance,Basic Needs,Active,Northeast,NY,443,570,77.72,26484.99,20531.7,5953.29,77.52,46.35,219.2,30,2.021,4.64,67.33
835,2024-01-01,2024,1,Youth Development,Education,Active,South,GA,389,463,84.02,21042.23,18047.79,2994.44,85.77,46.4,239.5,33,1.624,4.25,77.6
1615,2025-12-01,2025,12,Housing Support,Basic Needs,Active,Midwest,OH,446,450,99.11,21987.14,17926.2,4060.94,81.53,40.19,336.3,38,1.326,3.98,59.32
159,2022-05-01,2022,5,Job Training,Economic Empowerment,Completed,Midwest,OH,181,187,96.79,13633.32,9401.66,4231.66,68.96,51.94,151.1,12,1.198,4.9,76.87
1156,2024-10-01,2024,10,Youth Development,Education,Completed,West,WA,354,371,95.42,19580.47,13105.73,6474.74,66.93,37.02,205.0,27,1.727,4.72,74.07
517,2023-04-01,2023,4,Education Support,Education,Completed,South,FL,449,455,98.68,21077.36,16445.17,4632.19,78.02,36.63,595.9,47,0.753,4.47,76.89
1394,2025-05-01,2025,5,Food Assistance,Basic Needs,Active,Midwest,OH,764,723,105.67,39809.82,32414.95,7394.87,81.42,42.43,216.6,43,3.527,4.46,74.73
196,2022-06-01,2022,6,Education Support,Education,Active,Northeast,NY,334,229,145.85,20620.39,17906.84,2713.55,86.84,53.61,290.3,33,1.151,4.55,84.13
1356,2025-04-01,2025,4,Job Training,Economic Empowerment,Active,West,CA,181,168,107.74,13066.64,10964.96,2101.68,83.92,60.58,125.7,14,1.44,4.98,82.36
1407,2025-06-01,2025,6,Community Outreach,Community,Active,South,GA,247,307,80.46,16374.75,12602.69,3772.06,76.96,51.02,179.2,16,1.378,4.24,74.96
411,2023-01-01,2023,1,Food Assistance,Basic Needs,Paused,Northeast,NY,420,305,137.7,24144.35,20948.74,3195.61,86.76,49.88,278.4,21,1.509,4.34,76.31
97,2022-03-01,2022,3,Community Outreach,Community,Active,West,WA,200,231,86.58,10539.29,7627.85,2911.44,72.38,38.14,226.7,19,0.882,4.66,57.44
1294,2025-03-01,2025,3,Food Assistance,Basic Needs,Active,Midwest,OH,609,721,84.47,38192.9,35131.67,3061.23,91.98,57.69,546.7,61,1.114,4.56,65.8
902,2024-03-01,2024,3,Housing Support,Basic Needs,Active,West,WA,229,322,71.12,13287.01,9861.93,3425.08,74.22,43.07,110.3,13,2.076,4.36,72.51
157,2022-05-01,2022,5,Food Assistance,Basic Needs,Active,West,CA,389,428,90.89,27573.48,23805.64,3767.84,86.34,61.2,167.0,16,2.329,5.0,68.32
420,2023-01-01,2023,1,Job Training,Economic Empowerment,Active,West,CA,249,239,104.18,15389.99,11749.29,3640.7,76.34,47.19,87.7,21,2.839,4.61,64.16
1055,2024-08-01,2024,8,Food Assistance,Basic Needs,Active,West,CA,446,449,99.33,23639.71,18794.69,4845.02,79.5,42.14,389.5,39,1.145,4.48,82.08
478,2023-03-01,2023,3,Community Outreach,Community,Active,Northeast,MA,183,181,101.1,11946.29,7903.63,4042.66,66.16,43.19,142.4,14,1.285,4.36,71.46
731,2023-10-01,2023,10,Job Training,Economic Empowerment,Active,South,TX,181,150,120.67,13231.24,7510.12,5721.12,56.76,41.49,146.5,18,1.235,5.0,64.05
1047,2024-07-01,2024,7,Healthcare Access,Health,Active,Midwest,IL,439,436,100.69,25643.14,17653.36,7989.78,68.84,40.21,132.5,39,3.313,4.37,73.35
1304,2025-03-01,2025,3,Food Assistance,Basic Needs,Active,West,WA,523,546,95.79,28467.59,20775.67,7691.92,72.98,39.72,357.0,56,1.465,4.3,86.22
448,2023-02-01,2023,2,Housing Support,Basic Needs,Completed,Northeast,MA,188,174,108.05,13470.2,9070.51,4399.69,67.34,48.25,216.6,24,0.868,5.0,58.22
1211,2024-12-01,2024,12,Housing Support,Basic Needs,Active,Northeast,PA,183,219,83.56,14539.39,10213.04,4326.35,70.24,55.81,143.8,12,1.273,3.5,55.81
179,2022-06-01,2022,6,Healthcare Access,Health,Active,South,TX,186,253,73.52,14614.82,9787.24,4827.58,66.97,52.62,132.1,15,1.408,4.59,81.53
391,2022-12-01,2022,12,Youth Development,Education,Active,Midwest,OH,250,281,88.97,14789.93,11006.63,3783.3,74.42,44.03,227.0,20,1.101,3.69,92.55
579,2023-06-01,2023,6,Housing Support,Basic Needs,Active,West,CA,270,256,105.47,15514.95,10964.46,4550.49,70.67,40.61,306.3,29,0.881,3.66,63.69
1436,2025-07-01,2025,7,Healthcare Access,Health,Active,South,FL,369,367,100.54,21261.72,15563.22,5698.5,73.2,42.18,245.5,26,1.503,3.38,66.19
766,2023-11-01,2023,11,Job Training,Economic Empowerment,Paused,South,GA,206,193,106.74,12661.23,10142.11,2519.12,80.1,49.23,181.3,24,1.136,4.94,83.98
1357,2025-04-01,2025,4,Education Support,Education,Paused,West,WA,435,400,108.75,26474.54,22484.24,3990.3,84.93,51.69,290.1,34,1.499,4.15,73.84
629,2023-07-01,2023,7,Housing Support,Basic Needs,Completed,West,WA,251,225,111.56,19528.19,14372.24,5155.95,73.6,57.26,267.0,28,0.94,3.8,78.03
725,2023-10-01,2023,10,Youth Development,Education,Active,Northeast,PA,312,314,99.36,16836.46,12953.65,3882.81,76.94,41.52,407.3,46,0.766,4.78,76.81
967,2024-05-01,2024,5,Community Outreach,Community,Active,Northeast,MA,223,286,77.97,14036.75,11290.43,2746.32,80.43,50.63,161.6,17,1.38,4.43,56.63
939,2024-04-01,2024,4,Education Support,Education,Completed,Midwest,OH,298,322,92.55,22957.39,16126.17,6831.22,70.24,54.11,165.1,20,1.805,5.0,99.0
143,2022-05-01,2022,5,Healthcare Access,Health,Active,South,GA,326,372,87.63,22946.58,19507.28,3439.3,85.01,59.84,323.5,25,1.008,4.38,76.0
1248,2025-01-01,2025,1,Job Training,Economic Empowerment,Active,West,WA,305,274,111.31,21349.21,12895.01,8454.2,60.4,42.28,189.5,23,1.609,4.64,73.95
949,2024-04-01,2024,4,Community Outreach,Community,Active,Northeast,PA,214,191,112.04,15236.39,13130.69,2105.7,86.18,61.36,198.5,20,1.078,4.0,74.86
1198,2024-12-01,2024,12,Job Training,Economic Empowerment,Active,Midwest,OH,181,161,112.42,10379.59,7744.56,2635.03,74.61,42.79,125.5,21,1.442,3.72,74.15
868,2024-02-01,2024,2,Housing Support,Basic Needs,Completed,Midwest,MI,306,302,101.32,21446.9,13938.1,7508.8,64.99,45.55,274.0,23,1.117,4.94,75.68
616,2023-07-01,2023,7,Education Support,Education,Active,Midwest,OH,509,579,87.91,27598.44,25429.72,2168.72,92.14,49.96,387.6,47,1.313,4.32,81.91
295,2022-09-01,2022,9,Education Support,Education,Completed,West,CA,311,383,81.2,20922.28,16865.98,4056.3,80.61,54.23,236.6,24,1.314,3.72,83.27
1449,2025-07-01,2025,7,Healthcare Access,Health,Active,Midwest,IL,439,421,104.28,23323.8,15993.66,7330.14,68.57,36.43,240.7,34,1.824,4.7,65.71
1562,2025-10-01,2025,10,Job Training,Economic Empowerment,Active,West,CA,254,293,86.69,14243.8,11286.02,2957.78,79.23,44.43,88.7,15,2.864,4.46,67.66
89,2022-03-01,2022,3,Food Assistance,Basic Needs,Paused,West,WA,371,318,116.67,19953.04,19064.72,888.32,95.55,51.39,206.1,15,1.8,4.59,77.23
42,2022-02-01,2022,2,Healthcare Access,Health,Paused,Midwest,IL,390,409,95.35,21756.12,15017.69,6738.43,69.03,38.51,257.6,33,1.514,4.89,73.82
1589,2025-11-01,2025,11,Healthcare Access,Health,Active,Midwest,IL,429,410,104.63,23153.11,14972.61,8180.5,64.67,34.9,744.8,65,0.576,4.33,81.95
132,2022-04-01,2022,4,Job Training,Economic Empowerment,Completed,West,CA,323,309,104.53,17330.0,14203.33,3126.67,81.96,43.97,304.6,30,1.06,4.16,66.63
701,2023-09-01,2023,9,Healthcare Access,Health,Active,Northeast,MA,278,283,98.23,16903.3,14824.73,2078.57,87.7,53.33,261.3,26,1.064,3.88,71.97
1533,2025-10-01,2025,10,Healthcare Access,Health,Active,West,AZ,445,382,116.49,23381.78,19904.97,3476.81,85.13,44.73,176.3,19,2.524,4.95,70.59
1528,2025-09-01,2025,9,Job Training,Economic Empowerment,Completed,Northeast,PA,208,220,94.55,13123.15,10402.95,2720.2,79.27,50.01,181.4,20,1.147,4.83,75.57
1252,2025-01-01,2025,1,Food Assistance,Basic Needs,Paused,Northeast,MA,529,629,84.1,27804.42,24054.75,3749.67,86.51,45.47,250.1,30,2.115,4.86,78.33
165,2022-05-01,2022,5,Healthcare Access,Health,Active,Northeast,MA,420,442,95.02,23629.49,15331.2,8298.29,64.88,36.5,227.2,26,1.849,4.18,73.5
291,2022-09-01,2022,9,Youth Development,Education,Active,South,GA,313,350,89.43,15733.43,14906.62,826.81,94.74,47.62,290.5,26,1.077,4.06,78.9
1557,2025-10-01,2025,10,Education Support,Education,Completed,Northeast,MA,435,444,97.97,24795.22,22834.03,1961.19,92.09,52.49,335.2,41,1.298,4.33,75.98
713,2023-09-01,2023,9,Youth Development,Education,Completed,West,AZ,242,250,96.8,14612.94,12293.56,2319.38,84.13,50.8,179.1,20,1.351,4.57,77.17
349,2022-11-01,2022,11,Housing Support,Basic Needs,Active,West,AZ,169,158,106.96,11700.29,7609.73,4090.56,65.04,45.03,119.4,12,1.415,4.62,63.54
572,2023-05-01,2023,5,Youth Development,Education,Completed,South,TX,423,406,104.19,23172.58,17381.33,5791.25,75.01,41.09,337.6,42,1.253,4.21,80.23
681,2023-09-01,2023,9,Education Support,Education,Active,Midwest,IL,295,272,108.46,17940.35,13022.89,4917.46,72.59,44.15,259.4,29,1.137,3.91,94.15
1550,2025-10-01,2025,10,Job Training,Economic Empowerment,Completed,South,TX,257,243,105.76,17701.44,13525.09,4176.35,76.41,52.63,281.7,31,0.912,3.81,67.99
969,2024-05-01,2024,5,Youth Development,Education,Active,Northeast,NY,347,438,79.22,21101.52,17078.21,4023.31,80.93,49.22,441.3,34,0.786,4.56,84.54
1000,2024-06-01,2024,6,Education Support,Education,Completed,South,FL,613,579,105.87,31095.85,31126.5,-30.65,100.1,50.78,407.7,55,1.504,5.0,96.62
1081,2024-08-01,2024,8,Food Assistance,Basic Needs,Completed,Northeast,PA,542,662,81.87,34472.08,27525.47,6946.61,79.85,50.78,219.6,48,2.468,3.5,76.24
1088,2024-08-01,2024,8,Job Training,Economic Empowerment,Active,West,WA,253,262,96.56,18986.84,12568.42,6418.42,66.2,49.68,216.6,29,1.168,3.76,77.11
459,2023-02-01,2023,2,Job Training,Economic Empowerment,Active,West,WA,244,283,86.22,17961.03,15070.06,2890.97,83.9,61.76,206.9,20,1.179,4.87,78.98
376,2022-12-01,2022,12,Food Assistance,Basic Needs,Active,South,TX,257,254,101.18,16546.18,16029.43,516.75,96.88,62.37,147.9,24,1.738,4.71,65.62
334,2022-10-01,2022,10,Job Training,Economic Empowerment,Completed,West,CA,167,197,84.77,12468.38,8188.58,4279.8,65.67,49.03,177.0,16,0.944,4.09,76.66
1233,2025-01-01,2025,1,Healthcare Access,Health,Active,West,WA,315,357,88.24,19817.67,19528.51,289.16,98.54,62.0,320.4,30,0.983,4.44,66.41
1448,2025-07-01,2025,7,Education Support,Education,Paused,South,FL,414,510,81.18,22025.99,15595.9,6430.09,70.81,37.67,351.6,33,1.177,4.32,83.71
1308,2025-03-01,2025,3,Job Training,Economic Empowerment,Completed,West,CA,327,322,101.55,15540.84,14729.03,811.81,94.78,45.04,133.5,19,2.449,4.1,65.23
890,2024-03-01,2024,3,Food Assistance,Basic Needs,Completed,West,AZ,611,739,82.68,39760.98,29290.37,10470.61,73.67,47.94,626.9,73,0.975,4.11,83.5
1563,2025-10-01,2025,10,Education Support,Education,Completed,Northeast,MA,529,541,97.78,27324.47,18149.7,9174.77,66.42,34.31,347.8,50,1.521,4.18,72.16
1525,2025-09-01,2025,9,Youth Development,Education,Active,Midwest,IL,378,437,86.5,18928.13,15722.71,3205.42,83.07,41.59,258.3,26,1.463,4.17,82.14
680,2023-08-01,2023,8,Youth Development,Education,Completed,West,AZ,285,329,86.63,16288.76,11706.76,4582.0,71.87,41.08,286.6,23,0.994,4.7,81.52
329,2022-10-01,2022,10,Youth Development,Education,Active,South,TX,260,328,79.27,15888.43,13501.83,2386.6,84.98,51.93,157.7,19,1.649,4.68,85.71
773,2023-11-01,2023,11,Community Outreach,Community,Paused,Northeast,MA,143,184,77.72,10767.61,9342.74,1424.87,86.77,65.33,131.0,15,1.092,3.6,85.62
319,2022-10-01,2022,10,Housing Support,Basic Needs,Active,West,WA,282,238,118.49,17717.1,12818.72,4898.38,72.35,45.46,441.6,30,0.639,3.64,52.96
1260,2025-02-01,2025,2,Housing Support,Basic Needs,Active,Midwest,MI,342,406,84.24,21424.13,16045.83,5378.3,74.9,46.92,163.3,24,2.094,4.51,59.68
1113,2024-09-01,2024,9,Job Training,Economic Empowerment,Active,South,TX,239,213,112.21,14410.14,12138.16,2271.98,84.23,50.79,190.7,19,1.253,3.97,73.28
1429,2025-07-01,2025,7,Food Assistance,Basic Needs,Active,South,GA,390,215,181.4,23522.07,16958.89,6563.18,72.1,43.48,349.1,32,1.117,4.37,80.78
168,2022-05-01,2022,5,Food Assistance,Basic Needs,Active,West,AZ,393,390,100.77,23538.49,18761.15,4777.34,79.7,47.74,323.3,34,1.216,4.69,87.53
13,2022-01-01,2022,1,Food Assistance,Basic Needs,Active,West,WA,498,523,95.22,27870.36,21085.08,6785.28,75.65,42.34,228.1,27,2.183,4.34,71.58
172,2022-06-01,2022,6,Healthcare Access,Health,Active,South,FL,247,253,97.63,16563.77,15754.97,808.8,95.12,63.79,76.5,14,3.229,5.0,73.33
650,2023-08-01,2023,8,Education Support,Education,Active,Northeast,PA,371,287,129.27,22463.62,16558.71,5904.91,73.71,44.63,337.7,39,1.099,4.14,87.41
261,2022-08-01,2022,8,Youth Development,Education,Active,Midwest,OH,289,241,119.92,14798.45,8144.8,6653.65,55.04,28.18,135.4,21,2.134,4.32,80.82
990,2024-06-01,2024,6,Education Support,Education,Active,West,AZ,437,437,100.0,23095.31,18019.5,5075.81,78.02,41.23,284.1,34,1.538,4.21,83.74
673,2023-08-01,2023,8,Food Assistance,Basic Needs,Active,West,WA,460,525,87.62,36367.74,26340.68,10027.06,72.43,57.26,262.4,33,1.753,4.08,91.48
259,2022-08-01,2022,8,Food Assistance,Basic Needs,Active,Midwest,OH,389,266,146.24,24117.06,18487.46,5629.6,76.66,47.53,519.9,44,0.748,4.93,87.89
1505,2025-09-01,2025,9,Youth Development,Education,Active,Northeast,NY,319,397,80.35,17674.69,12525.51,5149.18,70.87,39.26,91.5,25,3.486,5.0,73.44
139,2022-05-01,2022,5,Food Assistance,Basic Needs,Completed,West,AZ,481,549,87.61,31738.05,21412.35,10325.7,67.47,44.52,485.7,34,0.99,4.41,79.74
550,2023-05-01,2023,5,Education Support,Education,Completed,Northeast,NY,413,486,84.98,24844.23,16005.85,8838.38,64.42,38.76,191.4,27,2.158,5.0,87.54
1534,2025-10-01,2025,10,Community Outreach,Community,Active,South,TX,141,135,104.44,8914.28,7514.34,1399.94,84.3,53.29,68.1,9,2.07,3.47,71.36
1024,2024-07-01,2024,7,Food Assistance,Basic Needs,Paused,South,GA,409,464,88.15,28039.82,23643.78,4396.04,84.32,57.81,474.7,40,0.862,4.76,74.72
938,2024-04-01,2024,4,Housing Support,Basic Needs,Active,South,GA,293,186,157.53,15435.37,11762.34,3673.03,76.2,40.14,343.2,35,0.854,4.69,68.8
559,2023-05-01,2023,5,Education Support,Education,Active,South,FL,322,379,84.96,21023.07,17276.08,3746.99,82.18,53.65,293.1,28,1.099,4.67,90.27
140,2022-05-01,2022,5,Youth Development,Education,Active,West,AZ,380,408,93.14,19673.97,16063.72,3610.25,81.65,42.27,477.2,51,0.796,4.64,90.41
1482,2025-08-01,2025,8,Housing Support,Basic Needs,Completed,West,WA,133,149,89.26,9006.23,7162.0,1844.23,79.52,53.85,148.3,14,0.897,4.1,49.4
532,2023-04-01,2023,4,Education Support,Education,Active,West,CA,467,566,82.51,26447.71,21186.38,5261.33,80.11,45.37,277.6,41,1.682,4.63,88.28
225,2022-07-01,2022,7,Food Assistance,Basic Needs,Completed,West,AZ,435,471,92.36,23249.96,16386.64,6863.32,70.48,37.67,216.6,33,2.008,4.98,78.17
1339,2025-04-01,2025,4,Education Support,Education,Active,South,TX,502,530,94.72,30843.68,21301.16,9542.52,69.06,42.43,324.5,40,1.547,5.0,96.93
410,2023-01-01,2023,1,Healthcare Access,Health,Completed,Northeast,PA,428,391,109.46,23650.43,21653.02,1997.41,91.55,50.59,452.4,46,0.946,4.49,79.43
326,2022-10-01,2022,10,Healthcare Access,Health,Active,South,TX,195,186,104.84,10887.67,7197.11,3690.56,66.1,36.91,126.5,14,1.542,4.18,57.36
1135,2024-10-01,2024,10,Food Assistance,Basic Needs,Paused,Northeast,PA,389,528,73.67,19022.15,17772.03,1250.12,93.43,45.69,198.4,30,1.961,4.01,64.53
300,2022-09-01,2022,9,Housing Support,Basic Needs,Active,Midwest,MI,124,129,96.12,8877.09,5637.27,3239.82,63.5,45.46,55.9,8,2.218,4.45,68.55
1042,2024-07-01,2024,7,Youth Development,Education,Active,South,GA,324,330,98.18,18033.99,16128.52,1905.47,89.43,49.78,315.9,28,1.026,5.0,85.11
1492,2025-08-01,2025,8,Housing Support,Basic Needs,Active,Northeast,NY,185,181,102.21,13608.13,13577.23,30.9,99.77,73.39,164.7,14,1.123,4.18,70.09
804,2023-12-01,2023,12,Community Outreach,Community,Active,Northeast,MA,173,161,107.45,10508.03,9773.36,734.67,93.01,56.49,158.3,19,1.093,4.44,49.05
1526,2025-09-01,2025,9,Housing Support,Basic Needs,Active,South,FL,290,248,116.94,15963.26,13219.99,2743.27,82.82,45.59,376.1,33,0.771,4.73,72.7
194,2022-06-01,2022,6,Community Outreach,Community,Active,Midwest,MI,158,142,111.27,9629.3,7801.46,1827.84,81.02,49.38,201.1,16,0.786,4.33,68.37
441,2023-01-01,2023,1,Job Training,Economic Empowerment,Active,West,AZ,175,158,110.76,15581.42,14691.98,889.44,94.29,83.95,78.8,12,2.221,4.32,88.54
574,2023-05-01,2023,5,Housing Support,Basic Needs,Paused,Northeast,NY,255,307,83.06,14790.22,12895.47,1894.75,87.19,50.57,129.2,19,1.974,4.08,69.57
504,2023-03-01,2023,3,Housing Support,Basic Needs,Active,South,TX,205,191,107.33,14078.87,10615.75,3463.12,75.4,51.78,276.1,24,0.742,4.74,56.67
606,2023-06-01,2023,6,Youth Development,Education,Active,West,CA,275,317,86.75,14956.49,11454.21,3502.28,76.58,41.65,324.8,30,0.847,3.57,77.76
919,2024-04-01,2024,4,Food Assistance,Basic Needs,Active,Northeast,PA,444,411,108.03,29183.27,19005.3,10177.97,65.12,42.8,378.4,29,1.173,4.08,79.01
1468,2025-08-01,2025,8,Housing Support,Basic Needs,Active,Midwest,IL,268,232,115.52,14354.55,11390.05,2964.5,79.35,42.5,202.5,22,1.323,4.3,67.07
4,2022-01-01,2022,1,Youth Development,Education,Completed,Midwest,MI,283,248,114.11,15343.21,12544.14,2799.07,81.76,44.33,175.4,20,1.613,4.28,96.82
900,2024-03-01,2024,3,Youth Development,Education,Paused,Midwest,MI,415,482,86.1,20366.49,16492.53,3873.96,80.98,39.74,216.6,38,1.916,5.0,70.17
468,2023-02-01,2023,2,Food Assistance,Basic Needs,Paused,West,AZ,461,458,100.66,27135.79,17507.88,9627.91,64.52,37.98,345.7,32,1.334,4.64,79.34
322,2022-10-01,2022,10,Education Support,Education,Active,Northeast,MA,377,398,94.72,21828.91,13864.43,7964.48,63.51,36.78,216.6,29,1.741,5.0,71.1
6,2022-01-01,2022,1,Food Assistance,Basic Needs,Active,Midwest,OH,530,547,96.89,29977.17,22479.57,7497.6,74.99,42.41,215.6,28,2.458,4.28,86.46
223,2022-07-01,2022,7,Education Support,Education,Active,Midwest,OH,310,306,101.31,17499.52,12437.92,5061.6,71.08,40.12,158.0,17,1.962,3.84,86.08
548,2023-05-01,2023,5,Community Outreach,Community,Active,Midwest,IL,136,149,91.28,7018.89,4929.72,2089.17,70.24,36.25,119.3,12,1.14,4.08,71.58
1264,2025-02-01,2025,2,Youth Development,Education,Active,Northeast,PA,314,356,88.2,18455.76,14197.19,4258.57,76.93,45.21,332.4,26,0.945,4.23,96.91
40,2022-02-01,2022,2,Education Support,Education,Active,Midwest,OH,504,628,80.25,25834.52,20205.19,5629.33,78.21,40.09,427.5,49,1.179,4.67,78.96
543,2023-04-01,2023,4,Education Support,Education,Completed,Northeast,NY,321,238,134.87,17028.87,12742.11,4286.76,74.83,39.7,329.3,33,0.975,5.0,88.2
243,2022-08-01,2022,8,Housing Support,Basic Needs,Paused,West,AZ,206,250,82.4,12894.06,10183.7,2710.36,78.98,49.44,153.4,18,1.343,4.47,65.25
137,2022-05-01,2022,5,Education Support,Education,Active,West,AZ,360,374,96.26,20721.55,16085.68,4635.87,77.63,44.68,337.0,35,1.068,4.44,79.35
1444,2025-07-01,2025,7,Healthcare Access,Health,Active,Northeast,NY,422,457,92.34,21914.26,13841.1,8073.16,63.16,32.8,342.3,48,1.233,5.0,74.28
1296,2025-03-01,2025,3,Community Outreach,Community,Active,Midwest,IL,212,230,92.17,14962.84,9811.88,5150.96,65.57,46.28,144.5,13,1.467,3.92,74.31
722,2023-10-01,2023,10,Healthcare Access,Health,Active,Northeast,PA,247,329,75.08,18411.9,14058.88,4353.02,76.36,56.92,177.8,24,1.389,4.59,64.58
933,2024-04-01,2024,4,Housing Support,Basic Needs,Active,Midwest,OH,235,225,104.44,14229.89,9181.13,5048.76,64.52,39.07,160.1,17,1.468,3.82,58.79
809,2023-12-01,2023,12,Education Support,Education,Active,Northeast,PA,341,315,108.25,17495.88,12801.76,4694.12,73.17,37.54,250.9,32,1.359,4.54,77.48
1165,2024-11-01,2024,11,Food Assistance,Basic Needs,Active,Northeast,MA,569,586,97.1,33159.6,20769.41,12390.19,62.63,36.5,308.3,44,1.846,4.28,69.21
907,2024-03-01,2024,3,Housing Support,Basic Needs,Active,West,CA,140,154,90.91,11280.91,7967.68,3313.23,70.63,56.91,178.8,15,0.783,4.68,82.56
1499,2025-09-01,2025,9,Youth Development,Education,Completed,West,CA,399,424,94.1,20170.77,17526.91,2643.86,86.89,43.93,744.2,54,0.536,4.31,70.39
582,2023-06-01,2023,6,Healthcare Access,Health,Active,Northeast,MA,223,226,98.67,13782.8,11614.23,2168.57,84.27,52.08,210.1,19,1.061,4.77,92.24
1451,2025-07-01,2025,7,Community Outreach,Community,Completed,South,TX,139,123,113.01,8472.25,6694.48,1777.77,79.02,48.16,68.1,10,2.041,4.02,71.81
1621,2025-12-01,2025,12,Housing Support,Basic Needs,Active,Northeast,PA,341,310,110.0,20025.81,18821.55,1204.26,93.99,55.2,142.9,18,2.386,4.57,61.17
662,2023-08-01,2023,8,Education Support,Education,Active,Northeast,NY,359,462,77.71,18195.61,15023.55,3172.06,82.57,41.85,136.9,19,2.622,5.0,78.65
950,2024-04-01,2024,4,Housing Support,Basic Needs,Active,West,WA,219,277,79.06,14702.17,10496.12,4206.05,71.39,47.93,75.6,11,2.897,4.8,70.04
1524,2025-09-01,2025,9,Youth Development,Education,Active,Northeast,MA,443,492,90.04,19750.33,14564.04,5186.29,73.74,32.88,173.5,24,2.553,4.75,90.58
377,2022-12-01,2022,12,Job Training,Economic Empowerment,Active,Midwest,IL,227,235,96.6,15055.54,13739.38,1316.16,91.26,60.53,78.1,13,2.907,4.15,80.31
315,2022-10-01,2022,10,Housing Support,Basic Needs,Paused,Midwest,OH,198,204,97.06,13549.14,11012.58,2536.56,81.28,55.62,67.2,17,2.946,4.25,61.19
443,2023-02-01,2023,2,Youth Development,Education,Paused,Midwest,MI,351,366,95.9,21334.57,16298.84,5035.73,76.4,46.44,420.1,32,0.836,4.94,73.38
320,2022-10-01,2022,10,Housing Support,Basic Needs,Active,West,CA,261,240,108.75,16483.58,13738.45,2745.13,83.35,52.64,66.6,7,3.919,4.5,75.39
1454,2025-07-01,2025,7,Community Outreach,Community,Active,Midwest,OH,215,202,106.44,17708.53,12702.28,5006.25,71.73,59.08,406.5,29,0.529,5.0,67.35
799,2023-12-01,2023,12,Healthcare Access,Health,Active,Northeast,PA,403,422,95.5,20977.73,13379.12,7598.61,63.78,33.2,466.9,41,0.863,3.58,74.97
1424,2025-06-01,2025,6,Housing Support,Basic Needs,Paused,South,FL,239,281,85.05,16127.81,13801.06,2326.75,85.57,57.75,202.4,23,1.181,3.73,71.3
1236,2025-01-01,2025,1,Education Support,Education,Completed,Northeast,PA,469,408,114.95,27174.37,22412.59,4761.78,82.48,47.79,297.6,44,1.576,4.46,77.32
425,2023-01-01,2023,1,Food Assistance,Basic Needs,Active,South,FL,484,651,74.35,28196.3,18085.14,10111.16,64.14,37.37,595.0,45,0.813,5.0,74.76
595,2023-06-01,2023,6,Community Outreach,Community,Active,Midwest,MI,165,160,103.12,11168.69,9041.02,2127.67,80.95,54.79,114.3,9,1.444,4.08,75.78
369,2022-11-01,2022,11,Job Training,Economic Empowerment,Paused,West,CA,175,186,94.09,12668.21,6091.97,6576.24,48.09,34.81,75.9,14,2.306,4.95,78.22
1515,2025-09-01,2025,9,Food Assistance,Basic Needs,Active,Midwest,IL,474,474,100.0,25814.0,21991.79,3822.21,85.19,46.4,438.9,41,1.08,4.15,71.43
1331,2025-04-01,2025,4,Housing Support,Basic Needs,Active,Midwest,OH,268,324,82.72,19085.58,14489.38,4596.2,75.92,54.06,181.2,18,1.479,5.0,70.68
1480,2025-08-01,2025,8,Youth Development,Education,Active,South,GA,291,243,119.75,19779.0,15465.78,4313.22,78.19,53.15,248.6,24,1.171,5.0,82.84
228,2022-07-01,2022,7,Job Training,Economic Empowerment,Active,West,WA,107,109,98.17,7333.7,4996.32,2337.38,68.13,46.69,87.2,9,1.227,4.31,66.8
1427,2025-06-01,2025,6,Community Outreach,Community,Active,South,FL,233,222,104.95,12633.63,7293.93,5339.7,57.73,31.3,212.5,21,1.096,4.4,64.86
1090,2024-09-01,2024,9,Community Outreach,Community,Active,West,CA,133,162,82.1,8904.98,7450.44,1454.54,83.67,56.02,128.3,13,1.037,4.62,63.6
1002,2024-06-01,2024,6,Food Assistance,Basic Needs,Active,West,WA,537,541,99.26,27585.93,22706.04,4879.89,82.31,42.28,402.5,43,1.334,4.32,88.76
67,2022-02-01,2022,2,Healthcare Access,Health,Active,Midwest,MI,304,348,87.36,20473.22,12567.45,7905.77,61.38,41.34,161.8,25,1.879,4.16,75.38
394,2022-12-01,2022,12,Education Support,Education,Completed,Midwest,MI,419,395,106.08,22310.61,15813.37,6497.24,70.88,37.74,246.8,34,1.698,4.9,77.05
580,2023-06-01,2023,6,Youth Development,Education,Active,West,CA,375,356,105.34,18712.83,9142.61,9570.22,48.86,24.38,225.7,35,1.661,3.64,59.34
25,2022-01-01,2022,1,Education Support,Education,Active,South,GA,341,367,92.92,22572.6,18476.39,4096.21,81.85,54.18,217.5,22,1.568,4.55,70.86
212,2022-07-01,2022,7,Job Training,Economic Empowerment,Active,West,CA,195,222,87.84,12580.37,9215.24,3365.13,73.25,47.26,122.7,20,1.589,4.46,87.51
1266,2025-02-01,2025,2,Food Assistance,Basic Needs,Active,South,TX,804,929,86.54,49252.91,30499.17,18753.74,61.92,37.93,569.3,62,1.412,4.7,56.22
943,2024-04-01,2024,4,Job Training,Economic Empowerment,Active,Northeast,NY,175,164,106.71,14648.37,10970.26,3678.11,74.89,62.69,159.8,17,1.095,4.77,82.79
537,2023-04-01,2023,4,Youth Development,Education,Active,Northeast,PA,473,533,88.74,24175.47,17816.57,6358.9,73.7,37.67,224.5,25,2.107,5.0,69.78
887,2024-03-01,2024,3,Education Support,Education,Active,Northeast,MA,523,512,102.15,26665.46,25271.17,1394.29,94.77,48.32,349.4,28,1.497,4.82,66.27
1598,2025-11-01,2025,11,Education Support,Education,Active,Midwest,IL,402,254,158.27,19621.53,15133.79,4487.74,77.13,37.65,261.9,43,1.535,4.7,74.55
86,2022-03-01,2022,3,Education Support,Education,Active,South,TX,395,384,102.86,25727.85,21326.77,4401.08,82.89,53.99,259.5,23,1.522,4.41,77.0
1481,2025-08-01,2025,8,Education Support,Education,Active,West,CA,408,475,85.89,25969.44,18889.16,7080.28,72.74,46.3,323.0,35,1.263,4.98,69.52
273,2022-09-01,2022,9,Healthcare Access,Health,Active,South,FL,196,265,73.96,11512.06,8987.24,2524.82,78.07,45.85,137.7,16,1.423,4.37,85.98
1062,2024-08-01,2024,8,Job Training,Economic Empowerment,Paused,Northeast,MA,215,267,80.52,14722.69,10054.04,4668.65,68.29,46.76,137.9,17,1.559,3.96,77.93
1075,2024-08-01,2024,8,Food Assistance,Basic Needs,Active,Northeast,NY,634,657,96.5,36004.33,27370.28,8634.05,76.02,43.17,569.7,47,1.113,4.01,80.76
1209,2024-12-01,2024,12,Education Support,Education,Completed,West,CA,440,455,96.7,21453.82,15913.19,5540.63,74.17,36.17,284.8,28,1.545,4.6,83.11
631,2023-07-01,2023,7,Job Training,Economic Empowerment,Active,West,AZ,180,184,97.83,14088.98,9844.22,4244.76,69.87,54.69,219.2,18,0.821,3.47,71.82
1126,2024-10-01,2024,10,Healthcare Access,Health,Completed,West,AZ,408,459,88.89,21699.3,12710.37,8988.93,58.58,31.15,218.2,33,1.87,4.36,82.84
1537,2025-10-01,2025,10,Food Assistance,Basic Needs,Active,Midwest,OH,431,423,101.89,26834.78,17431.87,9402.91,64.96,40.45,621.2,46,0.694,4.93,88.16
1125,2024-10-01,2024,10,Community Outreach,Community,Paused,South,GA,135,141,95.74,11124.5,8790.17,2334.33,79.02,65.11,202.1,15,0.668,4.07,76.41
506,2023-03-01,2023,3,Youth Development,Education,Active,Midwest,MI,397,321,123.68,19954.93,16162.79,3792.14,81.0,40.71,347.0,41,1.144,4.86,99.0
274,2022-09-01,2022,9,Food Assistance,Basic Needs,Completed,Northeast,PA,280,234,119.66,13650.29,10283.24,3367.05,75.33,36.73,230.4,21,1.215,3.77,81.7
1253,2025-01-01,2025,1,Education Support,Education,Paused,South,TX,408,385,105.97,21742.65,20861.04,881.61,95.95,51.13,517.5,47,0.788,5.0,80.52
1206,2024-12-01,2024,12,Healthcare Access,Health,Paused,Midwest,IL,252,275,91.64,14486.43,11391.7,3094.73,78.64,45.21,175.4,20,1.437,4.68,74.77
363,2022-11-01,2022,11,Job Training,Economic Empowerment,Active,Northeast,PA,144,145,99.31,7479.57,6048.97,1430.6,80.87,42.01,101.3,12,1.422,4.15,74.64
1329,2025-04-01,2025,4,Community Outreach,Community,Active,West,WA,266,331,80.36,17690.32,12535.29,5155.03,70.86,47.13,378.7,27,0.702,4.93,70.85
623,2023-07-01,2023,7,Housing Support,Basic Needs,Paused,South,FL,265,294,90.14,17287.77,9645.85,7641.92,55.8,36.4,175.8,15,1.507,4.48,66.82
3,2022-01-01,2022,1,Education Support,Education,Active,Northeast,NY,328,300,109.33,17772.5,11352.53,6419.97,63.88,34.61,330.6,37,0.992,4.55,68.6
7,2022-01-01,2022,1,Community Outreach,Community,Active,South,FL,148,163,90.8,12041.39,8928.59,3112.8,74.15,60.33,110.3,10,1.342,4.84,77.45
312,2022-10-01,2022,10,Healthcare Access,Health,Completed,West,CA,212,222,95.5,16516.29,11743.53,4772.76,71.1,55.39,196.6,15,1.078,3.88,81.51
1189,2024-11-01,2024,11,Job Training,Economic Empowerment,Active,South,FL,331,342,96.78,18504.07,15778.74,2725.33,85.27,47.67,289.3,25,1.144,3.33,63.84
793,2023-12-01,2023,12,Education Support,Education,Active,South,GA,423,453,93.38,25136.28,19492.88,5643.4,77.55,46.08,248.8,27,1.7,4.46,78.68
666,2023-08-01,2023,8,Job Training,Economic Empowerment,Active,Northeast,NY,177,215,82.33,12929.06,10356.57,2572.49,80.1,58.51,142.2,15,1.245,4.18,73.74
365,2022-11-01,2022,11,Housing Support,Basic Needs,Completed,West,AZ,184,212,86.79,11137.59,10746.22,391.37,96.49,58.4,167.6,15,1.098,4.4,78.37
1624,2025-12-01,2025,12,Healthcare Access,Health,Active,Midwest,MI,329,305,107.87,25592.48,16226.18,9366.3,63.4,49.32,255.3,24,1.289,4.34,70.28
216,2022-07-01,2022,7,Job Training,Economic Empowerment,Completed,Northeast,NY,203,236,86.02,13075.54,11003.55,2071.99,84.15,54.2,158.8,13,1.278,4.17,78.46
820,2024-01-01,2024,1,Job Training,Economic Empowerment,Paused,Midwest,MI,240,242,99.17,16444.58,10519.82,5924.76,63.97,43.83,216.6,19,1.108,4.72,83.22
28,2022-01-01,2022,1,Job Training,Economic Empowerment,Completed,South,GA,177,173,102.31,11389.59,8977.13,2412.46,78.82,50.72,111.1,23,1.593,4.72,59.1
1178,2024-11-01,2024,11,Healthcare Access,Health,Completed,Midwest,OH,454,484,93.8,26027.36,19650.93,6376.43,75.5,43.28,418.2,41,1.086,4.58,75.92
526,2023-04-01,2023,4,Food Assistance,Basic Needs,Active,West,AZ,465,420,110.71,30870.0,21085.0,9785.0,68.3,45.34,317.4,40,1.465,4.71,55.16
1506,2025-09-01,2025,9,Food Assistance,Basic Needs,Completed,West,CA,510,528,96.59,29778.08,25638.52,4139.56,86.1,50.27,607.7,60,0.839,4.79,80.63
810,2023-12-01,2023,12,Healthcare Access,Health,Paused,South,TX,237,184,128.8,19892.68,16741.62,3151.06,84.16,70.64,180.6,25,1.312,4.34,77.36
639,2023-07-01,2023,7,Job Training,Economic Empowerment,Completed,Midwest,OH,227,203,111.82,13858.94,10873.83,2985.11,78.46,47.9,135.8,14,1.672,4.19,92.32
905,2024-03-01,2024,3,Job Training,Economic Empowerment,Completed,Northeast,NY,292,279,104.66,16786.95,15253.27,1533.68,90.86,52.24,234.5,23,1.245,3.99,64.02
719,2023-10-01,2023,10,Food Assistance,Basic Needs,Active,West,CA,307,305,100.66,16943.19,13558.42,3384.77,80.02,44.16,176.5,25,1.739,4.47,68.14
692,2023-09-01,2023,9,Job Training,Economic Empowerment,Paused,South,FL,187,233,80.26,11852.04,8356.67,3495.37,70.51,44.69,210.6,21,0.888,4.34,92.01
999,2024-06-01,2024,6,Youth Development,Education,Active,Midwest,MI,321,348,92.24,19597.63,14596.14,5001.49,74.48,45.47,317.6,29,1.011,5.0,81.81
625,2023-07-01,2023,7,Job Training,Economic Empowerment,Active,Northeast,MA,216,206,104.85,12660.46,9813.17,2847.29,77.51,45.43,362.9,21,0.595,4.77,65.22
8,2022-01-01,2022,1,Housing Support,Basic Needs,Active,Northeast,PA,175,192,91.15,12033.74,10560.26,1473.48,87.76,60.34,117.5,13,1.489,3.85,58.43
257,2022-08-01,2022,8,Housing Support,Basic Needs,Completed,Midwest,OH,179,210,85.24,11603.09,8044.27,3558.82,69.33,44.94,104.9,12,1.706,3.75,61.45
26,2022-01-01,2022,1,Education Support,Education,Paused,West,CA,439,532,82.52,23134.77,20483.07,2651.7,88.54,46.66,171.7,24,2.557,4.75,84.11
337,2022-10-01,2022,10,Job Training,Economic Empowerment,Active,Midwest,MI,225,202,111.39,13076.56,9880.54,3196.02,75.56,43.91,174.1,19,1.292,4.56,83.45
573,2023-05-01,2023,5,Healthcare Access,Health,Active,South,TX,327,316,103.48,16087.65,13886.25,2201.4,86.32,42.47,204.1,29,1.602,4.45,81.27
48,2022-02-01,2022,2,Food Assistance,Basic Needs,Active,South,GA,561,773,72.57,31681.9,22151.04,9530.86,69.92,39.48,296.1,37,1.895,3.54,73.79
107,2022-04-01,2022,4,Healthcare Access,Health,Active,West,AZ,270,258,104.65,17313.62,12542.89,4770.73,72.45,46.46,237.0,19,1.139,5.0,70.43
350,2022-11-01,2022,11,Healthcare Access,Health,Completed,Northeast,NY,234,245,95.51,15828.79,11003.5,4825.29,69.52,47.02,110.8,22,2.112,4.29,77.41
56,2022-02-01,2022,2,Job Training,Economic Empowerment,Completed,South,TX,233,172,135.47,14637.69,11286.95,3350.74,77.11,48.44,145.3,13,1.604,4.57,64.48
977,2024-05-01,2024,5,Education Support,Education,Active,West,CA,447,508,87.99,32651.99,24887.27,7764.72,76.22,55.68,331.7,39,1.348,4.57,81.21
214,2022-07-01,2022,7,Job Training,Economic Empowerment,Active,South,TX,200,230,86.96,12853.0,12467.25,385.75,97.0,62.34,113.0,16,1.77,4.91,71.04
121,2022-04-01,2022,4,Healthcare Access,Health,Paused,Northeast,PA,422,456,92.54,21821.61,18568.02,3253.59,85.09,44.0,445.4,34,0.947,4.15,89.41
1036,2024-07-01,2024,7,Food Assistance,Basic Needs,Completed,West,AZ,529,619,85.46,26187.42,12718.86,13468.56,48.57,24.04,391.4,33,1.352,4.56,69.81
794,2023-12-01,2023,12,Healthcare Access,Health,Paused,West,WA,329,324,101.54,19551.13,17738.18,1812.95,90.73,53.92,146.3,19,2.249,5.0,66.7
73,2022-03-01,2022,3,Food Assistance,Basic Needs,Active,West,AZ,547,453,120.75,28895.62,25843.53,3052.09,89.44,47.25,414.6,49,1.319,4.78,96.17
813,2023-12-01,2023,12,Food Assistance,Basic Needs,Completed,Midwest,IL,635,660,96.21,32101.48,23889.67,8211.81,74.42,37.62,446.7,69,1.422,4.69,67.04
1422,2025-06-01,2025,6,Youth Development,Education,Active,Northeast,MA,323,302,106.95,15424.74,9261.04,6163.7,60.04,28.67,257.0,29,1.257,4.05,68.55
941,2024-04-01,2024,4,Healthcare Access,Health,Active,West,CA,360,388,92.78,26712.52,22041.11,4671.41,82.51,61.23,218.2,29,1.65,4.91,71.77
1393,2025-05-01,2025,5,Job Training,Economic Empowerment,Active,South,TX,186,180,103.33,13572.29,10338.14,3234.15,76.17,55.58,144.9,11,1.284,3.81,82.77
46,2022-02-01,2022,2,Youth Development,Education,Completed,Northeast,MA,415,429,96.74,19248.53,15787.09,3461.44,82.02,38.04,348.4,41,1.191,4.65,82.1
1381,2025-05-01,2025,5,Job Training,Economic Empowerment,Completed,West,WA,206,209,98.56,14910.75,13233.32,1677.43,88.75,64.24,198.0,17,1.04,5.0,67.3
524,2023-04-01,2023,4,Community Outreach,Community,Active,Northeast,NY,188,264,71.21,11581.92,8204.58,3377.34,70.84,43.64,130.8,14,1.437,4.56,72.11
233,2022-07-01,2022,7,Healthcare Access,Health,Active,Midwest,IL,346,378,91.53,21386.01,17237.81,4148.2,80.6,49.82,322.8,28,1.072,4.81,61.01
953,2024-05-01,2024,5,Community Outreach,Community,Paused,Northeast,PA,248,212,116.98,13539.87,11094.53,2445.34,81.94,44.74,140.1,17,1.77,4.02,64.15
1204,2024-12-01,2024,12,Healthcare Access,Health,Active,West,WA,249,268,92.91,16268.39,16596.33,-327.94,102.02,66.65,233.6,16,1.066,5.0,74.22
1011,2024-06-01,2024,6,Housing Support,Basic Needs,Paused,South,TX,235,228,103.07,13694.27,11746.39,1947.88,85.78,49.98,121.1,12,1.941,3.46,65.86
534,2023-04-01,2023,4,Job Training,Economic Empowerment,Active,South,TX,248,271,91.51,14627.26,8490.34,6136.92,58.04,34.24,177.4,15,1.398,4.35,67.81
1056,2024-08-01,2024,8,Youth Development,Education,Completed,Northeast,MA,313,318,98.43,14706.29,9542.11,5164.18,64.88,30.49,199.0,27,1.573,4.85,99.0
1241,2025-01-01,2025,1,Community Outreach,Community,Active,West,CA,183,145,126.21,11455.56,10134.69,1320.87,88.47,55.38,123.0,15,1.488,4.0,68.12
604,2023-06-01,2023,6,Community Outreach,Community,Active,South,GA,185,197,93.91,11532.47,9915.61,1616.86,85.98,53.6,130.6,19,1.417,4.77,60.51
466,2023-02-01,2023,2,Education Support,Education,Active,Midwest,OH,613,493,124.34,28645.34,17226.23,11419.11,60.14,28.1,471.1,43,1.301,4.74,88.56
984,2024-05-01,2024,5,Job Training,Economic Empowerment,Paused,South,TX,198,233,84.98,14079.19,12122.55,1956.64,86.1,61.22,135.8,12,1.458,5.0,87.22
789,2023-12-01,2023,12,Housing Support,Basic Needs,Active,West,AZ,160,149,107.38,9469.39,8197.63,1271.76,86.57,51.24,124.4,13,1.286,4.27,77.7
1627,2025-12-01,2025,12,Education Support,Education,Active,West,CA,489,593,82.46,28669.22,19501.5,9167.72,68.02,39.88,400.8,28,1.22,4.22,69.51
937,2024-04-01,2024,4,Youth Development,Education,Completed,West,AZ,427,431,99.07,21340.62,14993.48,6347.14,70.26,35.11,285.1,30,1.498,4.07,78.0
1310,2025-03-01,2025,3,Housing Support,Basic Needs,Paused,Northeast,MA,224,247,90.69,16766.58,11110.16,5656.42,66.26,49.6,173.4,14,1.292,5.0,71.15
61,2022-02-01,2022,2,Community Outreach,Community,Active,Midwest,IL,158,128,123.44,11465.1,9176.05,2289.05,80.03,58.08,216.6,11,0.729,4.09,61.35
1109,2024-09-01,2024,9,Food Assistance,Basic Needs,Active,South,FL,570,622,91.64,28541.11,19843.28,8697.83,69.53,34.81,292.1,48,1.951,4.97,78.65
93,2022-03-01,2022,3,Healthcare Access,Health,Active,West,AZ,386,502,76.89,20712.49,18256.76,2455.73,88.14,47.3,107.1,17,3.604,4.17,75.21
667,2023-08-01,2023,8,Community Outreach,Community,Paused,West,CA,142,138,102.9,11565.9,8726.53,2839.37,75.45,61.45,162.3,13,0.875,4.03,66.02
844,2024-01-01,2024,1,Housing Support,Basic Needs,Completed,West,WA,181,164,110.37,13479.37,11212.43,2266.94,83.18,61.95,117.7,13,1.538,4.75,61.87
195,2022-06-01,2022,6,Food Assistance,Basic Needs,Active,Northeast,MA,331,336,98.51,21217.47,17329.08,3888.39,81.67,52.35,254.7,34,1.3,5.0,75.83
281,2022-09-01,2022,9,Food Assistance,Basic Needs,Active,West,AZ,429,578,74.22,23112.3,14412.27,8700.03,62.36,33.6,488.0,50,0.879,4.09,67.36
696,2023-09-01,2023,9,Community Outreach,Community,Active,Northeast,PA,132,126,104.76,8522.0,7283.74,1238.26,85.47,55.18,123.5,11,1.069,4.87,75.53
360,2022-11-01,2022,11,Housing Support,Basic Needs,Active,South,GA,113,118,95.76,8007.1,5517.14,2489.96,68.9,48.82,54.8,7,2.062,4.48,66.5
520,2023-04-01,2023,4,Education Support,Education,Active,Northeast,MA,399,478,83.47,24668.61,18705.89,5962.72,75.83,46.88,315.6,38,1.264,4.23,80.67
1289,2025-02-01,2025,2,Healthcare Access,Health,Active,West,WA,357,376,94.95,25295.19,20707.06,4588.13,81.86,58.0,327.3,29,1.091,4.49,70.82
926,2024-04-01,2024,4,Community Outreach,Community,Active,South,TX,201,208,96.63,12068.9,9191.57,2877.33,76.16,45.73,191.3,14,1.051,4.21,75.6
848,2024-01-01,2024,1,Community Outreach,Community,Active,West,WA,246,289,85.12,15219.48,11621.37,3598.11,76.36,47.24,257.1,27,0.957,4.41,67.88
183,2022-06-01,2022,6,Youth Development,Education,Active,West,AZ,351,436,80.5,18396.74,15587.89,2808.85,84.73,44.41,180.3,28,1.947,4.45,75.2
1202,2024-12-01,2024,12,Education Support,Education,Active,Northeast,PA,336,359,93.59,17845.79,15054.22,2791.57,84.36,44.8,120.4,25,2.791,4.32,83.25
1311,2025-03-01,2025,3,Housing Support,Basic Needs,Active,Northeast,NY,324,275,117.82,22081.37,18575.23,3506.14,84.12,57.33,300.1,31,1.08,4.24,75.7
111,2022-04-01,2022,4,Education Support,Education,Active,West,WA,545,532,102.44,32723.42,28941.12,3782.3,88.44,53.1,748.2,53,0.728,4.44,77.13
1232,2025-01-01,2025,1,Job Training,Economic Empowerment,Active,Midwest,OH,242,231,104.76,13959.64,10670.36,3289.28,76.44,44.09,189.5,24,1.277,4.15,76.73
43,2022-02-01,2022,2,Healthcare Access,Health,Paused,Northeast,NY,267,297,89.9,16652.61,12050.28,4602.33,72.36,45.13,182.0,18,1.467,4.56,70.94
747,2023-10-01,2023,10,Healthcare Access,Health,Active,Northeast,PA,292,349,83.67,18836.61,14693.98,4142.63,78.01,50.32,119.4,29,2.446,4.65,69.89
126,2022-04-01,2022,4,Community Outreach,Community,Active,South,TX,254,269,94.42,14691.24,10508.74,4182.5,71.53,41.37,262.1,25,0.969,4.78,75.08
205,2022-07-01,2022,7,Community Outreach,Community,Active,Midwest,OH,159,159,100.0,9071.49,6709.59,2361.9,73.96,42.2,105.6,10,1.506,5.0,61.46
991,2024-06-01,2024,6,Housing Support,Basic Needs,Completed,West,CA,334,288,115.97,19354.34,17591.55,1762.79,90.89,52.67,286.0,26,1.168,3.94,69.14
53,2022-02-01,2022,2,Education Support,Education,Active,Midwest,OH,519,637,81.48,28772.79,22637.05,6135.74,78.68,43.62,916.6,66,0.566,4.41,87.77
1228,2025-01-01,2025,1,Education Support,Education,Completed,West,WA,489,434,112.67,27505.94,24503.51,3002.43,89.08,50.11,461.4,44,1.06,4.44,76.33
546,2023-05-01,2023,5,Food Assistance,Basic Needs,Active,Northeast,MA,471,514,91.63,30158.03,27128.6,3029.43,89.95,57.6,486.6,33,0.968,4.26,78.26
69,2022-03-01,2022,3,Youth Development,Education,Active,Midwest,OH,163,185,88.11,9891.95,7514.87,2377.08,75.97,46.1,119.9,15,1.359,4.59,80.75
1157,2024-11-01,2024,11,Healthcare Access,Health,Active,Northeast,MA,327,304,107.57,24584.0,23298.75,1285.25,94.77,71.25,149.1,24,2.193,4.55,71.2
508,2023-03-01,2023,3,Youth Development,Education,Active,Northeast,PA,467,558,83.69,24310.95,18386.34,5924.61,75.63,39.37,469.1,46,0.996,4.12,84.55
1275,2025-02-01,2025,2,Education Support,Education,Active,Midwest,OH,591,591,100.0,33299.32,27856.99,5442.33,83.66,47.14,640.0,53,0.923,5.0,82.46
330,2022-10-01,2022,10,Youth Development,Education,Paused,West,AZ,290,378,76.72,15322.52,13593.44,1729.08,88.72,46.87,296.3,25,0.979,4.08,85.18
908,2024-03-01,2024,3,Food Assistance,Basic Needs,Active,South,FL,592,570,103.86,31674.28,32473.65,-799.37,102.52,54.85,705.2,74,0.839,4.67,88.87
184,2022-06-01,2022,6,Education Support,Education,Active,South,FL,353,459,76.91,18536.97,15190.44,3346.53,81.95,43.03,222.8,21,1.584,5.0,75.12
138,2022-05-01,2022,5,Food Assistance,Basic Needs,Active,Northeast,PA,354,420,84.29,26834.52,21860.71,4973.81,81.46,61.75,83.6,37,4.234,5.0,76.88
797,2023-12-01,2023,12,Job Training,Economic Empowerment,Active,Midwest,OH,176,178,98.88,11597.31,8828.03,2769.28,76.12,50.16,241.0,19,0.73,4.33,80.79
133,2022-04-01,2022,4,Community Outreach,Community,Active,Midwest,OH,207,234,88.46,11681.33,8678.51,3002.82,74.29,41.93,50.0,21,4.14,4.9,56.08
81,2022-03-01,2022,3,Community Outreach,Community,Active,Northeast,MA,208,210,99.05,11161.96,7028.53,4133.43,62.97,33.79,141.1,16,1.474,3.17,69.57
1326,2025-03-01,2025,3,Community Outreach,Community,Active,Northeast,NY,256,236,108.47,17883.46,11828.26,6055.2,66.14,46.2,107.0,22,2.393,4.59,69.13
106,2022-04-01,2022,4,Youth Development,Education,Active,South,TX,344,303,113.53,17446.23,14275.22,3171.01,81.82,41.5,321.9,30,1.069,4.68,99.0
1270,2025-02-01,2025,2,Food Assistance,Basic Needs,Active,Northeast,NY,449,477,94.13,31161.14,27595.35,3565.79,88.56,61.46,214.5,27,2.093,4.72,87.7
542,2023-04-01,2023,4,Education Support,Education,Active,South,TX,537,619,86.75,31723.0,21084.08,10638.92,66.46,39.26,529.9,53,1.013,4.73,74.84
888,2024-03-01,2024,3,Youth Development,Education,Active,Midwest,IL,556,511,108.81,30757.57,19663.04,11094.53,63.93,35.37,404.0,44,1.376,4.59,79.62
481,2023-03-01,2023,3,Youth Development,Education,Completed,Midwest,OH,285,341,83.58,17117.46,11003.54,6113.92,64.28,38.61,381.8,33,0.746,5.0,78.3
166,2022-05-01,2022,5,Youth Development,Education,Completed,West,AZ,333,346,96.24,17183.45,14239.07,2944.38,82.87,42.76,127.7,28,2.608,4.13,80.85
249,2022-08-01,2022,8,Community Outreach,Community,Completed,Midwest,MI,191,221,86.43,11557.1,9611.09,1946.01,83.16,50.32,137.5,13,1.389,4.74,76.03
308,2022-10-01,2022,10,Youth Development,Education,Completed,Midwest,IL,248,279,88.89,13252.09,10962.13,2289.96,82.72,44.2,238.5,21,1.04,4.77,72.1
447,2023-02-01,2023,2,Youth Development,Education,Active,West,AZ,400,402,99.5,19778.89,18022.49,1756.4,91.12,45.06,359.5,36,1.113,3.98,84.3
899,2024-03-01,2024,3,Food Assistance,Basic Needs,Paused,Midwest,OH,608,450,135.11,32404.26,32150.31,253.95,99.22,52.88,208.6,47,2.915,4.56,78.27
859,2024-02-01,2024,2,Community Outreach,Community,Active,Northeast,NY,237,288,82.29,13584.74,9501.18,4083.56,69.94,40.09,105.3,17,2.251,4.56,75.33
335,2022-10-01,2022,10,Job Training,Economic Empowerment,Active,Northeast,NY,180,162,111.11,12048.34,7033.06,5015.28,58.37,39.07,89.4,16,2.013,4.45,69.89
988,2024-06-01,2024,6,Healthcare Access,Health,Active,South,GA,425,361,117.73,25880.3,18929.68,6950.62,73.14,44.54,147.1,22,2.889,4.62,65.61
850,2024-01-01,2024,1,Housing Support,Basic Needs,Active,Midwest,IL,267,272,98.16,19077.34,17549.68,1527.66,91.99,65.73,416.4,31,0.641,4.23,77.85
98,2022-03-01,2022,3,Education Support,Education,Completed,South,TX,341,354,96.33,19789.76,16664.3,3125.46,84.21,48.87,184.8,30,1.845,4.69,84.88
916,2024-03-01,2024,3,Housing Support,Basic Needs,Active,Midwest,IL,286,281,101.78,19195.95,15443.06,3752.89,80.45,54.0,304.3,27,0.94,4.88,71.27
1625,2025-12-01,2025,12,Food Assistance,Basic Needs,Active,South,TX,484,598,80.94,38561.02,27978.77,10582.25,72.56,57.81,327.3,40,1.479,5.0,68.15
738,2023-10-01,2023,10,Community Outreach,Community,Active,South,GA,134,141,95.04,7640.88,6794.12,846.76,88.92,50.7,35.1,11,3.818,4.31,78.48
1037,2024-07-01,2024,7,Community Outreach,Community,Completed,South,TX,127,132,96.21,10544.27,10555.54,-11.27,100.11,83.11,194.7,13,0.652,4.44,78.22
1014,2024-06-01,2024,6,Healthcare Access,Health,Active,Northeast,NY,210,219,95.89,16529.97,14246.79,2283.18,86.19,67.84,231.8,22,0.906,4.02,59.54
422,2023-01-01,2023,1,Food Assistance,Basic Needs,Completed,Northeast,PA,539,560,96.25,30636.81,20234.71,10402.1,66.05,37.54,855.1,61,0.63,3.73,69.81
103,2022-04-01,2022,4,Job Training,Economic Empowerment,Completed,West,WA,254,270,94.07,14349.31,12721.36,1627.95,88.65,50.08,234.4,18,1.084,5.0,69.1
435,2023-01-01,2023,1,Housing Support,Basic Needs,Active,South,GA,204,192,106.25,15453.0,10068.27,5384.73,65.15,49.35,89.0,21,2.292,4.87,79.09
75,2022-03-01,2022,3,Housing Support,Basic Needs,Active,South,GA,254,306,83.01,16130.31,11758.97,4371.34,72.9,46.3,141.1,20,1.8,4.15,71.02
1472,2025-08-01,2025,8,Education Support,Education,Active,West,AZ,363,276,131.52,23476.11,20018.36,3457.75,85.27,55.15,373.4,35,0.972,5.0,74.68
974,2024-05-01,2024,5,Community Outreach,Community,Active,South,TX,213,227,93.83,13612.35,9749.42,3862.93,71.62,45.77,209.4,17,1.017,4.43,63.65
229,2022-07-01,2022,7,Community Outreach,Community,Active,West,AZ,173,153,113.07,10571.47,9737.31,834.16,92.11,56.29,133.7,14,1.294,4.7,71.87
1493,2025-08-01,2025,8,Education Support,Education,Active,Midwest,MI,444,424,104.72,26786.34,25336.85,1449.49,94.59,57.06,527.9,46,0.841,4.87,83.68
303,2022-09-01,2022,9,Youth Development,Education,Paused,South,TX,304,337,90.21,16027.29,10375.31,5651.98,64.74,34.13,397.6,32,0.765,4.44,81.65
1415,2025-06-01,2025,6,Job Training,Economic Empowerment,Paused,Northeast,MA,179,184,97.28,13236.61,9177.67,4058.94,69.34,51.27,189.3,18,0.946,4.38,65.62
1380,2025-05-01,2025,5,Food Assistance,Basic Needs,Active,Northeast,NY,445,409,108.8,22961.38,15648.31,7313.07,68.15,35.16,381.0,36,1.168,4.57,72.06
1337,2025-04-01,2025,4,Job Training,Economic Empowerment,Paused,Midwest,MI,311,303,102.64,20679.05,17932.3,2746.75,86.72,57.66,306.2,33,1.016,4.72,63.38
825,2024-01-01,2024,1,Job Training,Economic Empowerment,Active,South,FL,287,222,129.28,19406.97,17715.0,1691.97,91.28,61.72,167.6,21,1.712,3.61,85.93
763,2023-11-01,2023,11,Job Training,Economic Empowerment,Active,South,TX,166,180,92.22,10267.09,7271.08,2996.01,70.82,43.8,120.9,12,1.373,3.9,74.8
734,2023-10-01,2023,10,Job Training,Economic Empowerment,Active,Northeast,MA,166,158,105.06,11161.62,7927.29,3234.33,71.02,47.75,102.4,12,1.621,4.12,73.67
389,2022-12-01,2022,12,Youth Development,Education,Active,West,CA,268,229,117.03,14072.48,11782.03,2290.45,83.72,43.96,120.6,25,2.222,4.03,79.73
236,2022-07-01,2022,7,Job Training,Economic Empowerment,Active,South,FL,268,232,115.52,14048.87,10125.77,3923.1,72.08,37.78,224.4,22,1.194,4.04,75.39
1361,2025-05-01,2025,5,Job Training,Economic Empowerment,Active,West,AZ,203,198,102.53,13892.89,11173.5,2719.39,80.43,55.04,256.3,21,0.792,4.03,65.24
268,2022-08-01,2022,8,Community Outreach,Community,Active,West,CA,185,160,115.62,10045.55,6361.32,3684.23,63.32,34.39,154.0,16,1.201,4.46,71.95
306,2022-09-01,2022,9,Community Outreach,Community,Active,Northeast,MA,232,199,116.58,12781.07,10850.76,1930.31,84.9,46.77,172.7,17,1.343,4.51,68.12
1097,2024-09-01,2024,9,Healthcare Access,Health,Active,Midwest,OH,346,344,100.58,18969.44,17771.56,1197.88,93.69,51.36,256.3,23,1.35,5.0,63.98
951,2024-04-01,2024,4,Food Assistance,Basic Needs,Completed,South,FL,505,567,89.07,31026.72,21566.35,9460.37,69.51,42.71,345.2,45,1.463,4.09,72.9
118,2022-04-01,2022,4,Food Assistance,Basic Needs,Active,Northeast,PA,420,456,92.11,22348.9,16171.49,6177.41,72.36,38.5,280.3,24,1.498,4.78,77.21
1325,2025-03-01,2025,3,Community Outreach,Community,Active,Midwest,IL,248,273,90.84,14515.91,12048.37,2467.54,83.0,48.58,269.4,23,0.921,4.51,72.87
674,2023-08-01,2023,8,Food Assistance,Basic Needs,Active,South,GA,498,624,79.81,28627.99,17999.77,10628.22,62.87,36.14,113.5,28,4.388,4.18,79.29
250,2022-08-01,2022,8,Housing Support,Basic Needs,Active,South,TX,245,270,90.74,14969.73,13278.37,1691.36,88.7,54.2,145.9,20,1.679,4.28,62.04
1191,2024-12-01,2024,12,Education Support,Education,Active,South,GA,626,747,83.8,28462.11,28381.86,80.25,99.72,45.34,298.1,40,2.1,3.98,83.53
1175,2024-11-01,2024,11,Healthcare Access,Health,Active,South,GA,316,340,92.94,19057.62,16202.45,2855.17,85.02,51.27,257.7,31,1.226,4.44,80.12
72,2022-03-01,2022,3,Healthcare Access,Health,Active,West,WA,210,221,95.02,13132.5,12444.93,687.57,94.76,59.26,170.1,19,1.235,4.82,57.31
95,2022-03-01,2022,3,Housing Support,Basic Needs,Active,Midwest,OH,208,189,110.05,12241.49,12770.79,-529.3,104.32,61.4,189.3,19,1.099,3.97,73.6
1466,2025-08-01,2025,8,Healthcare Access,Health,Active,Midwest,IL,287,286,100.35,19602.57,12740.79,6861.78,65.0,44.39,248.3,32,1.156,4.69,85.85
34,2022-01-01,2022,1,Job Training,Economic Empowerment,Active,West,WA,172,223,77.13,12628.53,8044.2,4584.33,63.7,46.77,127.7,13,1.347,5.0,60.51
800,2023-12-01,2023,12,Youth Development,Education,Completed,South,TX,209,191,109.42,12488.2,10751.42,1736.78,86.09,51.44,113.1,18,1.848,4.94,70.53
1199,2024-12-01,2024,12,Housing Support,Basic Needs,Completed,Northeast,PA,232,258,89.92,18900.17,15840.24,3059.93,83.81,68.28,103.5,9,2.242,4.75,65.51
1378,2025-05-01,2025,5,Food Assistance,Basic Needs,Active,South,FL,501,426,117.61,31780.16,28945.25,2834.91,91.08,57.77,261.1,48,1.919,4.84,85.38
449,2023-02-01,2023,2,Food Assistance,Basic Needs,Completed,South,TX,439,415,105.78,29952.27,20612.77,9339.5,68.82,46.95,408.5,48,1.075,4.97,82.83
446,2023-02-01,2023,2,Healthcare Access,Health,Active,Midwest,MI,334,241,138.59,22008.66,19795.9,2212.76,89.95,59.27,337.0,35,0.991,4.55,83.59
772,2023-11-01,2023,11,Youth Development,Education,Active,Northeast,MA,310,284,109.15,16136.66,12800.4,3336.26,79.32,41.29,142.6,23,2.174,4.7,79.89
717,2023-10-01,2023,10,Job Training,Economic Empowerment,Paused,Midwest,OH,202,208,97.12,12733.47,9986.91,2746.56,78.43,49.44,189.5,21,1.066,4.15,69.75
1044,2024-07-01,2024,7,Youth Development,Education,Active,Midwest,MI,217,216,100.46,11457.84,9299.26,2158.58,81.16,42.85,266.9,21,0.813,3.87,77.55
1426,2025-06-01,2025,6,Job Training,Economic Empowerment,Paused,Midwest,OH,222,212,104.72,15176.42,10198.15,4978.27,67.2,45.94,218.6,20,1.016,4.06,84.17
1,2022-01-01,2022,1,Job Training,Economic Empowerment,Completed,Northeast,NY,227,260,87.31,14412.88,13437.17,975.71,93.23,59.19,160.5,18,1.414,5.0,78.14
1349,2025-04-01,2025,4,Housing Support,Basic Needs,Active,West,AZ,392,474,82.7,23364.0,18035.1,5328.9,77.19,46.01,150.5,18,2.605,4.24,64.02
1274,2025-02-01,2025,2,Community Outreach,Community,Paused,Midwest,MI,271,233,116.31,12903.62,8667.12,4236.5,67.17,31.98,355.0,24,0.763,4.0,67.87
78,2022-03-01,2022,3,Food Assistance,Basic Needs,Active,Midwest,IL,533,598,89.13,28265.84,22680.18,5585.66,80.24,42.55,384.4,36,1.387,5.0,88.76
85,2022-03-01,2022,3,Food Assistance,Basic Needs,Active,South,FL,431,362,119.06,26010.13,18264.79,7745.34,70.22,42.38,360.9,26,1.194,4.91,88.17
1010,2024-06-01,2024,6,Job Training,Economic Empowerment,Paused,South,GA,188,139,135.25,12989.16,10331.62,2657.54,79.54,54.96,185.1,15,1.016,4.57,82.67
83,2022-03-01,2022,3,Youth Development,Education,Paused,South,GA,325,351,92.59,17864.68,13676.55,4188.13,76.56,42.08,187.1,23,1.737,4.53,77.65
458,2023-02-01,2023,2,Housing Support,Basic Needs,Active,West,CA,180,193,93.26,15863.14,15883.01,-19.87,100.13,88.24,107.5,14,1.674,4.52,70.5
1091,2024-09-01,2024,9,Food Assistance,Basic Needs,Paused,Northeast,MA,441,481,91.68,24843.09,20173.06,4670.03,81.2,45.74,299.5,35,1.472,5.0,85.25
677,2023-08-01,2023,8,Education Support,Education,Active,West,WA,397,385,103.12,19665.37,14309.36,5356.01,72.76,36.04,315.6,27,1.258,4.2,85.16
1583,2025-11-01,2025,11,Education Support,Education,Active,Midwest,OH,581,651,89.25,30286.73,25490.51,4796.22,84.16,43.87,411.9,44,1.411,4.44,77.34
1173,2024-11-01,2024,11,Community Outreach,Community,Active,Northeast,PA,133,132,100.76,7478.06,5950.4,1527.66,79.57,44.74,75.1,11,1.771,3.81,61.96
437,2023-01-01,2023,1,Housing Support,Basic Needs,Active,Northeast,NY,156,156,100.0,12761.25,9681.38,3079.87,75.87,62.06,122.4,15,1.275,4.58,83.48
771,2023-11-01,2023,11,Youth Development,Education,Active,West,CA,343,296,115.88,17050.31,10686.25,6364.06,62.67,31.16,318.8,40,1.076,5.0,80.77
870,2024-02-01,2024,2,Youth Development,Education,Active,Northeast,NY,252,227,111.01,15034.92,9089.69,5945.23,60.46,36.07,294.3,21,0.856,5.0,82.78
645,2023-07-01,2023,7,Housing Support,Basic Needs,Active,South,TX,214,197,108.63,15142.72,11794.87,3347.85,77.89,55.12,302.3,18,0.708,4.27,58.96
863,2024-02-01,2024,2,Healthcare Access,Health,Paused,West,CA,285,297,95.96,19747.0,12490.96,7256.04,63.25,43.83,279.5,29,1.02,4.64,71.27
994,2024-06-01,2024,6,Job Training,Economic Empowerment,Active,West,CA,223,272,81.99,15698.78,13509.7,2189.08,86.06,60.58,219.0,23,1.018,3.77,79.82
1058,2024-08-01,2024,8,Education Support,Education,Active,Northeast,PA,462,425,108.71,25909.19,24327.49,1581.7,93.9,52.66,126.9,31,3.641,4.73,71.16
1303,2025-03-01,2025,3,Community Outreach,Community,Active,West,CA,289,341,84.75,18105.19,14139.06,3966.13,78.09,48.92,314.8,30,0.918,4.39,69.89
1222,2024-12-01,2024,12,Community Outreach,Community,Active,West,WA,173,80,216.25,14113.87,11409.35,2704.52,80.84,65.95,80.7,9,2.144,4.24,82.7
405,2022-12-01,2022,12,Youth Development,Education,Active,Northeast,PA,293,251,116.73,13077.39,10448.16,2629.23,79.89,35.66,197.2,31,1.486,4.63,89.5
1425,2025-06-01,2025,6,Food Assistance,Basic Needs,Active,Northeast,MA,423,391,108.18,34201.89,24313.94,9887.95,71.09,57.48,269.7,36,1.568,4.47,76.32
1069,2024-08-01,2024,8,Job Training,Economic Empowerment,Active,Northeast,MA,266,283,93.99,13496.29,12118.1,1378.19,89.79,45.56,174.4,20,1.525,3.81,66.06
1302,2025-03-01,2025,3,Food Assistance,Basic Needs,Completed,Midwest,OH,736,773,95.21,41518.89,33123.39,8395.5,79.78,45.0,368.1,45,1.999,4.49,76.44
105,2022-04-01,2022,4,Community Outreach,Community,Paused,Northeast,MA,136,142,95.77,9614.21,7724.26,1889.95,80.34,56.8,112.1,16,1.213,4.82,68.29
610,2023-06-01,2023,6,Job Training,Economic Empowerment,Completed,West,AZ,174,167,104.19,10559.57,7165.22,3394.35,67.86,41.18,105.8,10,1.645,4.1,79.74
1008,2024-06-01,2024,6,Food Assistance,Basic Needs,Completed,Midwest,MI,496,534,92.88,29647.93,20185.71,9462.22,68.08,40.7,414.8,42,1.196,3.82,85.97
1006,2024-06-01,2024,6,Healthcare Access,Health,Paused,West,CA,328,273,120.15,20119.53,17596.4,2523.13,87.46,53.65,390.1,34,0.841,4.17,69.35
689,2023-09-01,2023,9,Education Support,Education,Paused,West,AZ,360,321,112.15,18368.9,9677.16,8691.74,52.68,26.88,256.1,28,1.406,4.44,85.83
1074,2024-08-01,2024,8,Youth Development,Education,Active,Northeast,NY,318,423,75.18,16342.97,9247.78,7095.19,56.59,29.08,197.5,22,1.61,5.0,68.91
827,2024-01-01,2024,1,Food Assistance,Basic Needs,Active,Midwest,IL,468,539,86.83,26344.58,23084.45,3260.13,87.63,49.33,404.8,27,1.156,4.84,77.99
1250,2025-01-01,2025,1,Housing Support,Basic Needs,Active,South,TX,244,300,81.33,19672.01,17903.7,1768.31,91.01,73.38,77.4,10,3.152,4.58,73.16
1068,2024-08-01,2024,8,Community Outreach,Community,Active,West,CA,239,263,90.87,12758.28,10775.81,1982.47,84.46,45.09,109.7,18,2.179,4.07,69.93
63,2022-02-01,2022,2,Job Training,Economic Empowerment,Active,Northeast,MA,174,160,108.75,11134.99,7145.54,3989.45,64.17,41.07,256.9,18,0.677,3.78,76.5
282,2022-09-01,2022,9,Healthcare Access,Health,Active,Northeast,PA,290,299,96.99,15648.52,14570.58,1077.94,93.11,50.24,142.0,15,2.042,3.89,77.91
853,2024-02-01,2024,2,Healthcare Access,Health,Completed,South,TX,201,211,95.26,14665.32,10641.73,4023.59,72.56,52.94,352.1,25,0.571,4.06,79.46
779,2023-11-01,2023,11,Healthcare Access,Health,Active,West,AZ,323,270,119.63,20199.12,16550.9,3648.22,81.94,51.24,253.5,32,1.274,4.58,72.09
1108,2024-09-01,2024,9,Community Outreach,Community,Active,Northeast,MA,185,150,123.33,11697.06,7000.83,4696.23,59.85,37.84,167.3,17,1.106,4.19,56.74
239,2022-08-01,2022,8,Education Support,Education,Paused,Northeast,PA,347,283,122.61,18542.14,12373.6,6168.54,66.73,35.66,197.1,20,1.761,5.0,97.85
224,2022-07-01,2022,7,Healthcare Access,Health,Active,South,TX,239,240,99.58,17353.75,12230.65,5123.1,70.48,51.17,282.7,22,0.845,3.61,75.92
146,2022-05-01,2022,5,Youth Development,Education,Active,Midwest,OH,217,183,118.58,9357.32,5759.06,3598.26,61.55,26.54,358.8,23,0.605,5.0,86.51
1536,2025-10-01,2025,10,Community Outreach,Community,Active,West,AZ,246,283,86.93,16760.41,14362.35,2398.06,85.69,58.38,220.3,20,1.117,4.49,58.66
374,2022-11-01,2022,11,Community Outreach,Community,Completed,Midwest,MI,99,102,97.06,7203.75,5686.19,1517.56,78.93,57.44,93.2,6,1.062,5.0,74.82
1343,2025-04-01,2025,4,Healthcare Access,Health,Completed,South,GA,452,447,101.12,30837.55,19566.76,11270.79,63.45,43.29,463.4,47,0.975,4.44,71.86
119,2022-04-01,2022,4,Community Outreach,Community,Active,Midwest,IL,212,174,121.84,15636.06,11114.26,4521.8,71.08,52.43,171.8,17,1.234,4.27,72.82
1231,2025-01-01,2025,1,Community Outreach,Community,Paused,South,GA,203,196,103.57,11260.01,7373.78,3886.23,65.49,36.32,133.6,15,1.519,4.5,72.01
1227,2025-01-01,2025,1,Housing Support,Basic Needs,Active,Northeast,NY,162,156,103.85,11021.05,7822.79,3198.26,70.98,48.29,184.5,15,0.878,4.29,69.64
251,2022-08-01,2022,8,Community Outreach,Community,Active,West,CA,132,123,107.32,8665.82,6492.46,2173.36,74.92,49.19,60.2,6,2.193,4.38,63.46
1586,2025-11-01,2025,11,Education Support,Education,Active,Northeast,NY,480,554,86.64,26485.64,16481.41,10004.23,62.23,34.34,417.5,31,1.15,3.41,78.88
1320,2025-03-01,2025,3,Community Outreach,Community,Completed,South,TX,145,174,83.33,11290.12,7096.32,4193.8,62.85,48.94,114.9,13,1.262,4.33,80.91
1095,2024-09-01,2024,9,Education Support,Education,Active,West,CA,408,388,105.15,24019.0,21783.44,2235.56,90.69,53.39,216.6,30,1.884,4.59,91.69
10,2022-01-01,2022,1,Education Support,Education,Active,Midwest,IL,456,300,152.0,21594.84,18618.86,2975.98,86.22,40.83,341.3,39,1.336,4.56,64.1
450,2023-02-01,2023,2,Job Training,Economic Empowerment,Active,West,WA,275,341,80.65,20917.78,18713.97,2203.81,89.46,68.05,204.3,17,1.346,4.44,70.18
1600,2025-12-01,2025,12,Youth Development,Education,Active,South,GA,457,651,70.2,26172.18,20478.37,5693.81,78.24,44.81,229.6,29,1.99,3.53,94.86
1041,2024-07-01,2024,7,Healthcare Access,Health,Paused,Northeast,NY,177,234,75.64,12658.56,11951.49,707.07,94.41,67.52,204.9,15,0.864,4.38,73.05
709,2023-09-01,2023,9,Community Outreach,Community,Paused,South,GA,123,142,86.62,9576.18,8155.64,1420.54,85.17,66.31,77.0,6,1.597,5.0,70.37
256,2022-08-01,2022,8,Housing Support,Basic Needs,Active,Midwest,MI,155,151,102.65,10788.91,8579.72,2209.19,79.52,55.35,123.0,10,1.26,4.35,67.93
883,2024-02-01,2024,2,Food Assistance,Basic Needs,Completed,West,AZ,522,701,74.47,30217.76,25645.68,4572.08,84.87,49.13,659.6,60,0.791,4.17,78.94
390,2022-12-01,2022,12,Community Outreach,Community,Paused,West,CA,136,151,90.07,10215.13,8224.68,1990.45,80.51,60.48,83.7,11,1.625,4.85,83.24
1290,2025-02-01,2025,2,Food Assistance,Basic Needs,Paused,South,TX,580,552,105.07,30489.94,26573.21,3916.73,87.15,45.82,335.7,63,1.728,5.0,94.48
1312,2025-03-01,2025,3,Housing Support,Basic Needs,Active,Midwest,MI,208,187,111.23,15146.77,11943.19,3203.58,78.85,57.42,101.3,13,2.053,4.03,65.92
558,2023-05-01,2023,5,Housing Support,Basic Needs,Paused,South,FL,154,126,122.22,12120.43,10256.37,1864.06,84.62,66.6,240.1,17,0.641,4.73,77.3
909,2024-03-01,2024,3,Job Training,Economic Empowerment,Paused,Northeast,MA,231,273,84.62,15651.78,12331.16,3320.62,78.78,53.38,148.3,20,1.558,3.64,73.89
925,2024-04-01,2024,4,Community Outreach,Community,Active,South,GA,155,164,94.51,10408.47,6207.85,4200.62,59.64,40.05,167.6,17,0.925,4.55,80.92
1459,2025-07-01,2025,7,Housing Support,Basic Needs,Active,South,GA,223,262,85.11,16193.33,11758.42,4434.91,72.61,52.73,95.2,18,2.342,3.63,68.06
1520,2025-09-01,2025,9,Food Assistance,Basic Needs,Active,South,GA,511,590,86.61,34086.89,23349.0,10737.89,68.5,45.69,495.9,44,1.03,4.2,79.36
461,2023-02-01,2023,2,Community Outreach,Community,Active,Northeast,PA,150,162,92.59,10120.06,9137.62,982.44,90.29,60.92,103.2,14,1.453,5.0,72.12
724,2023-10-01,2023,10,Youth Development,Education,Completed,Northeast,PA,304,314,96.82,15583.6,15181.93,401.67,97.42,49.94,136.3,14,2.23,3.82,61.95
1048,2024-07-01,2024,7,Youth Development,Education,Completed,Midwest,MI,218,255,85.49,13467.77,10815.57,2652.2,80.31,49.61,195.1,19,1.117,4.59,91.94
145,2022-05-01,2022,5,Community Outreach,Community,Active,West,AZ,131,170,77.06,10035.75,8841.31,1194.44,88.1,67.49,136.2,9,0.962,4.82,67.4
959,2024-05-01,2024,5,Youth Development,Education,Paused,Northeast,NY,450,403,111.66,22903.93,16756.47,6147.46,73.16,37.24,347.7,37,1.294,4.89,65.88
502,2023-03-01,2023,3,Food Assistance,Basic Needs,Completed,West,AZ,509,536,94.96,27306.41,17460.91,9845.5,63.94,34.3,319.9,32,1.591,4.46,73.37
923,2024-04-01,2024,4,Housing Support,Basic Needs,Paused,Midwest,MI,299,340,87.94,18438.16,15113.84,3324.32,81.97,50.55,325.1,31,0.92,4.21,61.63
1197,2024-12-01,2024,12,Housing Support,Basic Needs,Active,Northeast,NY,313,311,100.64,21738.32,15736.17,6002.15,72.39,50.28,60.6,23,5.165,4.53,61.24
740,2023-10-01,2023,10,Housing Support,Basic Needs,Active,West,WA,259,263,98.48,16332.0,11279.67,5052.33,69.06,43.55,125.2,26,2.069,4.64,59.21
1519,2025-09-01,2025,9,Community Outreach,Community,Paused,Northeast,MA,190,230,82.61,11287.85,9724.12,1563.73,86.15,51.18,101.6,15,1.87,3.39,67.9
869,2024-02-01,2024,2,Youth Development,Education,Active,South,GA,285,221,128.96,13824.89,12025.05,1799.84,86.98,42.19,247.6,22,1.151,3.95,91.37
732,2023-10-01,2023,10,Food Assistance,Basic Needs,Active,South,TX,335,364,92.03,20735.88,15198.98,5536.9,73.3,45.37,225.7,32,1.484,3.87,63.61
540,2023-04-01,2023,4,Healthcare Access,Health,Active,Midwest,IL,401,396,101.26,23004.54,20257.63,2746.91,88.06,50.52,295.7,24,1.356,4.52,72.31
178,2022-06-01,2022,6,Job Training,Economic Empowerment,Active,West,CA,210,269,78.07,12729.31,10575.3,2154.01,83.08,50.36,243.6,20,0.862,4.24,65.29
1588,2025-11-01,2025,11,Healthcare Access,Health,Active,Northeast,PA,437,368,118.75,26636.2,19380.92,7255.28,72.76,44.35,376.7,35,1.16,4.0,68.85
698,2023-09-01,2023,9,Healthcare Access,Health,Active,South,TX,262,222,118.02,15391.83,12029.77,3362.06,78.16,45.92,385.8,32,0.679,5.0,78.13
1532,2025-10-01,2025,10,Healthcare Access,Health,Paused,South,FL,356,423,84.16,22048.93,14338.06,7710.87,65.03,40.28,547.1,47,0.651,3.69,69.33
1143,2024-10-01,2024,10,Healthcare Access,Health,Completed,West,CA,345,331,104.23,18408.9,15824.92,2583.98,85.96,45.87,262.7,29,1.313,4.56,71.87
1129,2024-10-01,2024,10,Community Outreach,Community,Active,Northeast,NY,194,191,101.57,11540.47,10238.33,1302.14,88.72,52.77,132.6,17,1.463,4.37,68.08
373,2022-11-01,2022,11,Education Support,Education,Active,Northeast,NY,386,437,88.33,24138.14,19310.06,4828.08,80.0,50.03,431.2,34,0.895,4.85,82.31
668,2023-08-01,2023,8,Education Support,Education,Active,Midwest,OH,298,297,100.34,18536.05,15886.88,2649.17,85.71,53.31,190.3,18,1.566,3.75,75.51
1256,2025-01-01,2025,1,Community Outreach,Community,Active,Midwest,MI,218,220,99.09,14374.26,11390.72,2983.54,79.24,52.25,137.2,14,1.589,4.58,71.68
358,2022-11-01,2022,11,Youth Development,Education,Active,South,TX,237,291,81.44,13401.22,10713.08,2688.14,79.94,45.2,182.1,17,1.301,4.05,87.45
968,2024-05-01,2024,5,Education Support,Education,Active,Northeast,PA,708,766,92.43,37512.81,31567.65,5945.16,84.15,44.59,631.3,69,1.121,4.24,84.8
784,2023-12-01,2023,12,Housing Support,Basic Needs,Paused,South,FL,200,212,94.34,13004.35,11403.21,1601.14,87.69,57.02,225.4,21,0.887,4.19,73.93
736,2023-10-01,2023,10,Youth Development,Education,Active,Northeast,NY,193,222,86.94,9066.54,5711.49,3355.05,63.0,29.59,136.8,10,1.411,4.22,75.33
971,2024-05-01,2024,5,Job Training,Economic Empowerment,Active,West,AZ,330,296,111.49,18977.25,15954.72,3022.53,84.07,48.35,358.1,38,0.922,5.0,58.21
1462,2025-07-01,2025,7,Youth Development,Education,Active,West,WA,380,366,103.83,18037.77,17248.57,789.2,95.62,45.39,358.1,43,1.061,4.32,73.89
1229,2025-01-01,2025,1,Community Outreach,Community,Active,Midwest,IL,173,138,125.36,13615.79,9802.35,3813.44,71.99,56.66,125.9,16,1.374,3.92,63.48
1224,2024-12-01,2024,12,Food Assistance,Basic Needs,Active,South,GA,374,404,92.57,21089.06,19984.95,1104.11,94.76,53.44,152.0,19,2.461,4.86,80.68
1399,2025-06-01,2025,6,Job Training,Economic Empowerment,Completed,Northeast,PA,200,240,83.33,14312.82,11949.0,2363.82,83.48,59.74,103.7,20,1.929,4.34,69.76
1419,2025-06-01,2025,6,Food Assistance,Basic Needs,Active,South,FL,522,527,99.05,31877.86,29150.02,2727.84,91.44,55.84,597.7,59,0.873,3.89,82.31
886,2024-03-01,2024,3,Community Outreach,Community,Paused,South,FL,262,244,107.38,14631.44,10458.72,4172.72,71.48,39.92,84.8,20,3.09,4.44,54.91
80,2022-03-01,2022,3,Housing Support,Basic Needs,Active,West,WA,207,186,111.29,14427.64,8865.99,5561.65,61.45,42.83,203.3,21,1.018,3.77,57.64
815,2023-12-01,2023,12,Education Support,Education,Active,Midwest,OH,330,354,93.22,19291.31,13689.67,5601.64,70.96,41.48,384.6,39,0.858,3.3,82.71
1321,2025-03-01,2025,3,Housing Support,Basic Needs,Active,West,CA,275,290,94.83,16960.82,12971.61,3989.21,76.48,47.17,212.3,36,1.295,4.93,73.25
672,2023-08-01,2023,8,Job Training,Economic Empowerment,Paused,West,CA,216,187,115.51,11335.72,7565.93,3769.79,66.74,35.03,121.3,13,1.781,4.6,77.92
1262,2025-02-01,2025,2,Food Assistance,Basic Needs,Paused,West,WA,791,778,101.67,38660.51,25751.53,12908.98,66.61,32.56,176.2,25,4.489,4.44,90.79
58,2022-02-01,2022,2,Community Outreach,Community,Paused,South,FL,157,152,103.29,11509.22,7598.53,3910.69,66.02,48.4,191.8,20,0.819,4.07,71.71
134,2022-04-01,2022,4,Healthcare Access,Health,Active,Midwest,IL,264,226,116.81,18282.84,16382.94,1899.9,89.61,62.06,197.0,19,1.34,4.43,78.82
934,2024-04-01,2024,4,Community Outreach,Community,Active,West,AZ,262,262,100.0,18786.33,13963.44,4822.89,74.33,53.3,221.1,20,1.185,4.81,67.55
1579,2025-11-01,2025,11,Food Assistance,Basic Needs,Completed,Midwest,MI,314,324,96.91,17203.77,12840.54,4363.23,74.64,40.89,165.7,28,1.895,5.0,77.18
824,2024-01-01,2024,1,Housing Support,Basic Needs,Active,Northeast,NY,324,410,79.02,21161.35,15955.58,5205.77,75.4,49.25,213.6,21,1.517,4.25,58.58
505,2023-03-01,2023,3,Youth Development,Education,Active,South,FL,183,170,107.65,15257.76,13360.77,1896.99,87.57,73.01,152.1,17,1.203,4.54,76.49
1461,2025-07-01,2025,7,Food Assistance,Basic Needs,Paused,Midwest,OH,408,548,74.45,24392.13,19215.97,5176.16,78.78,47.1,473.8,44,0.861,4.99,55.6
348,2022-11-01,2022,11,Education Support,Education,Paused,Midwest,IL,324,337,96.14,18758.2,15530.74,3227.46,82.79,47.93,259.9,33,1.247,3.98,71.66
387,2022-12-01,2022,12,Housing Support,Basic Needs,Active,West,CA,135,105,128.57,8758.82,7497.3,1261.52,85.6,55.54,116.0,11,1.164,3.96,78.24
1025,2024-07-01,2024,7,Food Assistance,Basic Needs,Completed,West,AZ,480,512,93.75,27416.31,24121.47,3294.84,87.98,50.25,675.9,46,0.71,5.0,78.64
895,2024-03-01,2024,3,Food Assistance,Basic Needs,Completed,Midwest,IL,507,503,100.8,27080.93,15513.65,11567.28,57.29,30.6,415.9,55,1.219,4.11,74.78
829,2024-01-01,2024,1,Housing Support,Basic Needs,Active,Northeast,NY,165,182,90.66,14505.75,13425.7,1080.05,92.55,81.37,127.2,12,1.297,3.65,71.66
1554,2025-10-01,2025,10,Youth Development,Education,Active,Northeast,NY,292,275,106.18,17289.4,13632.77,3656.63,78.85,46.69,202.8,23,1.44,5.0,94.3
476,2023-02-01,2023,2,Healthcare Access,Health,Active,Northeast,PA,213,185,115.14,15843.98,12610.96,3233.02,79.59,59.21,151.0,14,1.411,4.47,59.25
1147,2024-10-01,2024,10,Community Outreach,Community,Active,Northeast,NY,194,172,112.79,12004.6,9417.09,2587.51,78.45,48.54,125.8,19,1.542,4.88,66.98
653,2023-08-01,2023,8,Housing Support,Basic Needs,Paused,Northeast,PA,199,194,102.58,14014.81,9251.25,4763.56,66.01,46.49,228.8,24,0.87,4.25,60.57
173,2022-06-01,2022,6,Housing Support,Basic Needs,Paused,South,TX,202,194,104.12,15029.599999999999,11430.07,3599.53,76.05,56.58,165.6,20,1.22,5.0,63.15
39,2022-02-01,2022,2,Food Assistance,Basic Needs,Active,West,WA,479,595,80.5,27279.36,19664.13,7615.23,72.08,41.05,404.8,45,1.183,4.39,86.79
714,2023-09-01,2023,9,Housing Support,Basic Needs,Paused,Midwest,MI,139,166,83.73,12311.36,9970.72,2340.64,80.99,71.73,128.2,9,1.084,4.39,59.71
91,2022-03-01,2022,3,Community Outreach,Community,Completed,West,AZ,155,131,118.32,12538.2,10711.72,1826.48,85.43,69.11,117.5,13,1.319,4.39,72.78
1592,2025-11-01,2025,11,Education Support,Education,Active,West,WA,459,361,127.15,24602.27,20593.54,4008.73,83.71,44.87,350.4,24,1.31,4.34,78.52
876,2024-02-01,2024,2,Youth Development,Education,Active,Northeast,PA,334,387,86.3,23305.38,17633.49,5671.89,75.66,52.79,377.6,33,0.885,5.0,92.83
1106,2024-09-01,2024,9,Education Support,Education,Active,West,CA,364,378,96.3,18861.9,14170.74,4691.16,75.13,38.93,260.0,34,1.4,4.37,80.97
1117,2024-09-01,2024,9,Healthcare Access,Health,Active,Northeast,NY,260,259,100.39,15394.77,12280.04,3114.73,79.77,47.23,154.7,22,1.681,4.73,74.61
1610,2025-12-01,2025,12,Healthcare Access,Health,Active,South,FL,391,336,116.37,23250.77,15071.61,8179.16,64.82,38.55,173.2,15,2.258,4.82,81.75
500,2023-03-01,2023,3,Housing Support,Basic Needs,Completed,Midwest,MI,170,126,134.92,10335.08,8090.78,2244.3,78.28,47.59,60.9,7,2.791,5.0,70.89
339,2022-10-01,2022,10,Youth Development,Education,Completed,South,FL,317,340,93.24,15461.06,12096.59,3364.47,78.24,38.16,321.8,24,0.985,4.18,94.26
29,2022-01-01,2022,1,Youth Development,Education,Active,West,CA,321,340,94.41,15565.04,10463.22,5101.82,67.22,32.6,246.4,22,1.303,4.22,83.73
1086,2024-08-01,2024,8,Youth Development,Education,Active,Northeast,PA,253,202,125.25,13691.45,11817.38,1874.07,86.31,46.71,268.3,26,0.943,4.04,93.04
1495,2025-08-01,2025,8,Youth Development,Education,Active,West,WA,199,184,108.15,17019.62,12439.73,4579.89,73.09,62.51,230.8,22,0.862,4.17,90.53
946,2024-04-01,2024,4,Food Assistance,Basic Needs,Active,Midwest,MI,345,413,83.54,23000.53,19947.87,3052.66,86.73,57.82,161.1,31,2.142,4.33,68.2
170,2022-05-01,2022,5,Healthcare Access,Health,Active,South,FL,377,363,103.86,20742.06,10804.45,9937.61,52.09,28.66,282.9,27,1.333,3.78,76.47
913,2024-03-01,2024,3,Food Assistance,Basic Needs,Completed,West,AZ,414,390,106.15,27382.4,24429.2,2953.2,89.21,59.01,238.2,29,1.738,4.29,80.71
492,2023-03-01,2023,3,Education Support,Education,Completed,West,CA,351,404,86.88,19371.14,18069.46,1301.68,93.28,51.48,410.5,36,0.855,4.55,83.11
954,2024-05-01,2024,5,Education Support,Education,Active,Northeast,NY,736,894,82.33,37565.37,31149.18,6416.19,82.92,42.32,388.0,37,1.897,5.0,73.17
1033,2024-07-01,2024,7,Youth Development,Education,Active,Midwest,MI,402,403,99.75,21456.87,17313.15,4143.72,80.69,43.07,400.1,29,1.005,4.46,81.31
588,2023-06-01,2023,6,Youth Development,Education,Active,West,CA,401,429,93.47,19102.63,14003.89,5098.74,73.31,34.92,147.2,25,2.724,4.85,86.62
751,2023-11-01,2023,11,Job Training,Economic Empowerment,Active,Midwest,MI,153,139,110.07,10335.17,7495.07,2840.1,72.52,48.99,139.1,12,1.1,4.26,59.31
658,2023-08-01,2023,8,Education Support,Education,Paused,Northeast,NY,306,247,123.89,18903.81,18568.44,335.37,98.23,60.68,249.2,33,1.228,4.64,83.34
235,2022-07-01,2022,7,Housing Support,Basic Needs,Paused,West,AZ,200,249,80.32,12113.9,11139.56,974.34,91.96,55.7,125.7,14,1.591,3.59,61.55
733,2023-10-01,2023,10,Community Outreach,Community,Active,Northeast,PA,93,93,100.0,6389.73,4580.52,1809.21,71.69,49.25,125.7,10,0.74,4.23,55.65
1205,2024-12-01,2024,12,Job Training,Economic Empowerment,Active,South,FL,203,211,96.21,13831.6,8842.93,4988.67,63.93,43.56,225.1,17,0.902,4.13,70.07
1342,2025-04-01,2025,4,Healthcare Access,Health,Paused,Midwest,MI,206,168,122.62,14250.25,11595.02,2655.23,81.37,56.29,122.3,15,1.684,4.01,49.14
935,2024-04-01,2024,4,Youth Development,Education,Active,Northeast,PA,334,346,96.53,15874.76,15129.16,745.6,95.3,45.3,119.9,12,2.786,5.0,79.17
1066,2024-08-01,2024,8,Food Assistance,Basic Needs,Active,Northeast,NY,454,443,102.48,25577.7,17351.92,8225.78,67.84,38.22,216.6,21,2.096,4.35,79.7
109,2022-04-01,2022,4,Community Outreach,Community,Active,South,GA,155,169,91.72,10440.88,8493.09,1947.79,81.34,54.79,217.9,15,0.711,4.3,63.61
1271,2025-02-01,2025,2,Job Training,Economic Empowerment,Active,West,WA,195,213,91.55,12414.08,9556.29,2857.79,76.98,49.01,64.5,6,3.023,5.0,72.93
569,2023-05-01,2023,5,Food Assistance,Basic Needs,Active,Northeast,PA,565,585,96.58,30481.1,23600.33,6880.77,77.43,41.77,464.0,52,1.218,5.0,84.71
891,2024-03-01,2024,3,Job Training,Economic Empowerment,Completed,South,TX,213,208,102.4,14816.44,11490.73,3325.71,77.55,53.95,112.0,24,1.902,4.42,77.0
948,2024-04-01,2024,4,Education Support,Education,Active,South,TX,283,273,103.66,15980.41,10181.27,5799.14,63.71,35.98,346.2,31,0.817,4.51,90.91
1049,2024-07-01,2024,7,Community Outreach,Community,Completed,Midwest,OH,156,202,77.23,12166.02,9940.05,2225.97,81.7,63.72,70.0,11,2.229,4.56,69.06
1107,2024-09-01,2024,9,Education Support,Education,Completed,Northeast,MA,378,503,75.15,19667.96,13857.46,5810.5,70.46,36.66,80.9,18,4.672,4.45,74.69
1346,2025-04-01,2025,4,Community Outreach,Community,Active,West,CA,278,279,99.64,16998.6,15980.22,1018.38,94.01,57.48,378.6,32,0.734,3.02,82.63
885,2024-03-01,2024,3,Healthcare Access,Health,Active,Northeast,MA,329,382,86.13,17295.5,15660.24,1635.26,90.55,47.6,483.4,33,0.681,4.7,73.75
1382,2025-05-01,2025,5,Healthcare Access,Health,Completed,Northeast,NY,476,603,78.94,22648.94,13878.36,8770.58,61.28,29.16,418.1,44,1.138,4.82,69.04
851,2024-02-01,2024,2,Community Outreach,Community,Active,Midwest,OH,156,109,143.12,11287.71,10692.7,595.01,94.73,68.54,91.8,10,1.699,3.97,75.56
735,2023-10-01,2023,10,Healthcare Access,Health,Completed,South,TX,281,349,80.52,18908.24,12895.3,6012.94,68.2,45.89,146.3,14,1.921,4.08,77.57
718,2023-10-01,2023,10,Community Outreach,Community,Active,Northeast,PA,214,205,104.39,11764.88,9293.0,2471.88,78.99,43.43,133.4,19,1.604,4.39,58.27
455,2023-02-01,2023,2,Job Training,Economic Empowerment,Active,West,WA,247,275,89.82,14158.44,11421.35,2737.09,80.67,46.24,198.1,19,1.247,4.35,75.66
265,2022-08-01,2022,8,Job Training,Economic Empowerment,Active,Midwest,MI,163,189,86.24,11593.58,8447.99,3145.59,72.87,51.83,91.2,13,1.787,3.25,70.47
76,2022-03-01,2022,3,Housing Support,Basic Needs,Active,Midwest,MI,227,268,84.7,16873.43,15448.7,1424.73,91.56,68.06,298.0,21,0.762,4.0,58.04
445,2023-02-01,2023,2,Community Outreach,Community,Active,West,AZ,273,211,129.38,13465.1,10459.31,3005.79,77.68,38.31,255.0,26,1.071,4.33,59.61
396,2022-12-01,2022,12,Job Training,Economic Empowerment,Active,Northeast,PA,189,185,102.16,11224.45,7975.42,3249.03,71.05,42.2,56.3,11,3.357,4.23,73.26
177,2022-06-01,2022,6,Education Support,Education,Active,South,FL,336,420,80.0,19497.69,16292.72,3204.97,83.56,48.49,462.3,31,0.727,4.23,87.42
1043,2024-07-01,2024,7,Job Training,Economic Empowerment,Completed,West,WA,154,165,93.33,11460.17,8742.67,2717.5,76.29,56.77,123.0,13,1.252,5.0,61.36
1432,2025-07-01,2025,7,Food Assistance,Basic Needs,Active,South,TX,482,464,103.88,34821.11,24181.43,10639.68,69.44,50.17,152.2,22,3.167,5.0,82.88
1150,2024-10-01,2024,10,Food Assistance,Basic Needs,Paused,West,WA,536,482,111.2,29670.92,18604.41,11066.51,62.7,34.71,808.2,62,0.663,3.37,74.33
1132,2024-10-01,2024,10,Food Assistance,Basic Needs,Completed,Midwest,MI,495,551,89.84,25771.22,17192.92,8578.3,66.71,34.73,355.1,41,1.394,3.71,72.48
596,2023-06-01,2023,6,Youth Development,Education,Active,Midwest,OH,266,306,86.93,13496.42,11045.74,2450.68,81.84,41.53,172.1,17,1.546,4.44,79.98
62,2022-02-01,2022,2,Healthcare Access,Health,Completed,West,AZ,470,493,95.33,25498.58,23662.54,1836.04,92.8,50.35,293.9,40,1.599,5.0,79.31
873,2024-02-01,2024,2,Healthcare Access,Health,Completed,Midwest,MI,448,575,77.91,23999.18,14035.67,9963.51,58.48,31.33,319.3,25,1.403,4.33,69.63
1223,2024-12-01,2024,12,Youth Development,Education,Active,Midwest,OH,374,440,85.0,20145.01,16455.45,3689.56,81.68,44.0,341.0,28,1.097,4.05,84.59
1544,2025-10-01,2025,10,Community Outreach,Community,Active,South,GA,175,189,92.59,10205.49,7914.31,2291.18,77.55,45.22,73.3,12,2.387,4.09,67.36
279,2022-09-01,2022,9,Healthcare Access,Health,Active,Northeast,PA,276,349,79.08,14306.43,10300.02,4006.41,72.0,37.32,144.2,12,1.914,4.14,81.33
37,2022-02-01,2022,2,Food Assistance,Basic Needs,Active,South,GA,461,470,98.09,27838.32,21020.3,6818.02,75.51,45.6,383.6,33,1.202,4.65,72.46
663,2023-08-01,2023,8,Housing Support,Basic Needs,Active,South,FL,223,257,86.77,13508.08,10912.91,2595.17,80.79,48.94,156.9,18,1.421,4.74,72.43
1484,2025-08-01,2025,8,Job Training,Economic Empowerment,Active,West,WA,191,199,95.98,13827.0,7709.41,6117.59,55.76,40.36,180.7,17,1.057,5.0,70.45
1287,2025-02-01,2025,2,Housing Support,Basic Needs,Paused,Northeast,NY,224,202,110.89,16268.8,10425.07,5843.73,64.08,46.54,136.0,15,1.647,4.4,65.83
978,2024-05-01,2024,5,Youth Development,Education,Active,South,TX,287,282,101.77,17675.34,14200.83,3474.51,80.34,49.48,314.1,27,0.914,4.33,84.27
1555,2025-10-01,2025,10,Job Training,Economic Empowerment,Active,West,CA,169,158,106.96,10135.15,7653.81,2481.34,75.52,45.29,134.5,15,1.257,4.51,77.38
739,2023-10-01,2023,10,Food Assistance,Basic Needs,Active,West,WA,345,353,97.73,20859.85,10222.34,10637.51,49.0,29.63,297.1,41,1.161,4.72,77.31
192,2022-06-01,2022,6,Community Outreach,Community,Completed,West,CA,133,142,93.66,9849.68,5940.89,3908.79,60.32,44.67,109.6,12,1.214,4.17,57.24
920,2024-04-01,2024,4,Community Outreach,Community,Active,Midwest,OH,220,274,80.29,12380.76,10726.78,1653.98,86.64,48.76,178.4,20,1.233,3.84,85.55
457,2023-02-01,2023,2,Job Training,Economic Empowerment,Active,Midwest,MI,256,284,90.14,16870.16,14087.93,2782.23,83.51,55.03,178.5,24,1.434,4.48,74.91
676,2023-08-01,2023,8,Housing Support,Basic Needs,Active,Northeast,MA,151,171,88.3,10470.12,8262.07,2208.05,78.91,54.72,95.2,10,1.586,3.66,77.2
761,2023-11-01,2023,11,Job Training,Economic Empowerment,Active,Northeast,PA,275,339,81.12,16531.23,13115.81,3415.42,79.34,47.69,190.7,22,1.442,4.27,59.62
1490,2025-08-01,2025,8,Healthcare Access,Health,Paused,West,CA,303,268,113.06,19891.66,16031.88,3859.78,80.6,52.91,348.1,30,0.87,4.71,71.02
729,2023-10-01,2023,10,Job Training,Economic Empowerment,Paused,South,TX,142,147,96.6,11094.07,8691.51,2402.56,78.34,61.21,154.9,12,0.917,4.3,71.04
413,2023-01-01,2023,1,Housing Support,Basic Needs,Active,West,AZ,267,234,114.1,19928.5,17810.73,2117.77,89.37,66.71,171.7,24,1.555,4.45,59.79
1099,2024-09-01,2024,9,Healthcare Access,Health,Paused,Midwest,OH,252,288,87.5,14719.69,11041.14,3678.55,75.01,43.81,193.1,25,1.305,3.5,71.61
826,2024-01-01,2024,1,Housing Support,Basic Needs,Paused,South,FL,192,228,84.21,12626.47,10381.13,2245.34,82.22,54.07,83.9,16,2.288,3.99,69.5
617,2023-07-01,2023,7,Community Outreach,Community,Paused,West,AZ,130,158,82.28,8506.72,4771.2,3735.52,56.09,36.7,184.6,15,0.704,4.17,74.35
115,2022-04-01,2022,4,Community Outreach,Community,Active,Northeast,NY,227,235,96.6,12262.09,9906.57,2355.52,80.79,43.64,219.3,22,1.035,4.18,71.55
418,2023-01-01,2023,1,Healthcare Access,Health,Completed,Northeast,NY,252,284,88.73,15393.74,14772.39,621.35,95.96,58.62,222.3,25,1.134,3.99,84.84
1568,2025-11-01,2025,11,Healthcare Access,Health,Completed,Midwest,OH,414,365,113.42,23887.99,16880.71,7007.28,70.67,40.77,207.6,27,1.994,4.3,72.87
970,2024-05-01,2024,5,Job Training,Economic Empowerment,Active,West,WA,257,272,94.49,17584.44,13936.63,3647.81,79.26,54.23,244.7,16,1.05,3.77,61.62
605,2023-06-01,2023,6,Youth Development,Education,Active,West,CA,379,289,131.14,19347.32,15270.8,4076.52,78.93,40.29,212.9,28,1.78,5.0,76.77
1574,2025-11-01,2025,11,Community Outreach,Community,Paused,Midwest,IL,174,220,79.09,11121.11,8975.31,2145.8,80.71,51.58,96.9,9,1.796,3.86,81.25
90,2022-03-01,2022,3,Housing Support,Basic Needs,Active,West,CA,212,221,95.93,13393.43,11924.58,1468.85,89.03,56.25,177.8,18,1.192,4.19,67.54
849,2024-01-01,2024,1,Education Support,Education,Active,Midwest,IL,478,572,83.57,28318.82,18882.57,9436.25,66.68,39.5,325.3,29,1.469,4.48,76.37
1464,2025-08-01,2025,8,Healthcare Access,Health,Active,Northeast,NY,405,379,106.86,22271.81,18758.16,3513.65,84.22,46.32,397.9,43,1.018,5.0,75.35
1573,2025-11-01,2025,11,Community Outreach,Community,Active,West,AZ,252,217,116.13,16292.98,10847.89,5445.09,66.58,43.05,196.0,23,1.286,4.34,82.9
754,2023-11-01,2023,11,Community Outreach,Community,Active,Northeast,PA,165,200,82.5,10447.01,6574.79,3872.22,62.93,39.85,56.2,7,2.936,3.64,66.6
499,2023-03-01,2023,3,Education Support,Education,Active,Northeast,NY,342,387,88.37,25666.71,18612.99,7053.72,72.52,54.42,317.7,42,1.076,3.76,76.23
12,2022-01-01,2022,1,Job Training,Economic Empowerment,Completed,Northeast,PA,203,216,93.98,11968.43,10494.69,1473.74,87.69,51.7,216.6,14,0.937,4.23,60.29
397,2022-12-01,2022,12,Food Assistance,Basic Needs,Active,South,GA,408,371,109.97,24761.72,20820.26,3941.46,84.08,51.03,263.1,23,1.551,4.04,71.98
285,2022-09-01,2022,9,Job Training,Economic Empowerment,Active,West,WA,160,142,112.68,9960.74,6687.82,3272.92,67.14,41.8,106.0,16,1.509,4.71,75.7
1067,2024-08-01,2024,8,Housing Support,Basic Needs,Paused,West,CA,242,222,109.01,16905.21,10747.13,6158.08,63.57,44.41,298.0,23,0.812,4.92,73.68
691,2023-09-01,2023,9,Healthcare Access,Health,Active,South,GA,232,270,85.93,15146.82,10883.69,4263.13,71.85,46.91,119.6,15,1.94,4.95,75.1
1345,2025-04-01,2025,4,Healthcare Access,Health,Active,Midwest,OH,208,200,104.0,14437.08,11255.9,3181.18,77.97,54.11,156.3,17,1.331,4.63,67.77
1541,2025-10-01,2025,10,Education Support,Education,Active,South,TX,509,383,132.9,26073.24,19259.16,6814.08,73.87,37.84,529.7,52,0.961,3.98,60.56
690,2023-09-01,2023,9,Housing Support,Basic Needs,Completed,West,AZ,228,280,81.43,14628.0,9187.89,5440.11,62.81,40.3,232.4,21,0.981,3.79,55.98
852,2024-02-01,2024,2,Housing Support,Basic Needs,Completed,Northeast,PA,202,225,89.78,15865.66,10100.51,5765.15,63.66,50.0,55.0,13,3.673,3.71,69.43
160,2022-05-01,2022,5,Healthcare Access,Health,Completed,South,FL,243,299,81.27,15183.95,12058.66,3125.29,79.42,49.62,335.5,32,0.724,4.54,72.53
896,2024-03-01,2024,3,Housing Support,Basic Needs,Active,Northeast,NY,271,307,88.27,18070.12,11674.22,6395.9,64.61,43.08,165.8,18,1.634,5.0,67.09
1299,2025-03-01,2025,3,Job Training,Economic Empowerment,Paused,West,WA,254,220,115.45,16149.62,11931.46,4218.16,73.88,46.97,339.4,31,0.748,3.29,81.73
258,2022-08-01,2022,8,Healthcare Access,Health,Paused,West,AZ,277,302,91.72,15031.82,12015.82,3016.0,79.94,43.38,256.4,28,1.08,4.63,74.17
336,2022-10-01,2022,10,Housing Support,Basic Needs,Paused,Midwest,OH,202,202,100.0,13838.26,11806.63,2031.63,85.32,58.45,185.2,18,1.091,4.56,55.72
1545,2025-10-01,2025,10,Healthcare Access,Health,Active,South,FL,190,226,84.07,11693.5,9784.21,1909.29,83.67,51.5,134.6,14,1.412,4.2,76.19
1040,2024-07-01,2024,7,Food Assistance,Basic Needs,Active,West,CA,451,532,84.77,28980.43,24833.73,4146.7,85.69,55.06,417.7,36,1.08,4.12,74.06
516,2023-04-01,2023,4,Education Support,Education,Active,Midwest,IL,378,451,83.81,21635.11,17324.54,4310.57,80.08,45.83,229.9,34,1.644,4.12,94.39
769,2023-11-01,2023,11,Community Outreach,Community,Active,Northeast,NY,186,197,94.42,12259.07,9106.3,3152.77,74.28,48.96,101.4,10,1.834,5.0,62.93
1440,2025-07-01,2025,7,Community Outreach,Community,Paused,South,GA,145,151,96.03,11191.84,10445.36,746.48,93.33,72.04,126.1,11,1.15,4.76,67.73
762,2023-11-01,2023,11,Food Assistance,Basic Needs,Paused,West,AZ,467,543,86.0,27085.02,21379.63,5705.39,78.94,45.78,216.6,37,2.156,4.52,83.91
1203,2024-12-01,2024,12,Community Outreach,Community,Active,Northeast,PA,198,238,83.19,14817.75,10597.84,4219.91,71.52,53.52,148.1,18,1.337,4.46,77.14
522,2023-04-01,2023,4,Community Outreach,Community,Active,Midwest,OH,212,174,121.84,11946.29,11401.3,544.99,95.44,53.78,113.4,16,1.869,4.3,73.93
23,2022-01-01,2022,1,Food Assistance,Basic Needs,Active,Northeast,PA,540,546,98.9,26521.93,27901.51,-1379.58,105.2,51.67,382.6,52,1.411,4.01,81.86
357,2022-11-01,2022,11,Community Outreach,Community,Paused,Midwest,IL,133,129,103.1,9137.38,7888.6,1248.78,86.33,59.31,80.4,8,1.654,4.93,65.89
1390,2025-05-01,2025,5,Community Outreach,Community,Active,West,AZ,210,217,96.77,14144.78,11724.91,2419.87,82.89,55.83,176.9,19,1.187,4.87,77.76
341,2022-11-01,2022,11,Healthcare Access,Health,Active,South,FL,362,323,112.07,23114.9,21454.47,1660.43,92.82,59.27,427.9,45,0.846,4.91,85.73
432,2023-01-01,2023,1,Community Outreach,Community,Active,West,CA,168,164,102.44,11392.52,7456.25,3936.27,65.45,44.38,113.4,14,1.481,3.06,86.42
474,2023-02-01,2023,2,Community Outreach,Community,Completed,West,AZ,200,219,91.32,13733.52,9496.39,4237.13,69.15,47.48,216.9,17,0.922,4.64,66.7
218,2022-07-01,2022,7,Youth Development,Education,Active,Northeast,NY,198,236,83.9,12471.09,11860.77,610.32,95.11,59.9,145.2,16,1.364,4.58,91.3
912,2024-03-01,2024,3,Job Training,Economic Empowerment,Active,South,TX,297,180,165.0,18576.36,13297.47,5278.89,71.58,44.77,148.1,21,2.005,4.46,68.65
1316,2025-03-01,2025,3,Youth Development,Education,Active,West,CA,379,290,130.69,20461.04,15832.48,4628.56,77.38,41.77,306.4,33,1.237,4.29,74.43
1012,2024-06-01,2024,6,Community Outreach,Community,Active,Midwest,OH,197,176,111.93,13521.02,11690.43,1830.59,86.46,59.34,132.4,16,1.488,4.4,91.09
1603,2025-12-01,2025,12,Job Training,Economic Empowerment,Completed,South,FL,271,239,113.39,15895.04,14406.53,1488.51,90.64,53.16,238.5,31,1.136,4.5,77.14
94,2022-03-01,2022,3,Education Support,Education,Paused,West,AZ,404,436,92.66,24891.68,17535.23,7356.45,70.45,43.4,173.5,29,2.329,4.1,69.19
1009,2024-06-01,2024,6,Housing Support,Basic Needs,Paused,South,GA,201,246,81.71,13175.41,11496.44,1678.97,87.26,57.2,146.1,17,1.376,4.78,73.4
1071,2024-08-01,2024,8,Education Support,Education,Active,Northeast,PA,393,467,84.15,20348.59,16296.15,4052.44,80.08,41.47,124.1,13,3.167,5.0,84.22
1093,2024-09-01,2024,9,Community Outreach,Community,Active,Northeast,MA,177,225,78.67,11695.6,7388.81,4306.79,63.18,41.74,159.6,12,1.109,4.44,77.08
697,2023-09-01,2023,9,Job Training,Economic Empowerment,Active,Northeast,NY,181,190,95.26,12849.29,9337.46,3511.83,72.67,51.59,119.9,14,1.51,4.44,56.34
997,2024-06-01,2024,6,Community Outreach,Community,Active,South,GA,205,264,77.65,11615.17,9808.65,1806.52,84.45,47.85,115.1,14,1.781,4.42,72.57
154,2022-05-01,2022,5,Youth Development,Education,Active,West,WA,295,312,94.55,16442.69,12583.58,3859.11,76.53,42.66,465.8,31,0.633,4.3,71.04
1100,2024-09-01,2024,9,Youth Development,Education,Paused,Midwest,MI,301,264,114.02,17105.3,10236.41,6868.89,59.84,34.01,258.4,22,1.165,5.0,91.5
1421,2025-06-01,2025,6,Healthcare Access,Health,Active,South,GA,428,394,108.63,27661.54,21845.67,5815.87,78.97,51.04,378.2,34,1.132,4.25,88.75
1602,2025-12-01,2025,12,Youth Development,Education,Completed,Midwest,IL,350,443,79.01,18683.57,14006.9,4676.67,74.97,40.02,339.5,30,1.031,4.8,77.08
790,2023-12-01,2023,12,Education Support,Education,Active,Northeast,PA,331,402,82.34,17367.8,14791.01,2576.79,85.16,44.69,359.8,44,0.92,4.95,79.15
581,2023-06-01,2023,6,Community Outreach,Community,Active,Midwest,IL,211,214,98.6,13372.97,12288.45,1084.52,91.89,58.24,270.8,20,0.779,3.75,69.72
704,2023-09-01,2023,9,Community Outreach,Community,Active,Midwest,MI,211,232,90.95,13739.92,12025.84,1714.08,87.52,56.99,145.8,14,1.447,4.05,76.92
1376,2025-05-01,2025,5,Education Support,Education,Completed,Midwest,MI,397,483,82.19,21235.75,18167.58,3068.17,85.55,45.76,376.8,42,1.054,4.31,74.1
488,2023-03-01,2023,3,Job Training,Economic Empowerment,Paused,South,TX,325,362,89.78,18723.3,15314.99,3408.31,81.8,47.12,211.0,23,1.54,5.0,64.46
560,2023-05-01,2023,5,Healthcare Access,Health,Paused,Northeast,MA,447,526,84.98,25169.98,20926.48,4243.5,83.14,46.82,375.9,33,1.189,3.82,83.43
1142,2024-10-01,2024,10,Food Assistance,Basic Needs,Paused,West,WA,571,704,81.11,29442.24,28893.3,548.94,98.14,50.6,509.2,50,1.121,3.81,73.75
1120,2024-09-01,2024,9,Food Assistance,Basic Needs,Active,West,CA,354,357,99.16,21864.61,19351.87,2512.74,88.51,54.67,180.7,21,1.959,4.92,75.6
802,2023-12-01,2023,12,Food Assistance,Basic Needs,Paused,Midwest,IL,444,495,89.7,25071.58,19309.35,5762.23,77.02,43.49,206.6,20,2.149,4.66,72.56
513,2023-04-01,2023,4,Youth Development,Education,Active,Midwest,OH,356,367,97.0,21048.98,16570.34,4478.64,78.72,46.55,143.5,19,2.481,5.0,89.09
634,2023-07-01,2023,7,Food Assistance,Basic Needs,Active,South,GA,496,523,94.84,29316.11,27579.36,1736.75,94.08,55.6,419.1,41,1.183,3.96,76.24
1212,2024-12-01,2024,12,Youth Development,Education,Paused,West,CA,353,396,89.14,18730.66,14044.63,4686.03,74.98,39.79,428.7,48,0.823,4.44,75.62
1469,2025-08-01,2025,8,Education Support,Education,Active,West,CA,518,576,89.93,27129.53,12929.96,14199.57,47.66,24.96,246.6,46,2.101,4.81,91.8
1151,2024-10-01,2024,10,Healthcare Access,Health,Paused,South,GA,389,380,102.37,24784.77,18631.3,6153.47,75.17,47.9,120.5,23,3.228,4.92,60.26
791,2023-12-01,2023,12,Youth Development,Education,Active,South,GA,389,386,100.78,21380.34,19469.09,1911.25,91.06,50.05,167.1,28,2.328,4.32,86.95
117,2022-04-01,2022,4,Job Training,Economic Empowerment,Completed,South,GA,279,270,103.33,17549.29,16989.75,559.54,96.81,60.9,60.0,15,4.65,4.61,67.98
741,2023-10-01,2023,10,Education Support,Education,Paused,Midwest,MI,453,519,87.28,25022.79,19722.93,5299.86,78.82,43.54,154.3,21,2.936,4.82,81.33
1082,2024-08-01,2024,8,Job Training,Economic Empowerment,Active,West,AZ,193,171,112.87,13943.54,11658.85,2284.69,83.61,60.41,164.8,18,1.171,4.76,62.61
831,2024-01-01,2024,1,Food Assistance,Basic Needs,Completed,South,GA,519,479,108.35,24621.58,17556.57,7065.01,71.31,33.83,461.9,33,1.124,4.74,70.51
120,2022-04-01,2022,4,Youth Development,Education,Active,South,TX,292,303,96.37,13637.42,12160.89,1476.53,89.17,41.65,276.7,26,1.055,4.8,85.58
657,2023-08-01,2023,8,Youth Development,Education,Completed,West,CA,351,318,110.38,18337.77,13315.83,5021.94,72.61,37.94,150.6,26,2.331,4.18,72.93
1565,2025-11-01,2025,11,Youth Development,Education,Active,Midwest,OH,358,367,97.55,17866.84,13830.85,4035.99,77.41,38.63,487.3,33,0.735,4.95,81.29
636,2023-07-01,2023,7,Food Assistance,Basic Needs,Active,Northeast,PA,374,397,94.21,21231.1,14290.11,6940.99,67.31,38.21,597.2,39,0.626,4.48,82.04
370,2022-11-01,2022,11,Food Assistance,Basic Needs,Paused,West,WA,532,483,110.14,25950.98,24776.34,1174.64,95.47,46.57,490.0,55,1.086,5.0,69.15
269,2022-08-01,2022,8,Education Support,Education,Active,Midwest,MI,380,308,123.38,18147.7,12651.67,5496.03,69.72,33.29,167.2,31,2.273,4.44,93.29
656,2023-08-01,2023,8,Community Outreach,Community,Completed,Midwest,OH,146,170,85.88,10458.27,8841.87,1616.4,84.54,60.56,142.0,15,1.028,4.11,57.53
936,2024-04-01,2024,4,Education Support,Education,Paused,Midwest,MI,461,445,103.6,25032.48,18744.14,6288.34,74.88,40.66,277.6,35,1.661,5.0,83.69
823,2024-01-01,2024,1,Food Assistance,Basic Needs,Active,Midwest,MI,416,453,91.83,27331.76,16417.98,10913.78,60.07,39.47,323.6,32,1.286,4.37,65.65
867,2024-02-01,2024,2,Food Assistance,Basic Needs,Active,South,FL,474,442,107.24,31378.91,27152.69,4226.22,86.53,57.28,398.0,42,1.191,4.89,81.84
47,2022-02-01,2022,2,Healthcare Access,Health,Completed,Midwest,MI,301,317,94.95,19902.72,16515.28,3387.44,82.98,54.87,404.5,34,0.744,5.0,68.86
1570,2025-11-01,2025,11,Healthcare Access,Health,Active,West,AZ,415,409,101.47,23202.92,14628.98,8573.94,63.05,35.25,331.8,35,1.251,3.95,63.39
992,2024-06-01,2024,6,Community Outreach,Community,Active,West,AZ,169,193,87.56,13235.46,12105.06,1130.4,91.46,71.63,167.7,13,1.008,4.29,76.8
877,2024-02-01,2024,2,Education Support,Education,Active,Midwest,MI,676,739,91.47,32415.63,25388.52,7027.11,78.32,37.56,781.8,69,0.865,4.38,83.24
774,2023-11-01,2023,11,Education Support,Education,Paused,Northeast,PA,340,378,89.95,21004.63,18835.11,2169.52,89.67,55.4,355.5,28,0.956,5.0,71.39
1220,2024-12-01,2024,12,Healthcare Access,Health,Active,West,CA,292,287,101.74,16837.28,14895.45,1941.83,88.47,51.01,239.6,29,1.219,4.39,70.59
5,2022-01-01,2022,1,Housing Support,Basic Needs,Active,South,TX,187,219,85.39,14140.56,9303.3,4837.26,65.79,49.75,73.6,16,2.541,3.75,69.57
1004,2024-06-01,2024,6,Food Assistance,Basic Needs,Completed,Midwest,MI,217,191,113.61,12717.89,9996.14,2721.75,78.6,46.07,106.8,11,2.032,4.31,90.02
1423,2025-06-01,2025,6,Food Assistance,Basic Needs,Active,Northeast,MA,604,687,87.92,31200.97,24513.69,6687.28,78.57,40.59,528.2,56,1.144,3.85,66.63
264,2022-08-01,2022,8,Community Outreach,Community,Active,Midwest,IL,144,132,109.09,7752.72,6542.05,1210.67,84.38,45.43,121.1,11,1.189,4.14,68.7
1293,2025-03-01,2025,3,Healthcare Access,Health,Active,Northeast,PA,417,405,102.96,20920.7,13959.78,6960.92,66.73,33.48,139.4,31,2.991,4.16,67.25
1504,2025-09-01,2025,9,Education Support,Education,Active,Northeast,MA,511,450,113.56,27118.65,27792.78,-674.13,102.49,54.39,332.4,28,1.537,4.71,70.61
444,2023-02-01,2023,2,Job Training,Economic Empowerment,Active,Midwest,OH,306,353,86.69,18450.13,17096.88,1353.25,92.67,55.87,169.4,18,1.806,4.17,59.46
1003,2024-06-01,2024,6,Youth Development,Education,Paused,West,WA,271,371,73.05,16312.83,14319.16,1993.67,87.78,52.84,72.8,9,3.723,3.73,74.39
1078,2024-08-01,2024,8,Healthcare Access,Health,Active,Midwest,OH,252,291,86.6,13931.87,13074.36,857.51,93.84,51.88,190.9,17,1.32,4.32,84.52
838,2024-01-01,2024,1,Housing Support,Basic Needs,Active,West,WA,333,293,113.65,19394.04,13529.6,5864.44,69.76,40.63,328.8,36,1.013,3.35,56.8
1471,2025-08-01,2025,8,Food Assistance,Basic Needs,Active,West,WA,550,434,126.73,28892.26,22782.54,6109.72,78.85,41.42,509.1,45,1.08,4.41,69.69
305,2022-09-01,2022,9,Food Assistance,Basic Needs,Active,South,FL,383,415,92.29,22583.85,16780.87,5802.98,74.3,43.81,358.5,31,1.068,4.3,65.15
1282,2025-02-01,2025,2,Community Outreach,Community,Active,West,CA,259,250,103.6,16644.8,14638.06,2006.74,87.94,56.52,181.9,24,1.424,4.4,59.19
314,2022-10-01,2022,10,Healthcare Access,Health,Completed,Midwest,OH,199,297,67.0,13229.75,11965.89,1263.86,90.45,60.13,68.1,11,2.922,4.67,79.38
150,2022-05-01,2022,5,Housing Support,Basic Needs,Active,West,WA,198,161,122.98,12640.61,10416.46,2224.15,82.4,52.61,174.1,16,1.137,4.45,78.91
1149,2024-10-01,2024,10,Food Assistance,Basic Needs,Paused,West,AZ,445,353,126.06,25877.73,21198.26,4679.47,81.92,47.64,486.9,36,0.914,4.07,63.53
1214,2024-12-01,2024,12,Youth Development,Education,Active,West,WA,339,435,77.93,20626.78,18136.36,2490.42,87.93,53.5,129.4,19,2.62,4.08,87.42
575,2023-05-01,2023,5,Youth Development,Education,Paused,Midwest,MI,272,285,95.44,20175.58,16055.9,4119.68,79.58,59.03,267.3,21,1.018,4.74,92.48
51,2022-02-01,2022,2,Youth Development,Education,Completed,South,FL,212,223,95.07,12550.96,9848.72,2702.24,78.47,46.46,176.9,16,1.198,4.07,80.86
1279,2025-02-01,2025,2,Education Support,Education,Completed,West,WA,677,644,105.12,34290.14,27043.81,7246.33,78.87,39.95,365.1,49,1.854,4.95,70.42
727,2023-10-01,2023,10,Housing Support,Basic Needs,Active,Northeast,MA,291,354,82.2,19796.82,18296.1,1500.72,92.42,62.87,192.3,26,1.513,4.44,73.47
834,2024-01-01,2024,1,Food Assistance,Basic Needs,Completed,West,AZ,412,355,116.06,26715.77,20264.03,6451.74,75.85,49.18,427.8,38,0.963,4.6,72.67
1116,2024-09-01,2024,9,Housing Support,Basic Needs,Active,Midwest,MI,291,258,112.79,18364.43,14096.74,4267.69,76.76,48.44,188.8,17,1.541,3.74,65.6
1167,2024-11-01,2024,11,Housing Support,Basic Needs,Completed,South,TX,251,317,79.18,15480.24,11595.15,3885.09,74.9,46.2,210.2,18,1.194,4.58,66.5
471,2023-02-01,2023,2,Housing Support,Basic Needs,Completed,West,WA,253,235,107.66,16761.14,14453.6,2307.54,86.23,57.13,210.0,22,1.205,3.91,78.43
972,2024-05-01,2024,5,Job Training,Economic Empowerment,Active,Northeast,PA,315,373,84.45,17263.43,13112.69,4150.74,75.96,41.63,254.6,24,1.237,4.78,76.82
654,2023-08-01,2023,8,Food Assistance,Basic Needs,Paused,West,CA,574,566,101.41,37994.99,31216.07,6778.92,82.16,54.38,654.2,55,0.877,5.0,82.05
400,2022-12-01,2022,12,Youth Development,Education,Active,Midwest,MI,386,316,122.15,22853.3,13529.13,9324.17,59.2,35.05,182.1,38,2.12,4.38,85.5
512,2023-04-01,2023,4,Community Outreach,Community,Completed,West,WA,227,201,112.94,15273.85,14083.26,1190.59,92.21,62.04,181.0,18,1.254,4.94,61.74
321,2022-10-01,2022,10,Healthcare Access,Health,Completed,West,AZ,226,206,109.71,13440.62,10826.94,2613.68,80.55,47.91,127.2,15,1.777,4.44,80.21
20,2022-01-01,2022,1,Housing Support,Basic Needs,Active,South,FL,193,211,91.47,12439.92,8814.49,3625.43,70.86,45.67,256.4,24,0.753,3.82,73.25
685,2023-09-01,2023,9,Community Outreach,Community,Active,Midwest,MI,143,147,97.28,9792.09,9240.55,551.54,94.37,64.62,104.0,11,1.375,4.16,78.79
36,2022-02-01,2022,2,Education Support,Education,Active,Midwest,IL,440,567,77.6,22952.27,15061.7,7890.57,65.62,34.23,258.7,56,1.701,4.45,84.71
903,2024-03-01,2024,3,Job Training,Economic Empowerment,Active,Northeast,MA,273,241,113.28,14366.12,8707.01,5659.11,60.61,31.89,110.6,29,2.468,4.32,96.94
828,2024-01-01,2024,1,Job Training,Economic Empowerment,Active,Northeast,NY,377,314,120.06,18356.56,13904.61,4451.95,75.75,36.88,129.8,13,2.904,4.57,71.69
1476,2025-08-01,2025,8,Housing Support,Basic Needs,Completed,West,WA,232,226,102.65,15288.96,11247.29,4041.67,73.56,48.48,161.9,20,1.433,3.71,69.72
408,2022-12-01,2022,12,Job Training,Economic Empowerment,Active,West,AZ,155,190,81.58,10601.74,9792.12,809.62,92.36,63.17,115.4,12,1.343,4.0,81.38
921,2024-04-01,2024,4,Healthcare Access,Health,Paused,South,GA,352,426,82.63,19585.84,14189.39,5396.45,72.45,40.31,422.2,37,0.834,5.0,71.25
538,2023-04-01,2023,4,Youth Development,Education,Completed,Northeast,MA,285,257,110.89,15400.67,10791.98,4608.69,70.07,37.87,127.8,21,2.23,4.11,87.63
759,2023-11-01,2023,11,Housing Support,Basic Needs,Paused,West,CA,209,193,108.29,14299.95,12722.98,1576.97,88.97,60.88,173.4,21,1.205,4.61,55.93
1063,2024-08-01,2024,8,Housing Support,Basic Needs,Active,South,FL,271,212,127.83,15682.44,13901.18,1781.26,88.64,51.3,309.7,37,0.875,5.0,65.89
1200,2024-12-01,2024,12,Youth Development,Education,Paused,West,WA,477,508,93.9,23028.14,16922.35,6105.79,73.49,35.48,282.2,30,1.69,4.8,79.41
246,2022-08-01,2022,8,Healthcare Access,Health,Completed,South,FL,281,317,88.64,16278.7,13747.71,2530.99,84.45,48.92,262.5,27,1.07,4.36,73.79
1128,2024-10-01,2024,10,Food Assistance,Basic Needs,Active,South,TX,293,299,97.99,18527.09,15684.81,2842.28,84.66,53.53,351.5,26,0.834,4.03,85.05
785,2023-12-01,2023,12,Food Assistance,Basic Needs,Active,West,WA,404,400,101.0,26765.46,21103.3,5662.16,78.85,52.24,370.7,41,1.09,3.95,78.45
490,2023-03-01,2023,3,Youth Development,Education,Completed,West,WA,372,307,121.17,22742.62,17530.36,5212.26,77.08,47.12,326.1,30,1.141,4.98,81.52
155,2022-05-01,2022,5,Food Assistance,Basic Needs,Active,West,CA,591,549,107.65,26039.53,24579.02,1460.51,94.39,41.59,568.1,70,1.04,4.75,91.03
962,2024-05-01,2024,5,Youth Development,Education,Paused,South,TX,336,373,90.08,18900.87,13614.31,5286.56,72.03,40.52,345.8,38,0.972,4.83,100.0
854,2024-02-01,2024,2,Youth Development,Education,Active,Northeast,MA,392,324,120.99,23173.42,18046.77,5126.65,77.88,46.04,260.7,31,1.504,4.75,75.99
626,2023-07-01,2023,7,Healthcare Access,Health,Completed,South,GA,269,210,128.1,17059.32,12743.16,4316.16,74.7,47.37,170.5,27,1.578,4.92,78.9
686,2023-09-01,2023,9,Job Training,Economic Empowerment,Active,Northeast,MA,279,296,94.26,16567.65,12983.71,3583.94,78.37,46.54,102.3,9,2.727,4.47,75.43
570,2023-05-01,2023,5,Job Training,Economic Empowerment,Active,West,AZ,234,243,96.3,16533.23,12399.15,4134.08,75.0,52.99,156.0,15,1.5,4.17,77.24
1566,2025-11-01,2025,11,Job Training,Economic Empowerment,Completed,Midwest,MI,223,202,110.4,14851.34,10763.14,4088.2,72.47,48.27,167.0,15,1.335,3.93,82.67
18,2022-01-01,2022,1,Youth Development,Education,Active,West,CA,256,300,85.33,14611.84,9598.71,5013.13,65.69,37.49,293.7,23,0.872,3.82,83.48
128,2022-04-01,2022,4,Community Outreach,Community,Paused,West,WA,152,152,100.0,10359.28,8519.64,1839.64,82.24,56.05,112.9,14,1.346,4.37,87.14
1280,2025-02-01,2025,2,Education Support,Education,Active,South,GA,361,298,121.14,23403.63,18597.49,4806.14,79.46,51.52,352.5,39,1.024,3.84,86.72
1620,2025-12-01,2025,12,Housing Support,Basic Needs,Active,Midwest,OH,298,359,83.01,23121.14,15734.47,7386.67,68.05,52.8,240.9,21,1.237,4.81,57.83
928,2024-04-01,2024,4,Food Assistance,Basic Needs,Active,Northeast,MA,559,585,95.56,36234.76,27364.93,8869.83,75.52,48.95,397.9,42,1.405,3.98,86.23
981,2024-05-01,2024,5,Food Assistance,Basic Needs,Completed,Northeast,PA,498,572,87.06,30346.12,22470.44,7875.68,74.05,45.12,763.5,58,0.652,4.09,78.56
1616,2025-12-01,2025,12,Healthcare Access,Health,Completed,West,AZ,310,301,102.99,17757.62,9272.51,8485.11,52.22,29.91,272.7,29,1.137,5.0,77.98
1140,2024-10-01,2024,10,Job Training,Economic Empowerment,Paused,Midwest,MI,245,258,94.96,15902.65,13852.71,2049.94,87.11,56.54,328.4,29,0.746,4.44,83.02
993,2024-06-01,2024,6,Job Training,Economic Empowerment,Paused,Northeast,MA,181,231,78.35,8779.21,6597.9,2181.31,75.15,36.45,81.8,8,2.213,3.76,75.56
1608,2025-12-01,2025,12,Food Assistance,Basic Needs,Active,West,CA,628,660,95.15,35288.81,22584.64,12704.17,64.0,35.96,609.9,74,1.03,4.73,66.36
1367,2025-05-01,2025,5,Healthcare Access,Health,Active,West,CA,309,306,100.98,19024.76,18360.38,664.38,96.51,59.42,175.6,18,1.76,4.56,66.44
607,2023-06-01,2023,6,Education Support,Education,Active,West,WA,378,248,152.42,20095.1,20796.44,-701.34,103.49,55.02,355.4,36,1.064,5.0,98.75
181,2022-06-01,2022,6,Food Assistance,Basic Needs,Active,West,AZ,558,601,92.85,28206.83,18343.38,9863.45,65.03,32.87,401.5,51,1.39,4.25,82.69
302,2022-09-01,2022,9,Education Support,Education,Completed,Midwest,OH,327,384,85.16,21350.94,19937.36,1413.58,93.38,60.97,144.1,20,2.269,4.98,82.17
497,2023-03-01,2023,3,Housing Support,Basic Needs,Completed,Northeast,NY,381,377,101.06,21855.78,14638.41,7217.37,66.98,38.42,340.1,35,1.12,4.51,69.53
1463,2025-08-01,2025,8,Food Assistance,Basic Needs,Active,West,CA,374,417,89.69,25307.28,16054.82,9252.46,63.44,42.93,398.5,36,0.939,3.74,90.4
1352,2025-04-01,2025,4,Youth Development,Education,Paused,South,TX,373,352,105.97,19312.55,15500.84,3811.71,80.26,41.56,301.1,30,1.239,4.34,79.29
518,2023-04-01,2023,4,Education Support,Education,Active,Midwest,MI,445,527,84.44,24047.57,18767.28,5280.29,78.04,42.17,584.6,43,0.761,4.69,82.49
1070,2024-08-01,2024,8,Youth Development,Education,Paused,West,AZ,343,409,83.86,18792.74,14998.96,3793.78,79.81,43.73,386.6,26,0.887,4.51,91.3
477,2023-03-01,2023,3,Job Training,Economic Empowerment,Active,Midwest,OH,294,265,110.94,16733.56,13755.3,2978.26,82.2,46.79,185.1,19,1.588,3.84,57.66
158,2022-05-01,2022,5,Community Outreach,Community,Active,Northeast,MA,241,228,105.7,14754.05,11425.88,3328.17,77.44,47.41,222.9,23,1.081,4.62,62.63
1244,2025-01-01,2025,1,Community Outreach,Community,Completed,South,GA,166,116,143.1,13573.15,9753.61,3819.54,71.86,58.76,165.8,13,1.001,4.77,71.82
1196,2024-12-01,2024,12,Housing Support,Basic Needs,Active,Northeast,MA,202,229,88.21,14766.15,13571.04,1195.11,91.91,67.18,185.4,19,1.09,3.91,72.13
17,2022-01-01,2022,1,Healthcare Access,Health,Active,West,AZ,301,246,122.36,19239.01,15138.34,4100.67,78.69,50.29,192.3,18,1.565,4.04,87.4
1073,2024-08-01,2024,8,Job Training,Economic Empowerment,Active,Northeast,MA,189,134,141.04,13389.57,11020.96,2368.61,82.31,58.31,216.6,16,0.873,3.68,77.04
1623,2025-12-01,2025,12,Job Training,Economic Empowerment,Active,Northeast,PA,246,278,88.49,17834.53,12344.17,5490.36,69.22,50.18,130.5,14,1.885,4.0,78.32
547,2023-05-01,2023,5,Education Support,Education,Active,West,CA,377,297,126.94,20632.36,14966.63,5665.73,72.54,39.7,226.3,23,1.666,4.97,85.17
659,2023-08-01,2023,8,Education Support,Education,Completed,Northeast,PA,398,483,82.4,24797.85,17983.64,6814.21,72.52,45.19,248.8,22,1.6,5.0,99.0
1340,2025-04-01,2025,4,Job Training,Economic Empowerment,Active,Northeast,MA,155,157,98.73,12603.55,7917.02,4686.53,62.82,51.08,147.8,13,1.049,5.0,73.61
1020,2024-06-01,2024,6,Housing Support,Basic Needs,Active,West,AZ,176,209,84.21,14238.13,10556.15,3681.98,74.14,59.98,103.7,15,1.697,4.55,61.9
1458,2025-07-01,2025,7,Healthcare Access,Health,Active,Midwest,MI,505,570,88.6,26798.69,19700.79,7097.9,73.51,39.01,264.7,33,1.908,4.44,69.97
960,2024-05-01,2024,5,Education Support,Education,Completed,West,AZ,459,424,108.25,26729.87,18864.64,7865.23,70.58,41.1,17.9,36,25.642,4.2,72.99
1547,2025-10-01,2025,10,Education Support,Education,Active,West,AZ,510,558,91.4,26569.75,20204.37,6365.38,76.04,39.62,341.7,48,1.493,4.14,80.49
284,2022-09-01,2022,9,Job Training,Economic Empowerment,Active,South,GA,233,182,128.02,12728.46,10335.06,2393.4,81.2,44.36,158.0,17,1.475,4.56,68.1
798,2023-12-01,2023,12,Healthcare Access,Health,Active,Midwest,OH,348,413,84.26,20691.53,16288.89,4402.64,78.72,46.81,259.8,44,1.339,4.22,73.99
1341,2025-04-01,2025,4,Education Support,Education,Active,Northeast,MA,365,385,94.81,26921.2,21190.45,5730.75,78.71,58.06,270.5,35,1.349,4.32,68.18
226,2022-07-01,2022,7,Job Training,Economic Empowerment,Active,South,TX,255,241,105.81,16066.31,10099.74,5966.57,62.86,39.61,66.5,12,3.835,4.53,76.07
27,2022-01-01,2022,1,Housing Support,Basic Needs,Paused,Midwest,OH,342,388,88.14,15489.14,13840.43,1648.71,89.36,40.47,389.5,35,0.878,4.21,74.07
1457,2025-07-01,2025,7,Community Outreach,Community,Active,West,CA,230,293,78.5,13198.54,9898.2,3300.34,74.99,43.04,273.9,20,0.84,3.42,64.48
438,2023-01-01,2023,1,Community Outreach,Community,Active,West,WA,217,222,97.75,14044.97,10454.13,3590.84,74.43,48.18,182.4,23,1.19,4.4,70.41
230,2022-07-01,2022,7,Food Assistance,Basic Needs,Active,West,AZ,503,482,104.36,28047.26,22890.78,5156.48,81.62,45.51,293.1,30,1.716,4.48,76.34
38,2022-02-01,2022,2,Community Outreach,Community,Completed,Northeast,NY,220,258,85.27,13635.58,11494.29,2141.29,84.3,52.25,121.5,15,1.811,4.72,74.88
750,2023-11-01,2023,11,Food Assistance,Basic Needs,Active,West,CA,391,461,84.82,21209.14,16906.8,4302.34,79.71,43.24,271.2,42,1.442,4.7,68.64
1046,2024-07-01,2024,7,Youth Development,Education,Active,Northeast,PA,375,319,117.55,19957.95,14697.23,5260.72,73.64,39.19,394.4,38,0.951,4.8,85.06
470,2023-02-01,2023,2,Housing Support,Basic Needs,Active,Northeast,MA,278,263,105.7,19415.37,11321.25,8094.12,58.31,40.72,350.5,24,0.793,4.48,67.82
1443,2025-07-01,2025,7,Food Assistance,Basic Needs,Active,South,GA,674,771,87.42,38006.15,34851.14,3155.01,91.7,51.71,577.0,47,1.168,4.62,85.31
1619,2025-12-01,2025,12,Youth Development,Education,Completed,Northeast,NY,317,372,85.22,15800.15,10784.92,5015.23,68.26,34.02,403.2,40,0.786,4.84,69.78
688,2023-09-01,2023,9,Youth Development,Education,Paused,Midwest,MI,258,186,138.71,15382.05,14458.32,923.73,93.99,56.04,270.8,25,0.953,4.62,70.94
1513,2025-09-01,2025,9,Food Assistance,Basic Needs,Active,Midwest,IL,562,650,86.46,34932.42,27813.97,7118.45,79.62,49.49,201.7,28,2.786,4.42,86.9
640,2023-07-01,2023,7,Food Assistance,Basic Needs,Active,Midwest,MI,370,381,97.11,25669.53,21355.41,4314.12,83.19,57.72,353.2,44,1.048,3.78,84.53
1416,2025-06-01,2025,6,Education Support,Education,Completed,Northeast,PA,528,566,93.29,27426.1,25790.68,1635.42,94.04,48.85,577.4,49,0.914,4.58,85.41
1219,2024-12-01,2024,12,Community Outreach,Community,Completed,West,AZ,232,239,97.07,13818.95,9179.93,4639.02,66.43,39.57,198.1,16,1.171,4.16,71.15
1159,2024-11-01,2024,11,Job Training,Economic Empowerment,Active,South,TX,200,203,98.52,11553.02,6786.27,4766.75,58.74,33.93,202.0,24,0.99,5.0,82.23
1366,2025-05-01,2025,5,Youth Development,Education,Paused,South,GA,416,542,76.75,27263.18,20557.2,6705.98,75.4,49.42,237.4,35,1.752,4.44,77.98
1301,2025-03-01,2025,3,Education Support,Education,Active,Northeast,PA,492,605,81.32,27913.08,21812.22,6100.86,78.14,44.33,448.2,37,1.098,4.57,74.0
1497,2025-09-01,2025,9,Food Assistance,Basic Needs,Active,West,CA,352,383,91.91,30072.42,19095.94,10976.48,63.5,54.25,164.3,22,2.142,4.19,67.0
801,2023-12-01,2023,12,Job Training,Economic Empowerment,Completed,Midwest,IL,208,207,100.48,14416.59,11971.93,2444.66,83.04,57.56,256.8,20,0.81,4.37,74.45
161,2022-05-01,2022,5,Healthcare Access,Health,Completed,West,WA,317,367,86.38,19354.31,16947.99,2406.32,87.57,53.46,129.6,21,2.446,3.62,79.06
957,2024-05-01,2024,5,Community Outreach,Community,Active,Northeast,MA,147,179,82.12,10793.17,8003.69,2789.48,74.16,54.45,128.5,12,1.144,4.87,67.33
1187,2024-11-01,2024,11,Education Support,Education,Active,Midwest,IL,382,413,92.49,20839.61,16161.03,4678.58,77.55,42.31,293.5,28,1.302,4.1,70.32
822,2024-01-01,2024,1,Job Training,Economic Empowerment,Active,West,CA,295,304,97.04,15950.08,10334.23,5615.85,64.79,35.03,316.4,38,0.932,4.44,81.25
1389,2025-05-01,2025,5,Education Support,Education,Active,Northeast,PA,417,471,88.54,30243.22,21946.89,8296.33,72.57,52.63,203.0,33,2.054,4.14,87.73
878,2024-02-01,2024,2,Food Assistance,Basic Needs,Completed,Midwest,MI,491,611,80.36,31562.9,24793.29,6769.61,78.55,50.5,337.0,62,1.457,4.24,78.26
914,2024-03-01,2024,3,Community Outreach,Community,Active,Northeast,NY,147,177,83.05,14912.55,13773.78,1138.77,92.36,93.7,63.6,9,2.311,4.18,63.95
153,2022-05-01,2022,5,Youth Development,Education,Active,West,CA,282,261,108.05,14947.91,14865.92,81.99,99.45,52.72,174.7,17,1.614,4.83,85.31
1508,2025-09-01,2025,9,Education Support,Education,Active,West,AZ,369,387,95.35,17400.94,14066.8,3334.14,80.84,38.12,160.8,26,2.295,4.25,81.75
510,2023-03-01,2023,3,Community Outreach,Community,Paused,Northeast,NY,142,140,101.43,9279.39,7342.91,1936.48,79.13,51.71,49.3,11,2.88,4.21,67.56
1251,2025-01-01,2025,1,Education Support,Education,Active,Midwest,IL,405,389,104.11,23659.85,18715.93,4943.92,79.1,46.21,333.2,44,1.215,4.97,73.75
1374,2025-05-01,2025,5,Education Support,Education,Paused,South,GA,574,746,76.94,31532.02,24031.48,7500.54,76.21,41.87,633.2,55,0.907,4.48,86.23
104,2022-04-01,2022,4,Community Outreach,Community,Completed,Midwest,IL,197,254,77.56,10794.25,7855.13,2939.12,72.77,39.87,131.9,15,1.494,4.44,62.65
587,2023-06-01,2023,6,Healthcare Access,Health,Active,South,GA,226,234,96.58,14388.54,11572.83,2815.71,80.43,51.21,248.8,23,0.908,4.36,73.41
1455,2025-07-01,2025,7,Housing Support,Basic Needs,Paused,Midwest,MI,361,432,83.56,22848.03,18232.03,4616.0,79.8,50.5,266.1,30,1.357,4.26,72.87
1144,2024-10-01,2024,10,Education Support,Education,Active,South,GA,286,290,98.62,20238.73,14814.81,5423.92,73.2,51.8,221.4,21,1.292,4.82,81.86
54,2022-02-01,2022,2,Food Assistance,Basic Needs,Active,South,FL,617,559,110.38,30563.33,25936.2,4627.13,84.86,42.04,331.7,65,1.86,3.96,61.69
152,2022-05-01,2022,5,Community Outreach,Community,Active,South,TX,160,138,115.94,8477.0,6024.69,2452.31,71.07,37.65,129.1,11,1.239,4.25,79.98
404,2022-12-01,2022,12,Job Training,Economic Empowerment,Active,South,TX,187,173,108.09,13243.55,11984.91,1258.64,90.5,64.09,178.6,19,1.047,4.22,55.79
1597,2025-11-01,2025,11,Healthcare Access,Health,Active,Midwest,MI,343,427,80.33,20274.99,17124.42,3150.57,84.46,49.93,384.5,34,0.892,4.38,77.55
208,2022-07-01,2022,7,Education Support,Education,Active,Northeast,NY,417,375,111.2,20261.3,18113.36,2147.94,89.4,43.44,423.4,46,0.985,3.57,75.14
1556,2025-10-01,2025,10,Food Assistance,Basic Needs,Active,Midwest,IL,481,460,104.57,30055.24,19116.02,10939.22,63.6,39.74,461.0,32,1.043,4.14,68.45
1123,2024-10-01,2024,10,Job Training,Economic Empowerment,Active,Midwest,OH,224,256,87.5,14088.04,10674.13,3413.91,75.77,47.65,219.7,17,1.02,4.36,78.61
1442,2025-07-01,2025,7,Job Training,Economic Empowerment,Active,Northeast,NY,233,202,115.35,16435.35,13470.94,2964.41,81.96,57.82,89.2,16,2.612,4.85,83.16
9,2022-01-01,2022,1,Job Training,Economic Empowerment,Completed,Northeast,NY,282,293,96.25,15164.95,13350.51,1814.44,88.04,47.34,205.1,26,1.375,4.57,84.3
1015,2024-06-01,2024,6,Healthcare Access,Health,Active,West,WA,202,185,109.19,14276.98,10907.98,3369.0,76.4,54.0,134.5,13,1.502,4.35,75.08
1475,2025-08-01,2025,8,Community Outreach,Community,Active,Midwest,OH,245,306,80.07,15701.64,11381.06,4320.58,72.48,46.45,83.6,11,2.931,5.0,58.07
1061,2024-08-01,2024,8,Education Support,Education,Completed,South,GA,366,489,74.85,20662.27,13379.14,7283.13,64.75,36.56,524.1,46,0.698,4.71,72.12
453,2023-02-01,2023,2,Education Support,Education,Active,Northeast,PA,343,422,81.28,19981.58,17373.28,2608.3,86.95,50.65,197.2,19,1.739,3.63,80.38
254,2022-08-01,2022,8,Job Training,Economic Empowerment,Active,Midwest,MI,86,114,75.44,5253.63,4748.73,504.9,90.39,55.22,66.2,8,1.299,4.77,64.21
1328,2025-04-01,2025,4,Job Training,Economic Empowerment,Paused,Midwest,IL,281,349,80.52,18118.92,10708.82,7410.1,59.1,38.11,223.0,21,1.26,4.61,82.82
897,2024-03-01,2024,3,Food Assistance,Basic Needs,Active,South,TX,669,654,102.29,38436.4,29032.07,9404.33,75.53,43.4,583.5,53,1.147,5.0,80.88
1430,2025-07-01,2025,7,Education Support,Education,Active,Northeast,NY,262,209,125.36,14817.01,9766.92,5050.09,65.92,37.28,266.5,21,0.983,4.69,80.15
881,2024-02-01,2024,2,Food Assistance,Basic Needs,Active,West,WA,595,666,89.34,36145.35,22690.84,13454.51,62.78,38.14,478.6,59,1.243,4.5,77.26
1551,2025-10-01,2025,10,Community Outreach,Community,Active,South,FL,234,239,97.91,13899.1,11791.19,2107.91,84.83,50.39,78.1,8,2.996,4.77,63.34
624,2023-07-01,2023,7,Education Support,Education,Completed,South,FL,498,506,98.42,23397.52,18412.38,4985.14,78.69,36.97,665.7,43,0.748,3.58,85.47
346,2022-11-01,2022,11,Youth Development,Education,Active,Midwest,IL,282,334,84.43,17133.92,12282.32,4851.6,71.68,43.55,288.8,25,0.976,4.53,85.64
1408,2025-06-01,2025,6,Healthcare Access,Health,Paused,Northeast,MA,189,185,102.16,11354.34,7649.13,3705.21,67.37,40.47,112.9,14,1.674,4.43,64.06
263,2022-08-01,2022,8,Housing Support,Basic Needs,Active,Northeast,MA,182,149,122.15,13819.03,11909.09,1909.94,86.18,65.43,123.2,17,1.477,3.96,77.0
1322,2025-03-01,2025,3,Community Outreach,Community,Active,Northeast,PA,250,193,129.53,11946.29,9796.27,2150.02,82.0,39.19,158.0,15,1.582,3.88,73.46
151,2022-05-01,2022,5,Food Assistance,Basic Needs,Active,Midwest,IL,445,475,93.68,27056.42,22573.98,4482.44,83.43,50.73,364.9,38,1.22,4.44,72.7
473,2023-02-01,2023,2,Food Assistance,Basic Needs,Active,South,TX,293,216,135.65,19825.54,15293.29,4532.25,77.14,52.2,199.7,23,1.467,4.02,68.62
641,2023-07-01,2023,7,Education Support,Education,Active,Midwest,MI,269,272,98.9,15960.34,12337.93,3622.41,77.3,45.87,202.6,26,1.328,4.4,79.89
1632,2025-12-01,2025,12,Job Training,Economic Empowerment,Active,South,TX,235,257,91.44,15495.45,14534.43,961.02,93.8,61.85,313.3,21,0.75,4.0,71.84
1548,2025-10-01,2025,10,Education Support,Education,Active,Northeast,PA,336,376,89.36,24176.0,20725.43,3450.57,85.73,61.68,416.8,27,0.806,4.21,77.11
551,2023-05-01,2023,5,Community Outreach,Community,Active,South,TX,234,215,108.84,13321.46,10855.12,2466.34,81.49,46.39,220.7,19,1.06,4.33,66.92
929,2024-04-01,2024,4,Youth Development,Education,Completed,West,AZ,268,268,100.0,13825.06,9164.74,4660.32,66.29,34.2,129.0,23,2.078,4.57,70.62
489,2023-03-01,2023,3,Housing Support,Basic Needs,Active,South,GA,301,376,80.05,20699.61,13233.64,7465.97,63.93,43.97,222.1,29,1.355,3.72,69.75
1489,2025-08-01,2025,8,Food Assistance,Basic Needs,Active,West,AZ,620,702,88.32,27295.14,16356.37,10938.77,59.92,26.38,402.8,43,1.539,4.61,67.48
1172,2024-11-01,2024,11,Healthcare Access,Health,Active,Northeast,NY,406,335,121.19,23317.93,18071.61,5246.32,77.5,44.51,299.5,29,1.356,4.09,66.79
147,2022-05-01,2022,5,Job Training,Economic Empowerment,Active,Midwest,MI,258,300,86.0,13880.51,11835.99,2044.52,85.27,45.88,205.6,22,1.255,4.07,69.75
1584,2025-11-01,2025,11,Food Assistance,Basic Needs,Completed,West,AZ,444,475,93.47,27726.53,20728.4,6998.13,74.76,46.69,228.7,42,1.941,4.44,79.05
403,2022-12-01,2022,12,Healthcare Access,Health,Completed,West,AZ,197,185,106.49,12632.54,10764.79,1867.75,85.21,54.64,136.7,12,1.441,5.0,80.56
955,2024-05-01,2024,5,Youth Development,Education,Completed,Midwest,OH,458,608,75.33,23160.14,17097.32,6062.82,73.82,37.33,240.7,28,1.903,5.0,67.37
1543,2025-10-01,2025,10,Education Support,Education,Active,Midwest,MI,421,473,89.01,22159.54,18330.09,3829.45,82.72,43.54,277.8,32,1.515,4.19,86.15
660,2023-08-01,2023,8,Food Assistance,Basic Needs,Active,West,WA,366,362,101.1,27838.32,16729.57,11108.75,60.1,45.71,120.5,19,3.037,4.14,78.63
1373,2025-05-01,2025,5,Food Assistance,Basic Needs,Paused,West,AZ,600,728,82.42,37254.47,30481.73,6772.74,81.82,50.8,215.2,21,2.788,4.31,82.3
464,2023-02-01,2023,2,Healthcare Access,Health,Paused,South,GA,356,346,102.89,20589.81,18844.21,1745.6,91.52,52.93,316.8,33,1.124,3.8,64.47
1350,2025-04-01,2025,4,Housing Support,Basic Needs,Completed,West,CA,292,344,84.88,18368.81,13816.8,4552.01,75.22,47.32,107.8,13,2.709,4.37,77.78
187,2022-06-01,2022,6,Housing Support,Basic Needs,Completed,West,WA,170,164,103.66,9792.66,10143.43,-350.77,103.58,59.67,216.6,12,0.785,5.0,84.05
1148,2024-10-01,2024,10,Education Support,Education,Active,West,CA,448,401,111.72,26897.37,19747.68,7149.69,73.42,44.08,307.0,36,1.459,4.44,82.67
1225,2025-01-01,2025,1,Job Training,Economic Empowerment,Active,Northeast,NY,240,231,103.9,16937.63,15320.16,1617.47,90.45,63.83,208.8,20,1.149,4.36,62.54
609,2023-06-01,2023,6,Food Assistance,Basic Needs,Active,South,FL,371,400,92.75,26844.31,20841.04,6003.27,77.64,56.18,262.2,32,1.415,5.0,88.88
144,2022-05-01,2022,5,Job Training,Economic Empowerment,Active,West,WA,205,182,112.64,12817.85,8152.09,4665.76,63.6,39.77,177.2,24,1.157,3.96,54.77
752,2023-11-01,2023,11,Education Support,Education,Completed,South,TX,409,426,96.01,25596.54,21108.28,4488.26,82.47,51.61,440.5,36,0.928,4.74,73.11
982,2024-05-01,2024,5,Housing Support,Basic Needs,Paused,West,AZ,211,285,74.04,14517.23,10876.93,3640.3,74.92,51.55,206.2,19,1.023,3.9,61.16
198,2022-06-01,2022,6,Housing Support,Basic Needs,Active,Northeast,PA,165,155,106.45,9575.23,6692.84,2882.39,69.9,40.56,173.2,14,0.953,3.89,68.49
884,2024-02-01,2024,2,Housing Support,Basic Needs,Active,Northeast,PA,238,236,100.85,17739.73,13471.96,4267.77,75.94,56.6,120.3,28,1.978,4.89,60.51
280,2022-09-01,2022,9,Housing Support,Basic Needs,Active,West,AZ,131,114,114.91,7841.38,6689.3,1152.08,85.31,51.06,78.3,11,1.673,4.17,73.49
294,2022-09-01,2022,9,Youth Development,Education,Active,South,FL,184,180,102.22,8928.77,6194.09,2734.68,69.37,33.66,153.4,18,1.199,4.44,86.94
1498,2025-09-01,2025,9,Youth Development,Education,Active,South,TX,284,313,90.73,18741.38,18810.67,-69.29,100.37,66.23,140.6,16,2.02,3.41,79.59
401,2022-12-01,2022,12,Youth Development,Education,Active,West,WA,321,348,92.24,16739.97,15198.0,1541.97,90.79,47.35,156.2,20,2.055,4.2,88.64
123,2022-04-01,2022,4,Education Support,Education,Active,Northeast,PA,260,211,123.22,20661.43,17687.04,2974.39,85.6,68.03,274.7,26,0.946,4.08,79.62
1208,2024-12-01,2024,12,Housing Support,Basic Needs,Active,Northeast,MA,204,254,80.31,17370.85,13784.08,3586.77,79.35,67.57,173.5,17,1.176,4.2,69.82
203,2022-06-01,2022,6,Youth Development,Education,Paused,South,GA,283,279,101.43,17071.16,15276.04,1795.12,89.48,53.98,141.7,24,1.997,4.96,76.65
836,2024-01-01,2024,1,Housing Support,Basic Needs,Active,South,GA,242,280,86.43,15509.89,12018.43,3491.46,77.49,49.66,197.2,20,1.227,4.12,60.6
247,2022-08-01,2022,8,Youth Development,Education,Active,Midwest,OH,296,337,87.83,14277.91,6938.51,7339.4,48.6,23.44,289.6,29,1.022,4.54,78.89
1561,2025-10-01,2025,10,Job Training,Economic Empowerment,Completed,South,GA,215,196,109.69,13662.5,12100.96,1561.54,88.57,56.28,119.1,13,1.805,4.54,82.83
1546,2025-10-01,2025,10,Housing Support,Basic Needs,Active,West,AZ,329,371,88.68,19529.03,14270.09,5258.94,73.07,43.37,174.3,33,1.888,4.24,72.67
1154,2024-10-01,2024,10,Food Assistance,Basic Needs,Completed,West,AZ,346,338,102.37,19518.89,14000.8,5518.09,71.73,40.46,152.8,16,2.264,4.47,83.23
385,2022-12-01,2022,12,Food Assistance,Basic Needs,Completed,South,TX,541,509,106.29,26117.76,25120.23,997.53,96.18,46.43,587.7,54,0.921,4.6,76.01
1447,2025-07-01,2025,7,Education Support,Education,Active,Midwest,OH,439,526,83.46,26885.92,20290.57,6595.35,75.47,46.22,315.3,33,1.392,4.25,82.63
855,2024-02-01,2024,2,Education Support,Education,Active,Midwest,IL,372,412,90.29,20681.18,13697.88,6983.3,66.23,36.82,192.8,38,1.929,4.26,77.94
220,2022-07-01,2022,7,Housing Support,Basic Needs,Active,West,WA,133,150,88.67,11315.07,10380.06,935.01,91.74,78.05,130.7,11,1.018,5.0,78.52
642,2023-07-01,2023,7,Housing Support,Basic Needs,Active,West,CA,217,242,89.67,14223.97,12294.98,1928.99,86.44,56.66,212.7,20,1.02,3.64,68.4
2,2022-01-01,2022,1,Job Training,Economic Empowerment,Completed,Northeast,PA,206,202,101.98,12111.99,8883.26,3228.73,73.34,43.12,84.9,18,2.426,3.63,67.5
113,2022-04-01,2022,4,Education Support,Education,Active,Midwest,IL,395,486,81.28,21816.06,15234.3,6581.76,69.83,38.57,306.6,36,1.288,4.53,90.23
699,2023-09-01,2023,9,Community Outreach,Community,Active,Northeast,MA,180,172,104.65,12703.69,6429.16,6274.53,50.61,35.72,253.7,19,0.709,4.13,67.97
1571,2025-11-01,2025,11,Housing Support,Basic Needs,Active,Northeast,MA,230,227,101.32,15652.37,12078.29,3574.08,77.17,52.51,117.8,14,1.952,4.59,65.2
952,2024-04-01,2024,4,Education Support,Education,Active,Midwest,IL,430,467,92.08,24328.41,10002.95,14325.46,41.12,23.26,247.1,29,1.74,5.0,71.36
1441,2025-07-01,2025,7,Healthcare Access,Health,Active,West,AZ,285,247,115.38,26228.12,18056.4,8171.72,68.84,63.36,196.5,19,1.45,4.58,78.15
1411,2025-06-01,2025,6,Education Support,Education,Active,West,CA,606,608,99.67,35533.7,26484.15,9049.55,74.53,43.7,322.4,42,1.88,4.28,69.07
1410,2025-06-01,2025,6,Education Support,Education,Active,Northeast,MA,435,503,86.48,22348.43,19165.29,3183.14,85.76,44.06,505.0,53,0.861,4.71,72.16
1292,2025-02-01,2025,2,Education Support,Education,Completed,West,AZ,611,571,107.01,30482.24,22152.64,8329.6,72.67,36.26,684.3,75,0.893,4.61,79.46
1503,2025-09-01,2025,9,Housing Support,Basic Needs,Paused,Midwest,MI,231,265,87.17,16743.05,13415.74,3327.31,80.13,58.08,173.1,16,1.334,4.6,77.26
442,2023-01-01,2023,1,Community Outreach,Community,Active,West,WA,112,143,78.32,8209.26,7928.26,281.0,96.58,70.79,57.6,9,1.944,5.0,82.76
1137,2024-10-01,2024,10,Job Training,Economic Empowerment,Completed,West,WA,194,224,86.61,13035.15,9714.41,3320.74,74.52,50.07,139.7,11,1.389,4.96,73.24
1257,2025-01-01,2025,1,Food Assistance,Basic Needs,Active,West,CA,648,508,127.56,35512.58,29961.51,5551.07,84.37,46.24,304.2,45,2.13,3.99,81.47
1398,2025-06-01,2025,6,Healthcare Access,Health,Completed,Midwest,MI,433,431,100.46,23372.68,18648.29,4724.39,79.79,43.07,50.3,6,8.608,4.79,71.88
664,2023-08-01,2023,8,Education Support,Education,Active,West,WA,391,403,97.02,23399.655,13531.32,9868.33,57.83,34.61,183.4,26,2.132,4.4,89.87
1507,2025-09-01,2025,9,Housing Support,Basic Needs,Active,South,TX,254,308,82.47,17825.42,15883.34,1942.08,89.1,62.53,211.9,27,1.199,4.28,69.92
1258,2025-01-01,2025,1,Healthcare Access,Health,Active,Midwest,MI,299,335,89.25,22497.07,14309.02,8188.05,63.6,47.86,216.6,26,1.38,4.44,89.25
318,2022-10-01,2022,10,Community Outreach,Community,Completed,South,FL,200,173,115.61,11597.4,9109.68,2487.72,78.55,45.55,89.0,14,2.247,4.28,67.53
649,2023-08-01,2023,8,Healthcare Access,Health,Completed,Northeast,MA,269,268,100.37,21081.83,16894.58,4187.25,80.14,62.81,235.1,17,1.144,4.44,74.67
1435,2025-07-01,2025,7,Education Support,Education,Active,Midwest,IL,336,329,102.13,19281.2,17784.78,1496.42,92.24,52.93,351.7,36,0.955,3.94,70.19
710,2023-09-01,2023,9,Job Training,Economic Empowerment,Active,South,FL,232,198,117.17,10833.87,8472.2,2361.67,78.2,36.52,257.3,20,0.902,4.57,68.01
1383,2025-05-01,2025,5,Education Support,Education,Active,West,AZ,374,361,103.6,22878.25,19710.35,3167.9,86.15,52.7,174.8,22,2.14,3.71,88.06
1283,2025-02-01,2025,2,Housing Support,Basic Needs,Completed,South,FL,299,294,101.7,20435.44,15872.46,4562.98,77.67,53.09,216.6,25,1.38,4.62,66.75
973,2024-05-01,2024,5,Youth Development,Education,Paused,Northeast,NY,375,381,98.43,23425.56,16069.9,7355.66,68.6,42.85,337.1,28,1.112,4.6,99.0
628,2023-07-01,2023,7,Job Training,Economic Empowerment,Active,Midwest,MI,160,172,93.02,8029.92,6583.04,1446.88,81.98,41.14,99.6,13,1.606,4.32,59.2
633,2023-07-01,2023,7,Job Training,Economic Empowerment,Active,Midwest,MI,234,241,97.1,14578.24,10753.07,3825.17,73.76,45.95,218.1,18,1.073,4.26,61.27
1307,2025-03-01,2025,3,Housing Support,Basic Needs,Active,South,TX,254,284,89.44,17285.93,12111.87,5174.06,70.07,47.68,324.1,26,0.784,3.91,64.07
1401,2025-06-01,2025,6,Community Outreach,Community,Active,South,GA,200,190,105.26,15577.98,11962.21,3615.77,76.79,59.81,206.4,22,0.969,4.58,65.28
1409,2025-06-01,2025,6,Community Outreach,Community,Active,Northeast,PA,256,280,91.43,14154.4,12185.5,1968.9,86.09,47.6,340.0,27,0.753,5.0,66.01
1249,2025-01-01,2025,1,Healthcare Access,Health,Paused,Midwest,MI,292,290,100.69,18403.47,11086.28,7317.19,60.24,37.97,136.3,18,2.142,5.0,76.53
1606,2025-12-01,2025,12,Youth Development,Education,Active,West,CA,267,292,91.44,17039.48,12980.91,4058.57,76.18,48.62,326.1,34,0.819,5.0,72.64
1255,2025-01-01,2025,1,Food Assistance,Basic Needs,Completed,South,GA,580,437,132.72,35789.12,26143.18,9645.94,73.05,45.07,392.3,45,1.478,4.77,93.89
1372,2025-05-01,2025,5,Housing Support,Basic Needs,Active,Northeast,NY,312,345,90.43,19507.7,14860.89,4646.81,76.18,47.63,407.9,38,0.765,3.92,69.99
1355,2025-04-01,2025,4,Community Outreach,Community,Active,West,CA,197,255,77.25,13082.21,9896.48,3185.73,75.65,50.24,109.0,14,1.807,4.13,65.24
1581,2025-11-01,2025,11,Education Support,Education,Active,Northeast,MA,313,318,98.43,18019.5,15945.09,2074.41,88.49,50.94,378.9,28,0.826,5.0,76.35
1518,2025-09-01,2025,9,Youth Development,Education,Active,West,CA,330,301,109.63,17939.73,15769.14,2170.59,87.9,47.79,134.6,20,2.452,4.71,94.82
796,2023-12-01,2023,12,Healthcare Access,Health,Completed,Northeast,MA,427,416,102.64,22583.54,19158.1,3425.44,84.83,44.87,670.5,48,0.637,4.34,56.59
646,2023-07-01,2023,7,Job Training,Economic Empowerment,Completed,South,GA,163,169,96.45,13562.89,10600.79,2962.1,78.16,65.04,190.9,16,0.854,4.18,70.8
1013,2024-06-01,2024,6,Education Support,Education,Paused,Northeast,PA,587,655,89.62,28997.62,23100.91,5896.71,79.66,39.35,156.1,20,3.76,4.3,65.0
557,2023-05-01,2023,5,Community Outreach,Community,Completed,Northeast,MA,244,238,102.52,13307.0,9717.34,3589.66,73.02,39.83,266.3,26,0.916,4.95,72.31
682,2023-09-01,2023,9,Community Outreach,Community,Paused,South,FL,144,142,101.41,11102.2,8782.82,2319.38,79.11,60.99,114.4,17,1.259,4.82,81.2
578,2023-05-01,2023,5,Education Support,Education,Active,South,GA,332,348,95.4,28316.09,21786.91,6529.18,76.94,65.62,345.4,25,0.961,4.44,86.17
1110,2024-09-01,2024,9,Job Training,Economic Empowerment,Completed,Northeast,MA,138,154,89.61,8967.77,6696.19,2271.58,74.67,48.52,70.8,11,1.949,4.66,66.81
1267,2025-02-01,2025,2,Community Outreach,Community,Active,South,FL,201,221,90.95,14986.96,10136.68,4850.28,67.64,50.43,114.6,13,1.754,3.91,66.2
1184,2024-11-01,2024,11,Food Assistance,Basic Needs,Completed,Northeast,MA,449,568,79.05,30453.72,18090.54,12363.18,59.4,40.29,287.2,31,1.563,4.68,90.61
525,2023-04-01,2023,4,Food Assistance,Basic Needs,Paused,Midwest,IL,447,309,144.66,36408.39,26593.13,9815.26,73.04,59.49,262.5,47,1.703,3.14,82.57
1060,2024-08-01,2024,8,Housing Support,Basic Needs,Active,Northeast,PA,177,199,88.94,12608.68,9106.96,3501.72,72.23,51.45,84.3,15,2.1,5.0,57.22
541,2023-04-01,2023,4,Education Support,Education,Active,Midwest,IL,425,524,81.11,24205.19,16273.92,7931.27,67.23,38.29,350.6,29,1.212,4.25,87.2
1195,2024-12-01,2024,12,Youth Development,Education,Active,South,FL,366,361,101.39,20672.11,20276.19,395.92,98.08,55.4,215.4,19,1.699,4.29,79.31
749,2023-11-01,2023,11,Community Outreach,Community,Completed,Midwest,MI,207,193,107.25,14252.93,11175.62,3077.31,78.41,53.99,161.8,19,1.279,4.62,72.45
1521,2025-09-01,2025,9,Youth Development,Education,Active,West,CA,331,359,92.2,16728.39,13142.67,3585.72,78.57,39.71,423.9,38,0.781,4.24,81.31
1431,2025-07-01,2025,7,Healthcare Access,Health,Paused,Midwest,OH,322,312,103.21,21129.46,17384.0,3745.46,82.27,53.99,197.7,18,1.629,4.28,81.6
485,2023-03-01,2023,3,Housing Support,Basic Needs,Active,West,WA,160,150,106.67,12870.07,11572.64,1297.43,89.92,72.33,171.8,17,0.931,3.66,66.43
96,2022-03-01,2022,3,Food Assistance,Basic Needs,Active,West,WA,437,627,69.7,24847.8,19142.59,5705.21,77.04,43.8,363.9,47,1.201,4.48,92.17
1021,2024-07-01,2024,7,Housing Support,Basic Needs,Active,Northeast,PA,242,283,85.51,14497.52,11276.13,3221.39,77.78,46.6,186.8,11,1.296,5.0,73.78
564,2023-05-01,2023,5,Job Training,Economic Empowerment,Active,South,FL,230,265,86.79,13737.84,11080.41,2657.43,80.66,48.18,205.2,22,1.121,3.87,80.46
1265,2025-02-01,2025,2,Healthcare Access,Health,Active,West,CA,359,362,99.17,21322.35,16894.59,4427.76,79.23,47.06,349.3,33,1.028,4.11,66.02
864,2024-02-01,2024,2,Job Training,Economic Empowerment,Paused,West,WA,246,215,114.42,14832.05,11038.03,3794.02,74.42,44.87,116.4,16,2.113,3.46,82.71
1485,2025-08-01,2025,8,Food Assistance,Basic Needs,Active,West,CA,476,474,100.42,30640.45,19226.31,11414.14,62.75,40.39,332.0,38,1.434,4.63,73.01
892,2024-03-01,2024,3,Education Support,Education,Active,South,GA,562,584,96.23,27332.93,20815.25,6517.68,76.15,37.04,526.4,54,1.068,4.34,84.13
1039,2024-07-01,2024,7,Community Outreach,Community,Completed,Midwest,OH,233,195,119.49,13682.91,13288.3,394.61,97.12,57.03,141.4,16,1.648,4.44,91.59
207,2022-07-01,2022,7,Job Training,Economic Empowerment,Active,South,GA,305,347,87.9,14528.34,11805.43,2722.91,81.26,38.71,232.7,27,1.311,4.56,69.64
393,2022-12-01,2022,12,Education Support,Education,Completed,South,GA,378,424,89.15,24245.47,18262.56,5982.91,75.32,48.31,158.9,38,2.379,4.48,75.18
795,2023-12-01,2023,12,Healthcare Access,Health,Active,West,AZ,267,197,135.53,14702.94,11122.37,3580.57,75.65,41.66,191.7,34,1.393,3.56,63.01
871,2024-02-01,2024,2,Education Support,Education,Active,West,CA,573,645,88.84,31335.96,23369.89,7966.07,74.58,40.79,542.2,50,1.057,4.26,79.38
398,2022-12-01,2022,12,Healthcare Access,Health,Paused,South,GA,208,249,83.53,13247.62,11016.22,2231.4,83.16,52.96,237.7,22,0.875,3.95,72.35
767,2023-11-01,2023,11,Housing Support,Basic Needs,Active,Midwest,IL,147,161,91.3,11816.18,8569.79,3246.39,72.53,58.3,172.6,18,0.852,3.99,58.82
1511,2025-09-01,2025,9,Housing Support,Basic Needs,Active,South,TX,282,262,107.63,18479.95,14307.42,4172.53,77.42,50.74,254.5,19,1.108,4.71,72.16
1242,2025-01-01,2025,1,Housing Support,Basic Needs,Active,South,FL,318,300,106.0,19754.56,13737.24,6017.32,69.54,43.2,238.5,31,1.333,4.38,68.99
1029,2024-07-01,2024,7,Healthcare Access,Health,Completed,South,TX,363,358,101.4,23124.5,23091.51,32.99,99.86,63.61,317.5,28,1.143,4.45,60.21
643,2023-07-01,2023,7,Education Support,Education,Active,South,FL,446,422,105.69,23071.3,16475.12,6596.18,71.41,36.94,346.9,32,1.286,4.99,76.74
1553,2025-10-01,2025,10,Job Training,Economic Empowerment,Paused,West,WA,210,261,80.46,12885.25,9831.23,3054.02,76.3,46.82,73.4,13,2.861,3.86,78.92
613,2023-07-01,2023,7,Community Outreach,Community,Active,Northeast,NY,104,120,86.67,7713.0,6481.85,1231.15,84.04,62.33,55.6,8,1.871,3.92,67.01
961,2024-05-01,2024,5,Job Training,Economic Empowerment,Paused,South,GA,243,247,98.38,16818.57,15712.38,1106.19,93.42,64.66,293.9,25,0.827,4.18,76.34
726,2023-10-01,2023,10,Healthcare Access,Health,Active,South,FL,303,299,101.34,18700.06,17987.4,712.66,96.19,59.36,324.8,33,0.933,3.41,72.11
684,2023-09-01,2023,9,Healthcare Access,Health,Active,Midwest,IL,188,206,91.26,11300.34,9096.12,2204.22,80.49,48.38,137.4,14,1.368,5.0,78.05
99,2022-03-01,2022,3,Community Outreach,Community,Active,Northeast,NY,230,270,85.19,13077.06,10800.58,2276.48,82.59,46.96,101.6,19,2.264,4.57,71.66
805,2023-12-01,2023,12,Youth Development,Education,Active,South,GA,196,210,93.33,12830.09,9588.91,3241.18,74.74,48.92,96.8,11,2.025,4.78,86.22
407,2022-12-01,2022,12,Food Assistance,Basic Needs,Paused,Northeast,NY,353,403,87.59,26238.73,21248.54,4990.19,80.98,60.19,412.9,34,0.855,4.66,79.18
503,2023-03-01,2023,3,Education Support,Education,Paused,Midwest,IL,433,421,102.85,22463.2,17323.41,5139.79,77.12,40.01,332.7,56,1.301,3.69,86.27
1072,2024-08-01,2024,8,Youth Development,Education,Completed,Northeast,NY,268,252,106.35,18542.04,15225.53,3316.51,82.11,56.81,313.4,25,0.855,4.48,85.25
1057,2024-08-01,2024,8,Education Support,Education,Active,South,GA,348,274,127.01,18827.23,15539.82,3287.41,82.54,44.65,182.6,23,1.906,4.02,85.86
930,2024-04-01,2024,4,Housing Support,Basic Needs,Active,Midwest,IL,248,244,101.64,18429.03,14916.37,3512.66,80.94,60.15,159.0,17,1.56,3.67,73.05
780,2023-11-01,2023,11,Housing Support,Basic Needs,Active,Midwest,IL,142,144,98.61,13392.17,11744.09,1648.08,87.69,82.7,96.3,10,1.475,4.01,70.88
201,2022-06-01,2022,6,Housing Support,Basic Needs,Completed,Northeast,MA,230,219,105.02,13055.56,9139.95,3915.61,70.01,39.74,121.0,17,1.901,4.41,81.0
135,2022-04-01,2022,4,Job Training,Economic Empowerment,Active,South,GA,188,225,83.56,13880.51,10141.44,3739.07,73.06,53.94,84.3,10,2.23,5.0,78.8
1052,2024-07-01,2024,7,Job Training,Economic Empowerment,Active,South,GA,196,201,97.51,12317.88,10847.64,1470.24,88.06,55.35,121.8,12,1.609,4.15,74.36
41,2022-02-01,2022,2,Healthcare Access,Health,Completed,West,AZ,355,329,107.9,19900.33,19686.18,214.15,98.92,55.45,142.2,22,2.496,4.97,81.33
1018,2024-06-01,2024,6,Education Support,Education,Completed,Northeast,NY,383,309,123.95,20085.31,16362.12,3723.19,81.46,42.72,206.9,27,1.851,3.87,76.28
231,2022-07-01,2022,7,Healthcare Access,Health,Active,South,TX,216,209,103.35,16704.36,13184.49,3519.87,78.93,61.04,131.7,19,1.64,5.0,68.07
1514,2025-09-01,2025,9,Food Assistance,Basic Needs,Active,Midwest,MI,454,467,97.22,30470.65,29915.49,555.16,98.18,65.89,338.6,39,1.341,4.71,84.11
379,2022-12-01,2022,12,Food Assistance,Basic Needs,Completed,South,TX,276,298,92.62,16718.85,13791.75,2927.1,82.49,49.97,191.7,20,1.44,3.37,72.73
289,2022-09-01,2022,9,Healthcare Access,Health,Paused,South,GA,504,575,87.65,22019.37,16771.72,5247.65,76.17,33.28,562.5,48,0.896,4.31,89.36
419,2023-01-01,2023,1,Community Outreach,Community,Active,South,TX,188,189,99.47,10120.51,9503.75,616.76,93.91,50.55,164.8,18,1.141,4.15,67.27
392,2022-12-01,2022,12,Education Support,Education,Active,West,WA,354,367,96.46,20970.81,16278.44,4692.37,77.62,45.98,225.0,17,1.573,4.54,83.54
593,2023-06-01,2023,6,Healthcare Access,Health,Paused,Midwest,OH,279,236,118.22,16672.55,14174.16,2498.39,85.01,50.8,279.2,26,0.999,4.45,78.32
1523,2025-09-01,2025,9,Housing Support,Basic Needs,Active,West,AZ,131,108,121.3,9676.65,7919.53,1757.12,81.84,60.45,112.8,11,1.161,4.3,56.85
1163,2024-11-01,2024,11,Education Support,Education,Active,Midwest,MI,320,342,93.57,19691.61,13266.17,6425.44,67.37,41.46,336.9,29,0.95,4.76,65.85
1087,2024-08-01,2024,8,Job Training,Economic Empowerment,Active,Midwest,OH,297,335,88.66,18245.71,14599.74,3645.97,80.02,49.16,257.6,28,1.153,4.39,79.25
1496,2025-08-01,2025,8,Healthcare Access,Health,Active,Midwest,IL,342,297,115.15,20452.47,13928.1,6524.37,68.1,40.73,221.2,23,1.546,4.49,87.35
648,2023-08-01,2023,8,Food Assistance,Basic Needs,Active,Midwest,MI,257,265,96.98,19034.91,14877.11,4157.8,78.16,57.89,192.8,23,1.333,4.4,80.94
1153,2024-10-01,2024,10,Job Training,Economic Empowerment,Completed,West,CA,268,245,109.39,16249.57,12002.83,4246.74,73.87,44.79,216.7,24,1.237,4.83,59.76
1368,2025-05-01,2025,5,Housing Support,Basic Needs,Active,South,TX,284,192,147.92,19750.03,16708.23,3041.8,84.6,58.83,117.0,17,2.427,4.66,65.22
521,2023-04-01,2023,4,Job Training,Economic Empowerment,Active,Northeast,MA,251,253,99.21,14820.63,8838.49,5982.14,59.64,35.21,218.2,19,1.15,4.27,70.03
65,2022-02-01,2022,2,Housing Support,Basic Needs,Active,South,GA,189,182,103.85,14038.21,12010.23,2027.98,85.55,63.55,127.0,18,1.488,4.4,74.01
15,2022-01-01,2022,1,Food Assistance,Basic Needs,Completed,South,TX,601,614,97.88,26746.86,21669.1,5077.76,81.02,36.06,328.9,50,1.827,5.0,84.02
1181,2024-11-01,2024,11,Healthcare Access,Health,Completed,South,FL,219,198,110.61,13558.35,10683.41,2874.94,78.8,48.78,128.8,25,1.7,4.09,70.58
1065,2024-08-01,2024,8,Job Training,Economic Empowerment,Active,South,GA,236,232,101.72,13921.73,11181.56,2740.17,80.32,47.38,190.8,15,1.237,4.12,81.03
493,2023-03-01,2023,3,Healthcare Access,Health,Active,Northeast,PA,367,366,100.27,26193.49,18407.3,7786.19,70.27,50.16,415.0,33,0.884,4.18,55.88
380,2022-12-01,2022,12,Job Training,Economic Empowerment,Active,West,AZ,192,203,94.58,13628.56,11239.3,2389.26,82.47,58.54,148.9,15,1.289,3.97,70.35
188,2022-06-01,2022,6,Job Training,Economic Empowerment,Completed,Midwest,OH,316,380,83.16,17275.49,14498.5,2776.99,83.93,45.88,251.8,31,1.255,4.04,71.97
764,2023-11-01,2023,11,Food Assistance,Basic Needs,Paused,Midwest,OH,424,594,71.38,21688.28,15050.02,6638.26,69.39,35.5,307.3,40,1.38,4.96,67.88
217,2022-07-01,2022,7,Housing Support,Basic Needs,Active,South,TX,252,256,98.44,13672.88,10187.23,3485.65,74.51,40.43,183.6,21,1.373,4.71,55.07
792,2023-12-01,2023,12,Housing Support,Basic Needs,Active,Northeast,MA,279,348,80.17,18233.27,11745.55,6487.72,64.42,42.1,184.3,21,1.514,4.3,68.67
1077,2024-08-01,2024,8,Community Outreach,Community,Paused,Midwest,IL,89,87,102.3,11946.29,5259.72,6686.57,44.03,59.1,72.7,8,1.224,4.37,62.18
879,2024-02-01,2024,2,Community Outreach,Community,Active,South,FL,267,293,91.13,16399.92,10943.23,5456.69,66.73,40.99,164.9,16,1.619,3.77,65.74
338,2022-10-01,2022,10,Youth Development,Education,Active,West,WA,271,310,87.42,17678.29,16138.39,1539.9,91.29,59.55,305.7,25,0.886,5.0,90.19
720,2023-10-01,2023,10,Job Training,Economic Empowerment,Active,West,AZ,208,212,98.11,15541.55,10502.56,5038.99,67.58,50.49,173.4,20,1.2,4.17,78.83
296,2022-09-01,2022,9,Job Training,Economic Empowerment,Active,South,FL,124,102,121.57,9238.85,8234.3,1004.55,89.13,66.41,120.0,9,1.033,4.17,58.34
1017,2024-06-01,2024,6,Healthcare Access,Health,Active,West,CA,348,351,99.15,20195.37,16933.86,3261.51,83.85,48.66,436.5,31,0.797,3.76,74.02
1276,2025-02-01,2025,2,Education Support,Education,Active,South,TX,535,601,89.02,29355.52,23059.26,6296.26,78.55,43.1,562.1,45,0.952,5.0,67.94
1486,2025-08-01,2025,8,Education Support,Education,Active,Northeast,NY,406,406,100.0,23796.81,18752.75,5044.06,78.8,46.19,387.7,34,1.047,4.47,77.2
456,2023-02-01,2023,2,Education Support,Education,Completed,Northeast,MA,385,347,110.95,22119.21,17175.55,4943.66,77.65,44.61,174.6,26,2.205,4.64,81.7
816,2023-12-01,2023,12,Community Outreach,Community,Active,West,WA,169,168,100.6,10933.04,9410.12,1522.92,86.07,55.68,183.7,18,0.92,4.23,69.67
270,2022-08-01,2022,8,Healthcare Access,Health,Active,Midwest,MI,283,244,115.98,16502.97,11855.13,4647.84,71.84,41.89,182.8,21,1.548,5.0,79.46
996,2024-06-01,2024,6,Healthcare Access,Health,Active,South,GA,369,344,107.27,18510.48,15799.2,2711.28,85.35,42.82,217.1,26,1.7,4.91,71.96
202,2022-06-01,2022,6,Youth Development,Education,Active,Midwest,IL,303,305,99.34,17142.1,10691.2,6450.9,62.37,35.28,288.5,31,1.05,4.47,99.0
162,2022-05-01,2022,5,Community Outreach,Community,Active,Northeast,PA,105,116,90.52,9087.81,9354.08,-266.27,102.93,89.09,104.4,9,1.006,4.42,69.21
730,2023-10-01,2023,10,Education Support,Education,Paused,West,AZ,320,345,92.75,16365.07,12077.37,4287.7,73.8,37.74,183.6,14,1.743,3.97,75.27
402,2022-12-01,2022,12,Youth Development,Education,Paused,Midwest,OH,362,444,81.53,18825.56,12466.21,6359.35,66.22,34.44,572.2,43,0.633,4.88,96.25
703,2023-09-01,2023,9,Youth Development,Education,Completed,West,CA,267,296,90.2,15269.14,11674.93,3594.21,76.46,43.73,101.0,20,2.644,4.13,85.81
1501,2025-09-01,2025,9,Housing Support,Basic Needs,Active,Midwest,OH,214,214,100.0,18251.95,14160.49,4091.46,77.58,66.17,179.1,18,1.195,4.63,67.72
1130,2024-10-01,2024,10,Job Training,Economic Empowerment,Active,South,TX,200,209,95.69,14525.73,11904.28,2621.45,81.95,59.52,218.7,17,0.914,4.76,71.94
566,2023-05-01,2023,5,Food Assistance,Basic Needs,Active,West,CA,510,573,89.01,26068.13,25742.45,325.68,98.75,50.48,679.8,55,0.75,3.87,84.11
1414,2025-06-01,2025,6,Housing Support,Basic Needs,Active,West,WA,194,197,98.48,13748.29,9170.57,4577.72,66.7,47.27,93.4,14,2.077,4.3,59.42
1022,2024-07-01,2024,7,Healthcare Access,Health,Paused,West,AZ,282,273,103.3,17146.7,15541.52,1605.18,90.64,55.11,216.6,25,1.302,4.24,83.97
1026,2024-07-01,2024,7,Job Training,Economic Empowerment,Active,South,FL,79,77,102.6,4296.11,3006.64,1289.47,69.99,38.06,50.3,6,1.571,4.44,59.52
1412,2025-06-01,2025,6,Education Support,Education,Active,Northeast,PA,483,560,86.25,22039.64,19231.58,2808.06,87.26,39.82,732.4,52,0.659,3.72,70.16
1105,2024-09-01,2024,9,Job Training,Economic Empowerment,Active,Northeast,MA,214,247,86.64,12002.05,9338.65,2663.4,77.81,43.64,91.9,15,2.329,5.0,76.74
206,2022-07-01,2022,7,Housing Support,Basic Needs,Completed,West,WA,228,237,96.2,12880.91,10629.81,2251.1,82.52,46.62,148.0,14,1.541,4.44,75.89
35,2022-02-01,2022,2,Job Training,Economic Empowerment,Active,Northeast,NY,265,239,110.88,16557.71,13680.15,2877.56,82.62,51.62,184.0,23,1.44,4.44,68.92
776,2023-11-01,2023,11,Housing Support,Basic Needs,Paused,South,GA,164,229,71.62,12474.11,12059.3,414.81,96.67,73.53,134.6,10,1.218,4.17,69.03
509,2023-03-01,2023,3,Community Outreach,Community,Paused,West,WA,152,164,92.68,10540.1,8534.58,2005.52,80.97,56.15,109.2,9,1.392,4.64,64.36
1452,2025-07-01,2025,7,Community Outreach,Community,Active,South,TX,139,160,86.88,9787.74,10181.68,-393.94,104.02,73.25,93.7,13,1.483,4.21,70.25
1479,2025-08-01,2025,8,Housing Support,Basic Needs,Active,West,AZ,203,264,76.89,12212.62,9523.1,2689.52,77.98,46.91,127.5,13,1.592,4.1,63.07
1622,2025-12-01,2025,12,Job Training,Economic Empowerment,Completed,South,TX,269,275,97.82,16365.94,14127.74,2238.2,86.32,52.52,211.7,21,1.271,4.92,78.33
1391,2025-05-01,2025,5,Community Outreach,Community,Active,Northeast,NY,237,272,87.13,15107.88,12258.94,2848.94,81.14,51.73,293.7,25,0.807,3.92,61.31
92,2022-03-01,2022,3,Food Assistance,Basic Needs,Active,West,CA,393,424,92.69,25026.82,17072.36,7954.46,68.22,43.44,188.8,36,2.082,4.96,81.78
1364,2025-05-01,2025,5,Education Support,Education,Paused,Northeast,PA,375,347,108.07,26551.11,21603.58,4947.53,81.37,57.61,209.5,27,1.79,4.49,82.75
898,2024-03-01,2024,3,Housing Support,Basic Needs,Active,South,TX,279,276,101.09,20906.75,14792.98,6113.77,70.76,53.02,215.1,25,1.297,4.44,60.55
565,2023-05-01,2023,5,Youth Development,Education,Active,Midwest,MI,266,272,97.79,16422.76,11310.66,5112.1,68.87,42.52,207.2,20,1.284,4.7,74.82
1370,2025-05-01,2025,5,Food Assistance,Basic Needs,Active,Northeast,PA,680,646,105.26,37793.72,28906.91,8886.81,76.49,42.51,261.6,26,2.599,4.65,79.07
777,2023-11-01,2023,11,Healthcare Access,Health,Active,West,CA,280,335,83.58,18257.66,14470.82,3786.84,79.26,51.68,131.0,21,2.137,4.05,61.87
242,2022-08-01,2022,8,Job Training,Economic Empowerment,Completed,Northeast,PA,272,235,115.74,13789.54,11440.77,2348.77,82.97,42.06,184.7,20,1.473,5.0,59.98
14,2022-01-01,2022,1,Community Outreach,Community,Active,Northeast,NY,180,240,75.0,11010.78,8780.64,2230.14,79.75,48.78,149.0,16,1.208,3.52,69.79
316,2022-10-01,2022,10,Housing Support,Basic Needs,Active,Northeast,MA,261,288,90.62,12719.76,9522.61,3197.15,74.86,36.49,289.1,27,0.903,4.54,72.85
601,2023-06-01,2023,6,Community Outreach,Community,Active,South,FL,197,166,118.67,12728.5,9027.16,3701.34,70.92,45.82,82.7,15,2.382,4.05,75.22
388,2022-12-01,2022,12,Healthcare Access,Health,Active,West,WA,381,393,96.95,21375.19,17912.1,3463.09,83.8,47.01,302.6,26,1.259,5.0,83.56
1298,2025-03-01,2025,3,Education Support,Education,Active,Midwest,MI,645,661,97.58,33116.89,25345.58,7771.31,76.53,39.3,1009.4,85,0.639,4.11,80.8
167,2022-05-01,2022,5,Education Support,Education,Completed,West,AZ,324,415,78.07,17002.31,15333.98,1668.33,90.19,47.33,343.9,26,0.942,4.59,77.3
841,2024-01-01,2024,1,Housing Support,Basic Needs,Active,West,CA,310,341,90.91,18124.94,9619.25,8505.69,53.07,31.03,287.3,23,1.079,3.99,66.21
21,2022-01-01,2022,1,Youth Development,Education,Active,South,FL,280,343,81.63,14025.72,9789.0,4236.72,69.79,34.96,305.4,29,0.917,4.92,97.17
647,2023-08-01,2023,8,Healthcare Access,Health,Active,Midwest,IL,221,242,91.32,15307.8,9990.51,5317.29,65.26,45.21,119.2,17,1.854,4.7,89.41
1509,2025-09-01,2025,9,Job Training,Economic Empowerment,Active,South,GA,257,283,90.81,15766.11,11766.2,3999.91,74.63,45.78,317.0,24,0.811,4.73,78.48
1155,2024-10-01,2024,10,Healthcare Access,Health,Paused,West,CA,317,389,81.49,19308.29,12526.31,6781.98,64.88,39.52,159.7,30,1.985,4.07,65.3
1529,2025-09-01,2025,9,Housing Support,Basic Needs,Active,Midwest,OH,235,199,118.09,13419.99,10343.9,3076.09,77.08,44.02,184.6,24,1.273,4.49,72.35
832,2024-01-01,2024,1,Food Assistance,Basic Needs,Completed,Northeast,NY,653,711,91.84,36805.36,27440.32,9365.04,74.56,42.02,455.2,44,1.435,4.25,92.53
1268,2025-02-01,2025,2,Youth Development,Education,Active,South,FL,244,293,83.28,17138.92,11147.07,5991.85,65.04,45.68,216.6,19,1.127,4.27,75.4
1591,2025-11-01,2025,11,Community Outreach,Community,Completed,Northeast,NY,146,132,110.61,9607.9,7444.48,2163.42,77.48,50.99,167.8,14,0.87,4.75,67.55
563,2023-05-01,2023,5,Community Outreach,Community,Active,Midwest,IL,184,133,138.35,10472.2,6917.74,3554.46,66.06,37.6,73.4,12,2.507,3.67,73.3
1605,2025-12-01,2025,12,Youth Development,Education,Active,Midwest,IL,414,466,88.84,19504.82,13108.26,6396.56,67.21,31.66,208.0,26,1.99,4.73,84.87
687,2023-09-01,2023,9,Housing Support,Basic Needs,Completed,Northeast,PA,165,163,101.23,11441.55,10093.31,1348.24,88.22,61.17,176.5,12,0.935,4.55,57.79
958,2024-05-01,2024,5,Healthcare Access,Health,Active,South,FL,346,403,85.86,27922.22,19435.18,8487.04,69.6,56.17,384.3,39,0.9,4.15,80.3
190,2022-06-01,2022,6,Food Assistance,Basic Needs,Completed,South,TX,295,306,96.41,21948.49,16852.61,5095.88,76.78,57.13,376.6,34,0.783,4.03,92.83
976,2024-05-01,2024,5,Community Outreach,Community,Active,South,FL,160,149,107.38,11180.61,8935.42,2245.19,79.92,55.85,105.5,13,1.517,4.57,83.78
700,2023-09-01,2023,9,Job Training,Economic Empowerment,Paused,West,CA,177,216,81.94,10585.31,6411.77,4173.54,60.57,36.22,140.9,16,1.256,4.46,75.67
1500,2025-09-01,2025,9,Food Assistance,Basic Needs,Paused,South,TX,400,447,89.49,26067.19,17253.37,8813.82,66.19,43.13,382.6,33,1.045,4.45,70.43
511,2023-04-01,2023,4,Education Support,Education,Paused,Northeast,MA,441,574,76.83,27062.82,15935.56,11127.26,58.88,36.14,438.0,49,1.007,4.91,80.64
1083,2024-08-01,2024,8,Youth Development,Education,Active,West,WA,351,372,94.35,16064.86,12733.51,3331.35,79.26,36.28,276.1,46,1.271,4.91,95.31
475,2023-02-01,2023,2,Youth Development,Education,Active,Northeast,PA,352,370,95.14,19891.34,14867.56,5023.78,74.74,42.24,280.8,28,1.254,4.1,73.87
1585,2025-11-01,2025,11,Community Outreach,Community,Completed,West,WA,183,149,122.82,12011.05,9796.78,2214.27,81.56,53.53,193.2,18,0.947,4.85,71.61
857,2024-02-01,2024,2,Education Support,Education,Paused,West,AZ,595,525,113.33,37973.23,26752.65,11220.58,70.45,44.96,259.3,50,2.295,4.53,93.55
748,2023-10-01,2023,10,Food Assistance,Basic Needs,Active,West,CA,601,653,92.04,32256.97,26729.12,5527.85,82.86,44.47,515.2,38,1.167,5.0,81.14
253,2022-08-01,2022,8,Community Outreach,Community,Active,Midwest,MI,111,127,87.4,9395.01,6163.82,3231.19,65.61,55.53,91.7,9,1.21,4.99,59.53
22,2022-01-01,2022,1,Housing Support,Basic Needs,Completed,Northeast,PA,186,170,109.41,13548.89,9462.8,4086.09,69.84,50.88,155.3,15,1.198,4.48,74.62
1338,2025-04-01,2025,4,Youth Development,Education,Active,South,FL,624,704,88.64,27241.71,15570.46,11671.25,57.16,24.95,216.6,45,2.881,4.36,92.18
460,2023-02-01,2023,2,Youth Development,Education,Active,West,WA,302,314,96.18,15099.77,11887.86,3211.91,78.73,39.36,237.2,26,1.273,5.0,81.33
1185,2024-11-01,2024,11,Job Training,Economic Empowerment,Active,West,AZ,139,102,136.27,9240.71,7236.97,2003.74,78.32,52.06,161.7,12,0.86,4.46,80.35
277,2022-09-01,2022,9,Healthcare Access,Health,Active,Midwest,IL,255,220,115.91,15287.12,12848.09,2439.03,84.05,50.38,217.6,26,1.172,4.24,77.13
956,2024-05-01,2024,5,Community Outreach,Community,Active,South,GA,130,128,101.56,8256.92,6446.78,1810.14,78.08,49.59,105.5,13,1.232,3.54,86.36
1216,2024-12-01,2024,12,Food Assistance,Basic Needs,Active,West,WA,491,523,93.88,27523.93,21534.67,5989.26,78.24,43.86,288.8,33,1.7,4.49,67.0
386,2022-12-01,2022,12,Healthcare Access,Health,Paused,Northeast,PA,371,280,132.5,21889.72,14628.49,7261.23,66.83,39.43,298.0,29,1.245,4.42,84.75
806,2023-12-01,2023,12,Community Outreach,Community,Paused,Midwest,IL,118,99,119.19,7675.6,6679.1,996.5,87.02,56.6,87.1,12,1.355,4.04,66.31
1438,2025-07-01,2025,7,Education Support,Education,Paused,South,TX,365,370,98.65,22297.59,16424.33,5873.26,73.66,45.0,369.3,35,0.988,4.44,90.07
1516,2025-09-01,2025,9,Healthcare Access,Health,Active,West,AZ,388,424,91.51,23506.77,17615.04,5891.73,74.94,45.4,319.2,40,1.216,4.39,81.29
344,2022-11-01,2022,11,Healthcare Access,Health,Active,Northeast,MA,150,163,92.02,9314.01,6192.87,3121.14,66.49,41.29,125.8,14,1.192,5.0,87.58
770,2023-11-01,2023,11,Community Outreach,Community,Active,West,AZ,133,154,86.36,9538.96,7868.2,1670.76,82.48,59.16,79.3,11,1.677,4.42,57.48
1333,2025-04-01,2025,4,Job Training,Economic Empowerment,Completed,South,FL,305,351,86.89,21359.2,14142.84,7216.36,66.21,46.37,343.8,34,0.887,4.84,58.28
131,2022-04-01,2022,4,Housing Support,Basic Needs,Active,West,WA,273,331,82.48,19115.45,14836.44,4279.01,77.61,54.35,257.6,22,1.06,4.65,55.39
872,2024-02-01,2024,2,Housing Support,Basic Needs,Paused,West,AZ,280,249,112.45,16837.23,13046.26,3790.97,77.48,46.59,421.9,34,0.664,4.96,68.2
1124,2024-10-01,2024,10,Education Support,Education,Active,South,TX,449,426,105.4,21042.85,15121.09,5921.76,71.86,33.68,436.2,52,1.029,5.0,87.13
1397,2025-06-01,2025,6,Job Training,Economic Empowerment,Paused,Midwest,IL,242,287,84.32,15320.32,12462.12,2858.2,81.34,51.5,121.6,14,1.99,4.71,76.08
88,2022-03-01,2022,3,Education Support,Education,Active,West,WA,364,433,84.06,24106.69,18357.48,5749.21,76.15,50.43,315.2,26,1.155,4.2,68.73
1483,2025-08-01,2025,8,Education Support,Education,Active,Northeast,MA,448,444,100.9,22443.6,17569.57,4874.03,78.28,39.22,285.4,41,1.57,4.8,93.1
331,2022-10-01,2022,10,Healthcare Access,Health,Active,South,FL,354,327,108.26,21795.63,15579.32,6216.31,71.48,44.01,158.3,21,2.236,4.28,63.76
1239,2025-01-01,2025,1,Housing Support,Basic Needs,Active,West,CA,265,304,87.17,20647.49,20900.65,-253.16,101.23,78.87,365.0,28,0.726,4.45,75.74
467,2023-02-01,2023,2,Youth Development,Education,Paused,West,WA,196,231,84.85,14905.81,10392.04,4513.77,69.72,53.02,78.9,8,2.484,4.9,81.02
122,2022-04-01,2022,4,Education Support,Education,Active,South,FL,329,352,93.47,22330.09,15896.67,6433.42,71.19,48.32,259.7,33,1.267,4.32,64.88
1045,2024-07-01,2024,7,Youth Development,Education,Active,Northeast,PA,383,528,72.54,19230.2,16837.39,2392.81,87.56,43.96,225.5,31,1.698,4.29,77.26
1096,2024-09-01,2024,9,Healthcare Access,Health,Completed,Midwest,OH,311,271,114.76,22077.86,18498.84,3579.02,83.79,59.48,209.1,25,1.487,4.91,76.5
1131,2024-10-01,2024,10,Education Support,Education,Paused,Northeast,MA,419,465,90.11,22787.96,13614.3,9173.66,59.74,32.49,185.2,32,2.262,5.0,79.51
1295,2025-03-01,2025,3,Healthcare Access,Health,Active,West,AZ,358,413,86.68,23960.78,24853.92,-893.14,103.73,69.42,216.6,34,1.653,4.29,75.98
861,2024-02-01,2024,2,Community Outreach,Community,Active,West,AZ,218,205,106.34,14071.14,10709.53,3361.61,76.11,49.13,141.8,19,1.537,3.72,84.44
1460,2025-07-01,2025,7,Housing Support,Basic Needs,Paused,South,GA,229,170,134.71,12109.68,8476.57,3633.11,70.0,37.02,163.2,19,1.403,3.86,60.34
1127,2024-10-01,2024,10,Housing Support,Basic Needs,Paused,West,WA,259,285,90.88,15089.47,9810.68,5278.79,65.02,37.88,79.0,8,3.278,4.26,60.18
