record_id,date,year,month,program_name,program_category,region,state,beneficiaries_served,target_beneficiaries,funding_received,program_expenses,volunteer_hours,number_of_volunteers,satisfaction_score,outcome_success_rate,program_status
683,2023-09-01,2023,9,Food Assistance,Basic Needs,West,CA,364,326,21722.67,16501.71,334.5,30,4.98,72.02,Completed
1319,2025-03-01,2025,3,EDUCATION SUPPORT ,Education,Midwest,OH,504,556,26876.22,23391.78,428.7,38,4.21,68.72,Active
577,2023-05-01,2023,5,Education Support,Education,South,GA,422,447,26373.84,15244.27,394.5,48,4.55,77.52,Active
874,2024-02-01,2024,2,Job Training,Economic Empowerment,West,CA,184,154,12296.49,12162.57,140.3,15,4.67,79.7,Active
332,2022-10-01,2022,10,Job Training,Economic Empowerment,Northeast,PA,205,187,11541.16,10755.54,229.5,19,4.11,78.84,Active
904,2024-03-01,2024,3,Housing Support,Basic Needs,Northeast,NY,225,234,17188.66,13319.83,223.1,20,3.88,81.5,Active
174,2022-06-01,2022,6,housing support,Basic Needs,South,TX,240,299,15303.29,14326.19,152.3,20,4.56,62.58,Paused
830,2024-01-01,2024,1,HEALTHCARE ACCESS,Health,Midwest,IL,308,288,20371.59,15087.99,174.1,28,4.27,74.67,Completed
494,2023-03-01,2023,3,Job Training,Economic Empowerment,Midwest,IL,246,278,13858.12,11402.72,119.7,19,4.64,65.33,Active
375,2022-12-01,2022,12,Housing Support,Basic Needs,WEST,WA,201,182,13675.05,10772.49,115.1,18,4.5,66.76,Active
1054,2024-07-01,2024,7,food assistance,Basic Needs,West,CA,532,625,30836.89,21259.57,204.2,25,4.15,77.37,Active
1594,2025-11-01,2025,11,Education Support,Education,Northeast,PA,457,615,25730.76,18021.08,328.8,39,3.88,97.53,Active
716,2023-10-01,2023,10,Youth Development,Education,South,FL,324,303,14732.75,10601.92,155.1,24,,80.16,Paused
1617,2025-12-01,2025,12,Community Outreach,Community,Northeast,MA,112,106,9827.57,7051.17,113.7,12,4.89,59.4,Active
638,2023-07-01,2023,7,Food Assistance,Basic Needs,South,FL,450,421,29993.26,23598.92,505.4,47,4.6,78.62,Active
480,2023-03-01,2023,3,Food Assistance,Basic Needs,Midwest,IL,511,462,35520.84,26294.09,585.2,56,4.06,75.52,Active
1618,2025-12-01,2025,12,Job Training,Economic Empowerment,Northeast,NY,319,238,18338.63,16729.63,283.0,27,4.02,82.2,Completed
533,2023-04-01,2023,4,Job Training,Economic Empowerment,Northeast,MA,235,244,12561.25,8682.63,210.8,24,4.75,69.67,Active
423,2023-01-01,2023,1,Food Assistance,Basic Needs,North East,MA,416,468,27137.5,19190.9,661.2,53,4.59,86.22,Paused
742,2023-10-01,2023,10,Community Outreach,Community,Midwest,MI,211,191,12918.65,9048.14,66.9,18,5.0,73.53,Active
567,2023-05-01,2023,5,education support,Education,West,CA,386,415,23249.41,20332.1,262.9,36,4.85,74.9,Active
1089,2024-09-01,2024,9,Job Training,Economic Empowerment,South,GA,299,323,17284.57,14189.14,248.7,34,9.9,68.38,Active
1213,2024-12-01,2024,12,Community Outreach,Community,Northeast,PA,214,263,12807.41,8082.4,180.5,17,4.64,70.05,Active
426,2023-01-01,2023,1,Job Training,Economic Empowerment,,CA,266,287,15552.31,11977.08,79.2,25,4.71,73.01,Paused
583,2023-06-01,2023,6,Housing Support,Basic Needs,Midwest,MI,184,200,13752.54,9623.64,184.6,21,4.1,64.23,Active
1388,2025-05-01,2025,5,Job Training,Economic Empowerment,WEST,WA,205,233,12545.42,9536.19,133.4,19,3.97,73.89,Paused
1038,2024-07-01,2024,7,Education Support,Education,Midwest,OH,575,588,30917.07,27307.99,539.5,65,4.2,81.11,Active
421,2023-01-01,2023,1,Community Outreach,Community,West,AZ,120,94,9704.68,6254.23,115.1,8,4.14,71.42,Paused
702,2023-09-01,2023,9,Job Training,Economic Empowerment,South,FL,229,263,14228.31,13611.53,233.6,24,4.18,51.57,Active
71,2022-03-01,2022,3,Healthcare Access,Health,South,FL,434,512,20832.76,15570.35,398.6,47,3.53,66.94,Active
276,2022-09-01,2022,9,Job Training,Economic Empowerment,Midwest,IL,235,272,15023.04,9775.08,160.2,15,5.0,74.84,Active
1365,2025-05-01,2025,5,COMMUNITY OUTREACH,Community,Midwest,IL,173,161,10426.07,8113.64,114.6,14,3.92,67.71,Completed
362,2022-11-01,2022,11,Healthcare Access,Health,MIDWEST,OH,277,297,15914.9,9022.85,281.1,28,4.68,99.0,Completed
708,2023-09-01,2023,9,Food Assistance,Basic Needs,South,FL,499,627,28948.69,20636.04,295.0,41,4.5,66.17,Active
414,2023-01-01,2023,1,Community Outreach,Community,Northeast,PA,257,290,14673.96,11976.39,294.5,31,3.85,73.6,Completed
721,2023-10-01,2023,10,Housing Support,Basic Needs,South,TX,215,194,13387.88,8561.8,156.7,18,4.63,67.36,Active
1567,2025-11-01,2025,11,Housing Support,Basic Needs,Northeast,PA,274,288,18055.76,13077.28,293.3,24,4.04,55.73,Active
1118,2024-09-01,2024,9,Youth Development,Education,Northeast,MA,321,360,13903.42,10631.58,507.8,36,4.48,84.78,Completed
30,2022-01-01,2022,1,Youth Development,Education,Midwest,MI,288,395,17149.53,14463.78,119.6,12,4.25,88.82,Active
495,2023-03-01,2023,3,Community Outreach,Community,Midwest,OH,297,286,17874.51,12849.3,213.6,24,4.88,71.49,Completed
186,2022-06-01,2022,6,Education Support,Education,South,GA,397,520,23391.59,17310.63,414.1,35,3.88,65.91,Active
412,2023-01-01,2023,1,Youth Development,Education,South,GA,287,362,16295.04,8656.24,331.0,32,4.0,73.4,Active
1437,2025-07-01,2025,7,Youth Development,Education,Midwest,MI,353,328,16929.65,13510.65,395.1,31,5.0,81.54,Active
31,2022-01-01,2022,1,Education Support,Education,Midwest,IL,327,368,18634.42,16148.13,164.6,19,4.31,74.77,Active
343,2022-11-01,2022,11,job training,Economic Empowerment,West,WA,187,240,11247.91,9733.92,181.2,17,4.43,76.47,Active
860,2024-02-01,2024,2,Community Outreach,Community,NORTHEAST,NY,152,129,10305.19,7111.82,107.3,14,4.24,56.98,Active
1177,2024-11-01,2024,11,Healthcare Access,Health,Mid West,MI,357,373,18445.64,12713.98,288.6,34,3.9,67.86,Active
434,2023-01-01,2023,1,Food Assistance,Basic Needs,South,GA,429,424,29478.44,23382.09,286.5,32,4.45,77.35,Active
947,2024-04-01,2024,4,Community Outreach,Community,West,WA,239,212,16495.85,12915.92,224.6,17,4.05,58.81,Completed
553,2023-05-01,2023,5,Housing  Support,Basic Needs,Midwest,OH,186,186,16031.16,8948.03,142.5,21,4.92,75.57,Active
304,2022-09-01,2022,9,food assistance,Basic Needs,West,AZ,302,343,16429.41,12712.76,277.3,32,4.75,69.84,Active
584,2023-06-01,2023,6,Healthcare Access,Health,,AZ,359,342,21953.89,20780.13,230.1,24,4.74,61.95,Active
901,2024-03-01,2024,3,Healthcare Access,Health,West,WA,395,463,23545.35,16378.49,187.9,19,4.58,86.92,Completed
1360,2025-04-01,2025,4,EDUCATION SUPPORT ,Education,West,WA,598,755,31348.5,18340.16,693.6,58,3.92,72.91,Active
1614,2025-12-01,2025,12,Job Training,Economic Empowerment,South,FL,139,145,11044.83,7275.52,124.9,13,4.48,66.35,Active
484,2023-03-01,2023,3,Community Outreach,Community,West,WA,170,187,11971.6,11317.5,179.9,15,3.75,71.26,Active
395,2022-12-01,2022,12,Food Assistance,Basic Needs,South,GA,199,178,12013.9,7411.04,107.5,11,5.0,80.51,Active
1230,2025-01-01,2025,1,Education Support,Education,South,GA,421,579,24742.42,21908.47,546.5,44,4.07,70.22,Active
66,2022-02-01,2022,2,Youth Development,Education,West,AZ,239,227,12313.4,10307.05,79.8,16,3.82,82.38,Paused
1152,2024-10-01,2024,10,Community Outreach,Community,Northeast,NY,206,171,11952.36,8218.12,238.3,22,4.1,79.62,Active
271,2022-08-01,2022,8,Youth Development,Education,South,TX,222,250,11836.71,10582.19,181.0,26,4.18,71.94,Paused
189,2022-06-01,2022,6,Housing Support,Basic Needs,South,TX,187,216,13086.45,11457.59,211.1,16,3.84,66.45,Completed
1540,2025-10-01,2025,10,Youth Development,Education,Northeast,PA,239,237,15578.75,13324.84,305.8,29,5.0,80.04,Active
24,2022-01-01,2022,1,Community outreach,Community,Midwest,MI,184,206,10883.87,8410.15,68.6,12,4.18,76.85,Paused
1538,2025-10-01,2025,10,food assistance,Basic Needs,Northeast,MA,429,400,26771.27,22605.84,353.7,38,5.0,81.24,Paused
33,2022-01-01,2022,1,youth development,Education,West,CA,348,389,20889.03,17911.58,205.7,22,3.09,73.8,Active
622,2023-07-01,2023,7,HEALTHCARE ACCESS,Health,South,GA,342,438,17489.16,13499.8,90.0,21,3.79,64.01,Active
965,2024-05-01,2024,5,Job Training,Economic Empowerment,Midwest,MI,244,304,14663.55,12416.43,211.6,17,4.27,62.11,Active
603,2023-06-01,2023,6,Youth Development,Education,Northeast,NY,353,404,21654.35,16285.14,253.1,28,4.17,81.89,Paused
694,2023-09-01,2023,9,Food Assistance,Basic Needs,South,FL,317,430,22884.06,18922.78,294.9,23,4.05,81.25,Active
272,2022-08-01,2022,8,Youth Development,Education,Northeast,MA,273,327,,10947.86,207.5,21,4.17,98.72,Active
482,2023-03-01,2023,3,Community outreach,Community,northeast,NY,161,156,12484.12,10353.9,121.2,18,4.22,68.79,Active
1327,2025-04-01,2025,4,Education Support,Education,South,GA,549,560,33587.22,29967.2,483.6,62,,82.36,Completed
627,2023-07-01,2023,7,FOOD ASSISTANCE,Basic Needs,Midwest,MI,382,493,22438.13,19147.68,285.0,32,4.53,73.91,Active
452,2023-02-01,2023,2,Youth Development,Education,Midwest,OH,249,263,14392.93,11386.78,209.8,20,4.86,87.88,Active
768,2023-11-01,2023,11,Community Outreach,Community,Midwest,MI,192,203,13254.66,11605.52,,14,4.37,75.47,Active
298,2022-09-01,2022,9,Food Assistance,Basic Needs,South,FL,309,305,21211.28,17096.89,142.1,20,4.65,77.61,Active
944,2024-04-01,2024,4,Education Support,Education,West,AZ,583,613,31061.16,21181.27,794.6,58,4.67,95.34,Paused
60,2022-02-01,2022,2,education support,Education,South,FL,339,440,16358.15,12351.98,328.9,32,5.0,88.96,Active
163,2022-05-01,2022,5,Healthcare Access,Health,Midwest,MI,354,386,22026.7,17889.42,299.5,25,4.37,68.95,Active
70,2022-03-01,2022,3,Community Outreach,Community,Midwest,OH,230,253,14377.19,10622.04,143.1,17,4.56,66.63,Active
260,2022-08-01,2022,8,Job Training,Economic Empowerment,Northeast,MA,192,184,11692.47,8750.56,225.2,18,4.35,68.4,Active
807,2023-12-01,2023,12,Youth Development,Education,Northeast,PA,197,199,10401.32,9122.14,95.4,12,3.87,73.97,Active
1064,2024-08-01,2024,8,Housing Support,Basic Needs,Midwest,OH,157,190,10770.28,7498.08,120.8,11,4.35,72.68,Completed
272,2022-08-01,2022,8,Youth Development,Education,Northeast,MA,273,327,,10947.86,207.5,21,4.17,98.72,Active
1375,2025-05-01,2025,5,Housing Support,Basic Needs,Midwest,IL,225,192,15695.54,12621.42,249.0,20,4.71,65.72,Active
1371,2025-05-01,2025,5,Healthcare Access,Health,west,CA,154,144,10893.17,8814.38,127.0,14,4.74,66.79,Active
665,2023-08-01,2023,8,community outreach,Community,West,WA,145,138,9109.94,6868.61,71.6,8,4.29,74.32,Completed
1245,2025-01-01,2025,1,Job Training,Economic Empowerment,Midwest,MI,195,212,13777.55,11706.85,124.4,18,4.7,75.41,Active
125,2022-04-01,2022,4,Housing Support,Basic Needs,Northeast,PA,194,175,14016.48,10538.85,255.3,23,4.09,72.58,Completed
1517,2025-09-01,2025,9,Education Support,Education,South,GA,466,626,27978.65,22699.76,302.3,29,4.35,83.47,Active
1186,2024-11-01,2024,11,Job Training,Economic Empowerment,Northeast,NY,233,195,15344.41,12390.61,152.9,12,4.34,81.56,Active
1005,2024-06-01,2024,6,Education Support,Education,West,WA,586,587,30112.11,29465.85,179.7,30,4.48,98.03,Paused
79,2022-03-01,2022,3,community outreach,Community,Northeast,MA,223,201,15286.87,11731.47,232.5,19,3.62,82.24,Active
100,2022-03-01,2022,3,Housing Support,Basic Needs,Northeast,PA,199,177,15575.93,13789.61,179.3,16,4.36,68.24,Active
290,2022-09-01,2022,9,Housing Support,Basic Needs,South,GA,203,233,12653.16,10402.91,159.1,20,4.1,59.2,Active
1549,2025-10-01,2025,10,Youth Development,Education,,AZ,308,308,17043.54,10896.26,203.6,22,5.0,99.0,Active
1332,2025-04-01,2025,4,Job  Training,Economic Empowerment,Midwest,MI,207,211,15868.24,12750.01,85.4,16,4.03,83.64,Active
1406,2025-06-01,2025,6,Job Training,Economic Empowerment,Northeast,NY,273,272,15017.01,12054.65,279.0,30,4.5,71.23,Active
479,2023-03-01,2023,3,Community Outreach,Community,South,FL,200,175,11282.79,9350.68,235.4,22,4.29,65.77,Paused
1102,2024-09-01,2024,9,Education Support,Education,West,AZ,456,489,23506.05,19112.26,437.3,39,4.66,80.53,Active
1237,2025-01-01,2025,1,Community Outreach,Community,Midwest,OH,198,245,14709.5,12820.54,134.4,15,4.32,63.77,Paused
1098,2024-09-01,2024,9,Healthcare Access,Health,Midwest,IL,334,409,17630.65,13449.55,273.5,23,4.98,65.68,Active
1030,2024-07-01,2024,7,Education Support,Education,South,FL,238,288,14416.05,12380.92,168.8,24,5.0,72.28,Paused
963,2024-05-01,2024,5,job training,Economic Empowerment,West,WA,242,270,18196.67,15741.42,167.9,25,4.11,79.96,Active
523,2023-04-01,2023,4,Youth Development,Education,Northeast,NY,359,475,18979.41,14153.18,263.3,32,4.17,77.32,Completed
496,2023-03-01,2023,3,Food Assistance,Basic Needs,West,CA,553,585,25995.01,22274.7,405.9,39,4.63,62.88,Active
1139,2024-10-01,2024,10,Youth Development,Education,Midwest,OH,246,286,14103.91,11633.02,,28,5.0,86.32,Active
1215,2024-12-01,2024,12,Community Outreach,Community,South,FL,144,161,9630.89,7448.37,88.9,13,4.65,65.09,Active
1334,2025-04-01,2025,4,COMMUNITY OUTREACH,Community,South,FL,254,299,16326.73,14228.53,176.0,22,4.73,69.52,Paused
169,2022-05-01,2022,5,Community Outreach,Community,West,WA,170,113,13278.23,11597.63,80.4,9,3.85,55.58,Completed
1034,2024-07-01,2024,7,Community Outreach,Community,MIDWEST,OH,109,128,7154.67,4816.72,80.4,7,3.72,78.46,Active
345,2022-11-01,2022,11,Food assistance,Basic Needs,Midwest,MI,373,388,21932.75,16116.93,250.9,33,3.98,82.98,Active
746,2023-10-01,2023,10,Community Outreach,Community,South,TX,177,187,9095.65,5843.49,196.3,20,4.76,79.79,Active
1313,2025-03-01,2025,3,Youth Development,Education,West,CA,298,369,16180.88,12840.32,436.4,34,4.9,82.6,Active
1527,2025-09-01,2025,9,Food assistance,Basic Needs,Midwest,OH,523,440,34695.6,27040.59,251.5,20,5.0,74.53,Active
1182,2024-11-01,2024,11,Education Support,Education,West,WA,411,421,21244.4,17453.98,292.2,29,4.87,74.14,Active
679,2023-08-01,2023,8,Health Care Access,Health,South,TX,309,369,,13372.73,106.4,21,4.14,70.06,Active
652,2023-08-01,2023,8,Housing Support,Basic Needs,Midwest,IL,165,176,10858.21,7298.33,136.5,13,4.51,72.03,Completed
1348,2025-04-01,2025,4,Youth Development,Education,West,WA,275,305,15650.41,12324.52,86.8,16,4.21,88.46,Paused
1277,2025-02-01,2025,2,housing support,Basic Needs,South,FL,253,254,18222.54,14947.07,230.5,25,3.49,60.28,Active
1335,2025-04-01,2025,4,FOOD ASSISTANCE,Basic Needs,West,AZ,441,365,28619.91,20863.08,467.4,47,4.25,84.44,Active
50,2022-02-01,2022,2,Healthcare Access,Health,Northeast,NY,303,372,14910.84,10930.88,180.4,14,4.4,84.9,Active
1146,2024-10-01,2024,10,Healthcare Access,Health,Midwest,MI,283,326,17212.91,15264.4,270.9,29,3.89,67.01,Active
562,2023-05-01,2023,5,COMMUNITY OUTREACH,Community,Northeast,NY,221,245,14189.68,9709.19,133.7,16,4.77,83.42,Paused
598,2023-06-01,2023,6,Community Outreach,Community,Mid West,IL,207,183,11613.12,5369.09,184.1,18,3.62,62.17,Active
597,2023-06-01,2023,6,Youth Development,Education,midwest,IL,414,436,20737.91,14154.02,381.9,40,3.5,88.26,Active
621,2023-07-01,2023,7,Food Assistance,Basic Needs,Midwest,MI,370,382,24371.77,19763.18,231.7,26,4.07,86.95,Active
1035,2024-07-01,2024,7,Education  Support,Education,Midwest,MI,350,308,20626.39,16868.36,538.3,47,4.13,89.08,Active
1112,2024-09-01,2024,9,Community Outreach,Community,Northeast,PA,168,169,11136.61,9277.76,74.9,11,3.87,86.37,Active
1278,2025-02-01,2025,2,Housing Support,Basic Needs,West,WA,214,263,21125.0,17578.6,216.1,24,3.42,71.44,Completed
561,2023-05-01,2023,5,Food Assistance,Basic Needs,Midwest,IL,402,371,22432.38,18738.64,181.9,33,4.68,73.38,Active
262,2022-08-01,2022,8,Healthcare Access,Health,Northeast,MA,296,325,15099.81,12231.56,192.9,29,4.92,74.39,Active
744,2023-10-01,2023,10,Youth development,Education,West,AZ,349,335,17398.6,15599.44,98.0,17,4.61,82.2,Active
136,2022-04-01,2022,4,Housing Support,Basic Needs,South,FL,199,199,13748.54,13579.08,190.4,18,4.82,69.91,Paused
1387,2025-05-01,2025,5,Housing Support,Basic Needs,Northeast,NY,149,167,8253.41,6709.87,118.9,12,4.08,72.93,Completed
1145,2024-10-01,2024,10,YOUTH DEVELOPMENT,Education,Northeast,NY,394,396,20240.02,14850.39,382.7,35,5.0,91.53,Completed
1522,2025-09-01,2025,9,Food assistance,Basic Needs,Midwest,IL,485,693,27738.99,22665.12,162.9,20,3.62,75.36,Active
1001,2024-06-01,2024,6,Housing Support,Basic Needs,West,AZ,221,226,15566.91,13254.8,262.2,24,4.4,79.98,Active
728,2023-10-01,2023,10,Housing Support,Basic Needs,SOUTH,FL,175,151,11364.27,8562.71,152.6,15,,77.58,Active
808,2023-12-01,2023,12,Food Assistance,Basic Needs,West,CA,416,393,21425.61,16978.03,196.1,31,4.42,82.79,Completed
74,2022-03-01,2022,3,Youth development,Education,South,GA,345,338,18403.35,12790.62,257.6,35,4.58,78.18,Paused
110,2022-04-01,2022,4,Housing Support,Basic Needs,Midwest,OH,152,159,11027.12,10580.03,110.7,11,4.34,77.51,Paused
491,2023-03-01,2023,3,job training,Economic Empowerment,West,CA,328,327,19968.24,12357.21,225.1,26,4.84,75.7,Active
451,2023-02-01,2023,2,Food Assistance,Basic Needs,Midwest,OH,399,542,25187.05,19647.62,300.9,40,4.14,86.66,Active
382,2022-12-01,2022,12,Job Training,Economic Empowerment,Northeast,MA,248,209,13565.01,9618.35,143.3,19,5.0,65.15,Active
775,2023-11-01,2023,11,Job Training,Economic Empowerment,Midwest,MI,203,131,11359.71,8690.8,91.4,11,4.27,69.13,Active
931,2024-04-01,2024,4,Education Support,Education,South,GA,816,868,34380.37,29526.56,503.8,38,4.87,76.13,Active
252,2022-08-01,2022,8,Community Outreach,Community,Northeast,PA,191,154,11035.28,7765.83,93.0,13,4.75,68.45,Paused
1161,2024-11-01,2024,11,Food Assistance,Basic Needs,South,GA,588,543,33486.71,28470.5,163.0,51,4.68,81.13,Completed
1595,2025-11-01,2025,11,Housing Support,Basic Needs,NORTHEAST,NY,194,153,12520.72,9266.5,133.9,18,4.62,65.85,Active
52,2022-02-01,2022,2,youth development,Education,South,FL,348,403,17984.12,12005.04,228.5,18,4.7,76.01,Active
204,2022-06-01,2022,6,Youth Development,Education,West,CA,446,438,21662.54,19671.78,442.0,38,4.77,75.23,Completed
77,2022-03-01,2022,3,Youth Development,Education,South,TX,260,299,12114.58,9382.03,153.8,23,5.0,83.03,Active
1291,2025-02-01,2025,2,Youth Development,Education,Northeast,NY,446,538,22817.79,17169.29,242.4,39,4.61,85.98,Paused
1023,2024-07-01,2024,7,Housing Support,Basic Needs,South,TX,343,399,19161.84,14462.16,51.2,5,4.35,69.12,Paused
352,2022-11-01,2022,11,Community outreach,Community,West,WA,174,180,11950.54,8561.9,182.6,21,5.0,76.51,Active
1572,2025-11-01,2025,11,Community Outreach,Community,midwest,MI,130,116,8893.53,7174.53,64.2,12,4.72,61.1,Completed
515,2023-04-01,2023,4,Community Outreach,Community,northeast,MA,206,267,16230.27,12054.75,76.4,16,4.18,61.68,Completed
406,2022-12-01,2022,12,community outreach,Community,Northeast,MA,226,181,10824.3,9588.95,205.7,18,4.58,64.13,Active
124,2022-04-01,2022,4,Food Assistance,Basic Needs,Northeast,MA,408,520,27364.63,23745.28,306.2,32,4.59,61.67,Active
519,2023-04-01,2023,4,Food Assistance,Basic Needs,South,TX,255,283,21487.61,16556.58,192.1,19,4.46,87.02,Completed
1111,2024-09-01,2024,9,Housing Support,Basic Needs,South,FL,125,150,8623.27,6392.49,158.6,15,,66.97,Paused
1281,2025-02-01,2025,2,Youth Development,Education,West,CA,478,468,28450.76,23658.69,459.2,56,3.95,87.05,Active
439,2023-01-01,2023,1,Community Outreach,Community,Midwest,OH,145,159,11141.02,8622.03,114.3,14,4.93,62.99,Active
240,2022-08-01,2022,8,Youth Development,Education,Northeast,MA,319,249,16496.47,11972.02,166.9,21,4.47,78.22,Paused
1535,2025-10-01,2025,10,Job Training,Economic Empowerment,South,TX,190,205,13857.59,12232.2,152.6,15,4.53,62.37,Active
1104,2024-09-01,2024,9,Housing Support,Basic Needs,Northeast,MA,206,183,16335.64,13290.43,121.4,19,4.18,63.15,Paused
556,2023-05-01,2023,5,food assistance,Basic Needs,West,CA,384,435,21596.96,18314.72,129.1,17,4.1,78.8,Completed
889,2024-03-01,2024,3,Youth Development,Education,Midwest,MI,400,304,23027.31,17617.37,145.4,14,4.11,83.31,Active
856,2024-02-01,2024,2,Food Assistance,Basic Needs,South,FL,454,604,28125.99,19545.08,646.2,61,4.53,81.81,Active
241,2022-08-01,2022,8,Housing Support,Basic Needs,MIDWEST,IL,131,116,7937.7,6381.31,122.4,17,3.21,65.71,Active
68,2022-02-01,2022,2,Healthcare Access,Health,South,GA,263,316,16529.68,11939.57,173.6,26,4.69,86.53,Paused
918,2024-03-01,2024,3,Youth Development,Education,South,TX,296,312,20535.09,18503.5,221.1,21,4.93,74.72,Active
384,2022-12-01,2022,12,Job Training,Economic Empowerment,South,FL,152,200,9165.18,7165.71,,13,3.84,85.62,Paused
142,2022-05-01,2022,5,Housing Support,Basic Needs,,FL,220,242,14011.35,11520.02,276.5,26,,75.71,Active
1162,2024-11-01,2024,11,Job Training,Economic Empowerment,South,TX,247,234,13935.49,11338.61,136.7,13,5.0,64.04,Paused
781,2023-11-01,2023,11,Community Outreach,Community,Northeast,NY,147,184,10648.93,9295.38,107.4,10,4.62,75.14,Active
1359,2025-04-01,2025,4,Youth Development,Education,west,WA,464,500,21630.91,15153.19,351.6,32,5.0,84.26,Completed
980,2024-05-01,2024,5,Youth development,Education,Midwest,IL,388,420,22011.6,15353.86,353.6,38,4.42,79.11,Active
1439,2025-07-01,2025,7,Education Support,Education,West,AZ,588,714,32561.16,24252.66,777.8,64,4.97,80.75,Paused
1192,2024-12-01,2024,12,Education Support,Education,North East,NY,432,506,24770.99,22373.97,176.2,22,4.89,76.26,Active
238,2022-07-01,2022,7,Healthcare Access,Health,West,WA,324,367,16303.43,12234.94,277.3,32,4.98,77.96,Active
245,2022-08-01,2022,8,Job Training,Economic Empowerment,South,TX,142,136,9632.51,8837.28,104.1,6,4.88,73.79,Active
998,2024-06-01,2024,6,Healthcare Access,Health,West,WA,311,331,17167.2,10445.03,164.8,20,4.42,90.11,Active
675,2023-08-01,2023,8,Housing Support,Basic Needs,West,CA,209,175,13563.9,11669.23,204.0,18,3.5,70.49,Active
818,2024-01-01,2024,1,Housing Support,Basic Needs,Northeast,MA,223,217,13628.43,9235.64,56.3,20,3.56,66.58,Completed
1531,2025-10-01,2025,10,job training,Economic Empowerment,Northeast,PA,186,213,11479.61,10010.8,371.0,22,4.52,66.7,Active
757,2023-11-01,2023,11,Food Assistance,Basic Needs,Midwest,IL,305,383,19595.59,17283.38,267.6,23,4.65,90.0,Active
185,2022-06-01,2022,6,Housing Support,Basic Needs,South,FL,199,186,13174.34,11130.05,168.8,16,3.95,64.5,Active
1114,2024-09-01,2024,9,Education Support,Education,South,GA,322,374,19962.11,12500.86,347.5,31,4.12,73.44,Active
880,2024-02-01,2024,2,Education Support,Education,Midwest,IL,446,576,28444.04,25667.72,164.9,23,,73.74,Paused
1094,2024-09-01,2024,9,Community Outreach,Community,Midwest,OH,220,228,15438.28,11621.28,78.5,9,4.78,74.32,Active
333,2022-10-01,2022,10,Community Outreach,Community,Midwest,MI,136,146,7925.81,6620.62,58.1,8,4.65,62.41,Active
1428,2025-06-01,2025,6,Education Support,Education,South,TX,426,428,25508.27,22043.31,407.9,37,4.42,77.26,Active
1417,2025-06-01,2025,6,Food Assistance,Basic Needs,Midwest,MI,438,483,26766.39,21793.46,502.3,41,3.85,70.2,Paused
1050,2024-07-01,2024,7,Community Outreach,Community,Midwest,IL,228,211,15273.88,13281.85,228.2,23,4.68,69.7,Completed
1158,2024-11-01,2024,11,Housing Support,Basic Needs,Midwest,OH,166,243,12638.66,9540.22,92.6,7,4.63,61.87,Active
1031,2024-07-01,2024,7,Food Assistance,Basic Needs,Northeast,MA,499,511,28834.24,26350.44,208.3,34,4.5,74.8,Active
213,2022-07-01,2022,7,Education Support,Education,South,FL,263,296,16124.13,12866.38,257.4,24,4.81,88.88,Active
671,2023-08-01,2023,8,Youth Development,Education,Northeast,MA,293,310,15847.73,10891.27,132.4,23,5.0,79.57,Completed
1180,2024-11-01,2024,11,Healthcare Access,Health,Northeast,MA,290,372,18829.68,12013.57,230.7,25,4.82,74.17,Active
354,2022-11-01,2022,11,Youth Development,Education,West,CA,335,414,15244.83,11796.44,300.4,35,3.78,74.6,Paused
833,2024-01-01,2024,1,Housing Support,Basic Needs,SOUTH,FL,227,235,12686.23,10274.69,182.3,23,4.74,46.34,Active
498,2023-03-01,2023,3,Community Outreach,Community,West,AZ,256,291,13999.55,9450.18,394.4,29,5.0,61.01,Active
487,2023-03-01,2023,3,Youth Development,Education,Northeast,PA,396,457,19741.15,16548.16,123.0,26,4.37,90.01,Active
1626,2025-12-01,2025,12,Community Outreach,Community,Northeast,MA,222,179,13420.29,9233.3,131.1,18,4.01,67.2,Active
248,2022-08-01,2022,8,Job Training,Economic Empowerment,Northeast,MA,247,231,13837.5,11356.51,96.8,16,4.13,78.9,Paused
1076,2024-08-01,2024,8,job training,Economic Empowerment,West,WA,181,260,12427.01,10213.83,209.9,17,3.77,86.02,Active
632,2023-07-01,2023,7,Community Outreach,Community,Midwest,OH,203,235,13318.4,10856.05,158.8,18,3.83,61.03,Active
1396,2025-06-01,2025,6,Healthcare Access,Health,West,CA,407,309,27643.34,28084.57,528.5,53,3.88,82.71,Paused
1019,2024-06-01,2024,6,Education  Support,Education,Midwest,MI,509,582,28699.38,27162.94,364.6,45,4.73,75.65,Active
1353,2025-04-01,2025,4,Youth Development,Education,South,TX,414,434,22204.89,21106.55,242.8,26,3.84,84.98,Paused
351,2022-11-01,2022,11,job training,Economic Empowerment,Northeast,NY,262,289,12366.09,8403.93,106.2,21,4.37,65.34,Active
812,2023-12-01,2023,12,Job Training,Economic Empowerment,South,GA,271,289,14593.33,10059.7,312.4,28,3.95,75.05,Active
1593,2025-11-01,2025,11,Job Training,Economic Empowerment,Midwest,IL,189,263,12786.37,11175.76,132.6,10,4.94,69.75,Paused
1488,2025-08-01,2025,8,Healthcare Access,Health,Midwest,IL,330,262,19171.49,16942.18,204.6,32,3.43,67.18,Completed
1590,2025-11-01,2025,11,HOUSING SUPPORT,Basic Needs,Northeast,MA,259,278,15546.74,12268.35,123.5,21,5.0,60.47,Paused
591,2023-06-01,2023,6,Housing Support,Basic Needs,South,TX,276,291,17223.18,12911.25,36.2,23,4.45,64.09,Completed
819,2024-01-01,2024,1,Youth Development,Education,South,GA,349,284,20024.41,13981.26,350.5,32,4.54,91.25,Active
1085,2024-08-01,2024,8,Healthcare Access,Health,West,CA,359,359,18840.2,16394.91,329.0,31,4.64,62.16,Paused
1194,2024-12-01,2024,12,Education Support,Education,West,WA,527,606,30100.28,25723.77,161.6,37,4.68,80.58,Active
866,2024-02-01,2024,2,Community outreach,Community,West,AZ,205,229,14243.61,10088.49,49.6,8,4.39,60.95,Active
1243,2025-01-01,2025,1,Job Training,Economic Empowerment,,FL,306,263,17326.7,10203.42,308.1,22,5.0,86.65,Active
1564,2025-10-01,2025,10,Education Support,Education,South,TX,463,486,22860.6,16818.04,261.1,24,4.17,80.94,Active
171,2022-06-01,2022,6,Healthcare Access,Health,Midwest,OH,320,342,17950.4,12254.61,318.6,35,4.44,67.53,Active
1119,2024-09-01,2024,9,Healthcare Access,Health,West,AZ,253,258,15450.02,12336.57,250.7,23,4.56,65.31,Active
1628,2025-12-01,2025,12,Community Outreach,Community,West,CA,161,161,9192.67,6937.06,156.4,13,4.3,88.75,Active
783,2023-12-01,2023,12,Food Assistance,Basic Needs,South,TX,495,445,34024.29,25411.54,640.3,56,4.42,80.47,Paused
45,2022-02-01,2022,2,Food Assistance,Basic Needs,West,CA,537,562,31609.64,21486.56,395.0,45,4.64,71.38,Paused
416,2023-01-01,2023,1,Food Assistance,Basic Needs,Northeast,MA,457,374,29585.67,23840.06,523.7,49,4.49,73.29,Active
417,2023-01-01,2023,1,Community Outreach,Community,North East,PA,168,199,9839.53,6153.91,218.7,20,5.0,59.26,Active
986,2024-05-01,2024,5,Community Outreach,Community,West,AZ,152,189,10028.73,7765.19,138.9,13,4.91,56.76,Active
1596,2025-11-01,2025,11,Job Training,Economic Empowerment,West,CA,334,321,17942.2,14132.59,320.4,29,4.41,73.52,Paused
1190,2024-11-01,2024,11,Housing Support,Basic Needs,West,AZ,257,278,17499.32,11292.69,386.8,31,4.26,64.76,Active
1079,2024-08-01,2024,8,Housing Support,Basic Needs,Midwest,MI,262,262,16935.04,14836.67,194.7,25,3.75,65.69,Active
1392,2025-05-01,2025,5,Education Support,Education,Midwest,MI,468,381,23549.46,19298.21,533.5,43,,69.25,Active
1582,2025-11-01,2025,11,YOUTH DEVELOPMENT,Education,South,FL,275,345,12917.25,8310.68,334.6,32,4.62,94.92,Active
1474,2025-08-01,2025,8,Housing Support,Basic Needs,South,FL,189,180,12162.69,10838.94,246.4,22,3.65,80.04,Completed
317,2022-10-01,2022,10,Healthcare Access,Health,West,AZ,325,364,22527.31,15484.41,223.3,31,4.26,72.64,Active
514,2023-04-01,2023,4,Food Assistance,Basic Needs,Midwest,MI,522,525,29239.54,26773.42,413.3,41,5.0,71.78,Active
301,2022-09-01,2022,9,Job Training,Economic Empowerment,West,AZ,161,156,9866.79,7428.06,244.2,19,3.82,78.64,Active
1539,2025-10-01,2025,10,JOB TRAINING,Economic Empowerment,Midwest,IL,178,205,12116.61,10713.18,242.1,17,5.0,75.53,Active
116,2022-04-01,2022,4,Healthcare Access,Health,South,GA,341,365,23338.67,16570.17,210.6,37,4.2,78.02,Paused
399,2022-12-01,2022,12,Job Training,Economic Empowerment,West,WA,201,175,10830.51,9415.72,,20,4.22,77.7,Active
430,2023-01-01,2023,1,Housing Support,Basic Needs,,AZ,250,348,16748.12,14552.51,151.4,24,3.77,70.34,Paused
415,2023-01-01,2023,1,Housing Support,Basic Needs,West,AZ,279,278,21057.35,17301.66,162.0,23,4.86,86.56,Active
221,2022-07-01,2022,7,Housing Support,Basic Needs,Northeast,MA,273,290,16610.86,10295.47,155.2,21,5.0,66.59,Completed
644,2023-07-01,2023,7,Job  Training,Economic Empowerment,Midwest,IL,244,252,15040.4,11413.58,247.5,24,5.0,65.18,Completed
765,2023-11-01,2023,11,Community Outreach,Community,Midwest,MI,168,171,12039.35,8149.41,125.9,17,4.63,67.25,Completed
987,2024-06-01,2024,6,Education Support,Education,Northeast,PA,457,491,26538.41,23512.9,188.1,27,3.65,75.61,Paused
1238,2025-01-01,2025,1,Job Training,Economic Empowerment,South,FL,234,302,15095.78,13203.7,250.2,24,3.91,71.67,Active
176,2022-06-01,2022,6,Food Assistance,Basic Needs,Northeast,PA,377,463,20451.21,17422.29,296.7,39,3.85,90.01,Completed
552,2023-05-01,2023,5,Youth Development,Education,West,AZ,406,386,20159.45,15601.24,81.4,25,4.64,86.87,Active
821,2024-01-01,2024,1,Community Outreach,Community,South,GA,225,230,12437.23,11531.28,214.1,19,5.0,68.45,Active
428,2023-01-01,2023,1,Food Assistance,Basic Needs,West,WA,585,501,32901.39,23912.18,381.6,41,4.68,81.35,Active
927,2024-04-01,2024,4,Community Outreach,Community,South,FL,160,193,9018.57,7122.35,136.5,13,5.0,55.89,Paused
1405,2025-06-01,2025,6,Education Support,Education,Midwest,IL,464,481,26557.95,21197.12,249.6,26,4.59,81.03,Active
910,2024-03-01,2024,3,Education Support,Education,South,TX,531,672,30715.73,21796.14,308.0,33,4.48,86.16,Completed
199,2022-06-01,2022,6,Youth Development,Education,Northeast,MA,344,370,17450.43,12970.86,223.5,23,4.07,58.63,Paused
16,2022-01-01,2022,1,Housing Support,Basic Needs,Midwest,OH,218,275,16193.32,10360.73,314.5,21,3.91,63.47,Active
1358,2025-04-01,2025,4,healthcare access,Health,West,WA,360,432,25650.19,18637.83,178.6,29,4.44,72.37,Completed
1188,2024-11-01,2024,11,COMMUNITY OUTREACH,Community,West,CA,246,261,14564.09,13785.12,243.3,19,4.46,61.8,Active
1053,2024-07-01,2024,7,EDUCATION SUPPORT ,Education,west,WA,405,392,22545.44,16435.48,426.9,36,4.25,73.05,Active
1007,2024-06-01,2024,6,Community Outreach,Community,West,WA,151,134,9611.96,6365.6,91.0,11,4.14,73.73,Active
1456,2025-07-01,2025,7,Job Training,Economic Empowerment,West,WA,252,322,15823.85,7648.06,271.1,24,4.92,71.48,Active
1491,2025-08-01,2025,8,community outreach,Community,Midwest,IL,223,239,13805.51,9923.83,155.0,16,,72.41,Active
200,2022-06-01,2022,6,Job Training,Economic Empowerment,south,GA,241,168,13590.12,9228.06,336.8,23,4.42,66.18,Completed
1354,2025-04-01,2025,4,Healthcare Access,Health,South,GA,312,310,19384.32,15664.26,176.3,22,5.0,77.28,Active
712,2023-09-01,2023,9,Food Assistance,Basic Needs,SOUTH,GA,321,340,18903.19,11443.11,199.6,29,5.0,82.19,Active
966,2024-05-01,2024,5,Youth Development,Education,Midwest,IL,409,440,19120.56,14937.98,284.2,48,3.97,69.07,Completed
1103,2024-09-01,2024,9,Food Assistance,Basic Needs,Midwest,MI,438,492,25037.92,20199.28,514.3,40,4.61,72.81,Active
454,2023-02-01,2023,2,Community Outreach,Community,Midwest,MI,234,216,17003.59,14561.93,95.0,12,4.65,64.93,Active
592,2023-06-01,2023,6,Housing Support,Basic Needs,South,TX,284,248,18759.8,14539.07,181.6,17,4.48,75.66,Active
1164,2024-11-01,2024,11,Healthcare Access,Health,Midwest,IL,434,510,23389.23,19115.65,459.1,38,5.0,67.38,Active
325,2022-10-01,2022,10,Healthcare Access,Health,Northeast,NY,274,323,16314.42,9059.58,190.5,19,4.99,71.06,Active
57,2022-02-01,2022,2,youth development,Education,Northeast,NY,254,264,15974.76,13986.13,172.2,16,4.31,75.66,Active
1580,2025-11-01,2025,11,Youth Development,Education,northeast,PA,299,315,18582.62,17071.78,360.7,31,4.79,79.13,Active
44,2022-02-01,2022,2,Education Support,Education,Northeast,NY,376,313,20585.59,13159.41,233.1,26,4.66,91.8,Active
101,2022-03-01,2022,3,Healthcare Access,Health,Midwest,MI,362,385,23144.04,16982.46,235.6,27,4.55,71.17,Paused
275,2022-09-01,2022,9,HEALTHCARE ACCESS,Health,south,FL,308,332,22102.89,15777.08,267.3,28,4.16,78.9,Active
1246,2025-01-01,2025,1,Housing Support,Basic Needs,Midwest,MI,194,224,14189.56,10735.1,247.3,23,4.13,67.92,Active
102,2022-03-01,2022,3,Food Assistance,Basic Needs,South,TX,526,538,33985.72,25014.4,599.5,60,4.96,66.12,Paused
840,2024-01-01,2024,1,Youth Development,Education,West,WA,468,354,24825.82,20508.18,455.6,49,,88.88,Active
108,2022-04-01,2022,4,Job Training,Economic Empowerment,South,FL,197,191,11639.92,9815.87,97.1,17,5.0,86.37,Paused
612,2023-06-01,2023,6,Youth Development,Education,Midwest,IL,357,331,18212.45,11985.09,238.9,26,4.07,81.92,Active
1386,2025-05-01,2025,5,Youth Development,Education,SOUTH,TX,538,608,24467.56,18032.61,565.0,60,4.65,81.66,Completed
618,2023-07-01,2023,7,Healthcare Access,Health,Northeast,MA,353,423,18478.46,11826.09,305.5,34,4.49,69.17,Active
530,2023-04-01,2023,4,Healthcare Access,Health,South,FL,332,271,18800.93,12447.23,328.0,38,5.0,74.37,Paused
1174,2024-11-01,2024,11,Job Training,Economic Empowerment,South,TX,202,188,12077.76,11530.02,241.9,21,4.35,84.11,Active
619,2023-07-01,2023,7,Youth Development,Education,Midwest,IL,448,421,21851.3,14127.72,359.9,34,4.66,92.03,Completed
839,2024-01-01,2024,1,Youth Development,Education,Midwest,IL,295,291,18845.92,14760.87,298.3,34,5.0,93.43,Paused
1080,2024-08-01,2024,8,Job Training,Economic Empowerment,West,CA,309,273,16991.82,11269.38,226.5,34,4.64,67.07,Active
129,2022-04-01,2022,4,Job Training,Economic Empowerment,Northeast,NY,302,319,17948.57,14215.33,201.3,29,4.29,58.65,Completed
353,2022-11-01,2022,11,Healthcare Access,Health,Northeast,MA,323,358,18583.8,10913.02,290.3,25,4.43,63.76,Active
299,2022-09-01,2022,9,Food Assistance,Basic Needs,Midwest,OH,359,365,22813.89,15686.3,447.3,37,3.66,70.56,Active
817,2024-01-01,2024,1,Housing Support,Basic Needs,Northeast,PA,225,256,,13629.9,328.6,26,4.04,74.56,Active
368,2022-11-01,2022,11,Food Assistance,Basic Needs,Midwest,OH,360,289,21337.33,15805.69,308.3,37,,76.48,Paused
1569,2025-11-01,2025,11,Food Assistance,Basic Needs,Northeast,PA,413,419,26208.14,20881.84,396.7,32,4.72,65.27,Active
1478,2025-08-01,2025,8,Healthcare Access,Health,Northeast,PA,414,442,23652.51,20015.48,178.9,30,4.78,84.9,Completed
1324,2025-03-01,2025,3,Community Outreach,Community,West,AZ,165,194,12498.28,10150.67,128.6,15,4.25,67.03,Active
894,2024-03-01,2024,3,Education Support,Education,South,FL,524,597,27885.76,14356.07,451.7,59,4.83,85.93,Paused
932,2024-04-01,2024,4,Education Support,Education,Midwest,OH,550,540,31901.88,26399.88,409.8,34,4.04,71.6,Paused
1168,2024-11-01,2024,11,Education Support,Education,Midwest,IL,494,521,28524.8,22309.88,310.2,32,5.0,83.56,Completed
922,2024-04-01,2024,4,Youth Development,Education,midwest,IL,269,291,15693.24,12332.08,,20,4.76,97.78,Active
600,2023-06-01,2023,6,Community Outreach,Community,Northeast,NY,183,188,11423.31,7466.27,78.7,17,3.46,75.91,Active
755,2023-11-01,2023,11,Healthcare Access,Health,South,GA,300,251,20138.43,15847.61,157.9,30,4.82,81.54,Active
372,2022-11-01,2022,11,Job Training,Economic Empowerment,Midwest,MI,133,102,8047.33,6221.68,101.3,7,4.82,72.85,Active
1362,2025-05-01,2025,5,Education Support,Education,South,FL,639,679,33334.78,27578.99,573.0,53,4.37,82.15,Completed
858,2024-02-01,2024,2,Food Assistance,Basic Needs,Midwest,OH,546,523,32629.23,28382.57,508.2,36,5.0,80.05,Active
1402,2025-06-01,2025,6,Housing Support,Basic Needs,West,WA,331,397,18206.95,14053.12,350.2,32,4.58,76.9,Paused
340,2022-10-01,2022,10,Healthcare Access,Health,West,CA,249,275,17920.46,10214.61,281.1,24,4.18,75.99,Active
427,2023-01-01,2023,1,Education Support,Education,Northeast,MA,499,473,22533.78,16668.07,460.0,62,4.27,78.82,Active
227,2022-07-01,2022,7,Housing Support,Basic Needs,Northeast,MA,154,151,9174.82,7291.04,,18,4.23,60.87,Paused
232,2022-07-01,2022,7,Job Training,Economic Empowerment,Northeast,PA,236,225,14058.79,13461.73,165.2,14,4.86,66.64,Paused
630,2023-07-01,2023,7,Youth Development,Education,Midwest,OH,365,422,18808.22,19173.78,365.8,47,5.0,85.07,Completed
1404,2025-06-01,2025,6,food assistance,Basic Needs,south,TX,418,609,36087.06,33567.75,314.3,33,4.63,73.29,Paused
1254,2025-01-01,2025,1,Housing Support,Basic Needs,West,AZ,356,387,19998.74,15088.67,158.0,17,4.72,75.57,Active
164,2022-05-01,2022,5,Job Training,Economic Empowerment,Northeast,MA,207,218,14507.64,11302.73,235.1,22,4.4,78.54,Active
409,2023-01-01,2023,1,Housing Support,Basic Needs,Northeast,NY,319,293,17142.64,12723.25,311.3,28,4.25,61.02,Paused
1470,2025-08-01,2025,8,Job Training,Economic Empowerment,West,CA,184,177,11891.63,10744.6,221.1,16,4.59,73.94,Paused
267,2022-08-01,2022,8,Healthcare Access,Health,Midwest,OH,336,375,18558.26,14511.85,362.3,33,4.29,70.41,Active
149,2022-05-01,2022,5,Community Outreach,Community,Midwest,OH,161,145,9319.97,7060.22,106.2,15,,59.33,Completed
367,2022-11-01,2022,11,youth development,Education,Northeast,NY,403,476,19761.7,14513.9,309.1,26,4.94,93.78,Paused
1032,2024-07-01,2024,7,Community Outreach,Community,South,TX,322,318,19136.93,12905.73,97.1,14,4.43,150.0,Completed
1314,2025-03-01,2025,3,Housing Support,Basic Needs,South,GA,305,302,18488.58,10940.58,193.5,29,3.92,68.0,Active
1297,2025-03-01,2025,3,Community Outreach,Community,Northeast,MA,209,195,11099.91,8409.66,153.6,19,4.44,74.6,Paused
307,2022-10-01,2022,10,Food Assistance,Basic Needs,South,FL,314,287,19770.34,13776.33,200.5,26,4.8,89.9,Paused
193,2022-06-01,2022,6,education support,Education,Northeast,MA,376,329,22613.67,11143.43,431.8,31,5.0,76.34,Active
310,2022-10-01,2022,10,Youth Development,Education,South,FL,193,211,12703.59,10825.44,197.0,15,3.95,87.54,Active
585,2023-06-01,2023,6,Youth Development,Education,West,CA,303,356,19008.47,12996.76,367.9,30,4.94,84.01,Active
64,2022-02-01,2022,2,Housing Support,Basic Needs,South,GA,184,177,12951.15,8982.93,118.8,16,4.47,67.6,Active
1347,2025-04-01,2025,4,Food Assistance,Basic Needs,West,CA,835,1032,38811.52,36398.77,1094.1,85,,79.73,Active
1413,2025-06-01,2025,6,Education Support,Education,West,CA,368,370,21954.6,16143.27,306.8,32,4.19,62.6,Paused
1051,2024-07-01,2024,7,Job  Training,Economic Empowerment,Northeast,PA,264,302,14469.71,11041.44,104.0,29,5.0,58.35,Active
695,2023-09-01,2023,9,Youth development,Education,west,AZ,299,311,15257.11,9686.85,303.1,25,4.53,88.2,Completed
651,2023-08-01,2023,8,Job Training,Economic Empowerment,Northeast,MA,176,189,11689.47,10018.75,266.1,23,4.93,67.95,Active
655,2023-08-01,2023,8,Education Support,Education,Northeast,MA,285,312,16538.38,16320.45,187.6,15,4.6,86.7,Active
915,2024-03-01,2024,3,Job  Training,Economic Empowerment,Northeast,NY,205,181,16725.64,15620.4,163.9,13,4.57,57.53,Active
787,2023-12-01,2023,12,Job Training,Economic Empowerment,Midwest,MI,264,268,17156.8,15898.83,264.8,25,3.87,77.43,Active
670,2023-08-01,2023,8,Job Training,Economic Empowerment,Midwest,MI,233,226,12804.42,11133.33,79.6,11,3.59,69.8,Active
219,2022-07-01,2022,7,Job Training,Economic Empowerment,Northeast,MA,164,196,9971.92,8277.79,168.0,14,3.19,77.42,Active
576,2023-05-01,2023,5,healthcare access,Health,Northeast,NY,364,471,19618.53,17875.8,195.0,22,4.29,78.91,Active
287,2022-09-01,2022,9,job training,Economic Empowerment,West,WA,190,249,10120.36,8884.52,119.7,16,4.03,76.18,Paused
940,2024-04-01,2024,4,Education Support,Education,Midwest,MI,455,397,27111.61,22417.34,488.5,55,3.45,85.36,Completed
1323,2025-03-01,2025,3,Education Support,Education,Midwest,OH,457,506,27287.28,20551.08,462.1,28,4.3,62.26,Active
1059,2024-08-01,2024,8,HOUSING SUPPORT,Basic Needs,Northeast,PA,243,277,16849.16,15503.76,113.2,14,4.32,80.3,Completed
1318,2025-03-01,2025,3,Food Assistance,Basic Needs,Northeast,NY,613,476,41163.05,39798.61,328.7,33,4.52,55.51,Active
465,2023-02-01,2023,2,Community Outreach,Community,South,FL,154,185,13315.21,10175.28,351.2,23,4.3,69.15,Paused
1433,2025-07-01,2025,7,Community Outreach,Community,Northeast,MA,293,275,17113.05,12694.85,296.6,28,4.12,57.92,Active
1351,2025-04-01,2025,4,Job Training,Economic Empowerment,Midwest,OH,259,283,15241.93,11955.62,211.9,27,4.15,71.9,Active
433,2023-01-01,2023,1,Job Training,Economic Empowerment,,MI,261,275,17088.62,11326.93,441.5,31,4.48,80.19,Paused
1309,2025-03-01,2025,3,Youth Development,Education,South,FL,351,325,21031.25,18840.79,451.2,38,4.78,82.74,Active
745,2023-10-01,2023,10,Youth Development,Education,West,AZ,278,314,13919.55,12051.74,242.1,22,4.35,98.43,Active
1166,2024-11-01,2024,11,Education Support,Education,West,WA,355,378,20968.16,12969.33,197.7,19,4.16,88.6,Active
1453,2025-07-01,2025,7,Housing Support,Basic Needs,West,AZ,250,271,14902.76,12977.1,243.5,19,4.28,60.23,Completed
1240,2025-01-01,2025,1,community outreach,Community,MIDWEST,OH,209,240,12244.65,9905.81,187.5,23,4.3,70.76,Active
1176,2024-11-01,2024,11,Education Support,Education,Northeast,PA,436,354,25748.2,19549.79,588.6,42,3.98,76.59,Active
486,2023-03-01,2023,3,Housing Support,Basic Needs,,FL,261,202,16908.96,11683.55,227.7,21,3.36,66.7,Active
975,2024-05-01,2024,5,Housing Support,Basic Needs,Midwest,MI,196,208,13704.99,12325.7,95.7,11,4.42,53.33,Paused
737,2023-10-01,2023,10,Job Training,Economic Empowerment,South,FL,113,115,7359.65,6267.1,34.2,6,4.61,80.05,Paused
539,2023-04-01,2023,4,Community outreach,Community,South,GA,122,117,9691.57,8268.81,83.4,10,4.4,56.03,Completed
1434,2025-07-01,2025,7,COMMUNITY OUTREACH,Community,South,FL,310,310,20251.48,16025.67,235.4,24,4.96,69.0,Active
555,2023-05-01,2023,5,Housing Support,Basic Needs,West,AZ,225,218,15933.66,13537.02,211.6,24,4.2,72.0,Active
917,2024-03-01,2024,3,Health Care Access,Health,Midwest,MI,272,406,17280.8,14731.0,467.6,36,4.56,77.41,Active
1613,2025-12-01,2025,12,Food Assistance,Basic Needs,Midwest,OH,526,454,,26623.8,342.2,37,5.0,82.07,Paused
1221,2024-12-01,2024,12,Healthcare Access,Health,West,WA,232,250,15545.2,12630.88,174.9,20,4.87,75.51,Active
1207,2024-12-01,2024,12,Community outreach,Community,West,AZ,211,257,13238.27,11222.08,239.3,18,4.57,80.44,Paused
706,2023-09-01,2023,9,Education Support,Education,West,WA,381,238,22968.51,21037.29,195.4,38,4.25,92.55,Paused
1084,2024-08-01,2024,8,Job Training,Economic Empowerment,West,AZ,222,200,12569.57,8941.07,229.9,20,4.91,84.56,Active
278,2022-09-01,2022,9,Community Outreach,Community,West,WA,138,188,8955.92,6764.38,78.8,10,4.71,68.55,Active
1273,2025-02-01,2025,2,Food Assistance,Basic Needs,Northeast,MA,619,790,33477.91,29856.73,332.0,33,4.82,82.95,Active
1122,2024-09-01,2024,9,Food Assistance,Basic Needs,Midwest,MI,589,584,28836.16,26758.46,525.7,41,4.86,70.69,Completed
1169,2024-11-01,2024,11,Food Assistance,Basic Needs,Midwest,IL,475,522,27925.68,23875.8,398.8,46,4.64,81.84,Active
845,2024-01-01,2024,1,Education Support,Education,MIDWEST,IL,446,338,24012.02,13002.74,429.2,40,5.0,81.26,Paused
237,2022-07-01,2022,7,Housing Support,Basic Needs,South,GA,177,200,11731.14,9157.82,119.9,13,4.31,65.04,Paused
906,2024-03-01,2024,3,Community Outreach,Community,South,TX,228,210,15487.92,11084.42,174.4,22,4.33,70.12,Active
1369,2025-05-01,2025,5,Food Assistance,Basic Needs,South,TX,759,724,38230.64,32852.6,769.2,51,4.18,86.21,Active
1587,2025-11-01,2025,11,Youth Development,Education,Midwest,IL,416,412,23110.42,18325.23,306.5,32,4.24,90.87,Paused
383,2022-12-01,2022,12,community outreach,Community,Northeast,NY,155,135,9720.02,7197.01,121.3,14,4.34,65.77,Paused
1450,2025-07-01,2025,7,Food Assistance,Basic Needs,South,TX,844,888,42151.86,36534.68,664.0,42,4.23,77.04,Completed
1218,2024-12-01,2024,12,Food Assistance,Basic Needs,West,WA,512,608,31434.12,25795.14,224.0,34,3.83,79.5,Completed
209,2022-07-01,2022,7,Community Outreach,Community,Midwest,MI,196,176,12655.29,9232.32,217.3,20,4.27,67.07,Active
678,2023-08-01,2023,8,Education Support,Education,South,FL,258,249,19014.18,12589.08,143.5,22,4.94,79.27,Paused
1285,2025-02-01,2025,2,Education Support,Education,south,FL,747,699,37774.79,31621.06,670.6,64,4.58,89.52,Active
1201,2024-12-01,2024,12,Housing Support,Basic Needs,west,AZ,165,178,9465.68,7023.89,226.3,17,3.09,71.47,Completed
59,2022-02-01,2022,2,Healthcare Access,Health,South,TX,311,355,19163.38,16399.08,177.3,22,4.33,56.58,Active
544,2023-04-01,2023,4,Youth Development,Education,Northeast,NY,307,320,,10429.5,162.0,20,3.63,82.38,Active
528,2023-04-01,2023,4,Youth development,Education,Northeast,MA,435,478,25364.67,15209.01,174.2,15,4.55,91.43,Active
545,2023-05-01,2023,5,Healthcare Access,Health,West,AZ,260,289,19496.87,16603.29,199.9,23,4.72,80.44,Active
875,2024-02-01,2024,2,Job Training,Economic Empowerment,West,WA,336,321,18585.81,13943.32,270.0,33,4.41,75.19,Completed
1300,2025-03-01,2025,3,Job Training,Economic Empowerment,West,WA,315,365,20557.23,14267.95,304.7,23,4.29,57.04,Active
364,2022-11-01,2022,11,Food Assistance,Basic Needs,West,CA,329,325,17402.2,11607.14,303.4,24,4.25,80.87,Active
1027,2024-07-01,2024,7,Youth Development,Education,West,AZ,273,312,14389.22,12146.72,127.0,18,4.32,83.92,Completed
355,2022-11-01,2022,11,Education Support,Education,South,TX,433,439,25197.16,18898.28,718.9,53,5.0,78.73,Completed
862,2024-02-01,2024,2,Job Training,Economic Empowerment,Midwest,OH,223,268,14071.43,15941.6,138.1,13,4.09,67.69,Active
1384,2025-05-01,2025,5,Youth Development,Education,SOUTH,FL,454,456,25918.03,21390.73,547.1,52,4.23,69.05,Active
1494,2025-08-01,2025,8,Community Outreach,Community,South,GA,261,297,16674.96,10587.07,110.5,17,4.95,49.58,Paused
483,2023-03-01,2023,3,Job Training,Economic Empowerment,Midwest,IL,192,181,11208.01,8523.25,105.4,14,4.4,70.28,Active
995,2024-06-01,2024,6,community outreach,Community,WEST,WA,154,193,11918.3,11798.41,193.7,13,4.42,66.96,Active
293,2022-09-01,2022,9,Youth Development,Education,Northeast,MA,291,306,15893.95,11347.77,295.5,28,4.77,77.79,Active
589,2023-06-01,2023,6,Healthcare Access,Health,West,CA,352,444,21460.31,15700.11,338.5,36,4.18,79.74,Active
1261,2025-02-01,2025,2,Healthcare Access,Health,Northeast,NY,454,495,32323.37,30276.83,427.4,43,4.01,63.95,Paused
571,2023-05-01,2023,5,Food Assistance,Basic Needs,West,AZ,482,441,23071.92,18502.07,387.5,48,4.88,68.17,Active
983,2024-05-01,2024,5,Education Support,Education,Northeast,MA,314,195,19739.35,16471.66,394.8,40,3.88,74.86,Active
843,2024-01-01,2024,1,Housing Support,Basic Needs,Midwest,IL,296,441,18845.44,12762.27,119.2,14,3.65,56.06,Active
1269,2025-02-01,2025,2,JOB TRAINING,Economic Empowerment,,CA,321,281,,13516.09,127.8,15,4.42,65.16,Paused
234,2022-07-01,2022,7,Youth Development,Education,Midwest,MI,277,334,19003.28,16963.67,144.0,17,4.05,80.28,Active
620,2023-07-01,2023,7,Job Training,Economic Empowerment,West,AZ,264,290,14765.72,9465.86,255.2,21,4.38,76.02,Active
1363,2025-05-01,2025,5,Food Assistance,Basic Needs,Northeast,PA,380,360,23889.31,17739.27,196.0,24,3.81,82.39,Paused
197,2022-06-01,2022,6,Youth Development,Education,South,TX,199,233,11643.62,7621.57,110.0,18,4.76,81.71,Active
1115,2024-09-01,2024,9,Youth Development,Education,Midwest,IL,306,314,16233.84,13366.24,304.5,37,3.78,88.61,Active
1575,2025-11-01,2025,11,Housing Support,Basic Needs,South,GA,278,353,13547.51,9487.85,261.8,23,4.7,71.54,Active
1377,2025-05-01,2025,5,Housing Support,Basic Needs,West,CA,260,281,17400.15,13347.14,158.7,21,4.78,68.61,Completed
82,2022-03-01,2022,3,Education Support,Education,Midwest,IL,420,557,21823.49,19480.88,222.2,33,5.0,80.47,Active
1542,2025-10-01,2025,10,Housing Support,Basic Needs,Northeast,NY,214,196,14283.55,11345.55,223.5,20,3.29,57.49,Active
611,2023-06-01,2023,6,Community Outreach,Community,West,AZ,249,230,13750.47,11379.01,199.5,24,4.03,82.88,Active
1263,2025-02-01,2025,2,Youth Development,Education,West,WA,462,457,24472.4,17661.33,,52,3.6,76.61,Active
1420,2025-06-01,2025,6,Healthcare Access,Health,South,FL,554,643,28564.49,26343.38,520.3,47,4.14,77.34,Paused
381,2022-12-01,2022,12,Youth Development,Education,northeast,MA,334,321,17979.39,14427.05,144.4,33,5.0,79.31,Paused
112,2022-04-01,2022,4,Healthcare Access,Health,South,GA,409,480,21638.3,17975.53,534.2,43,5.0,80.19,Paused
1395,2025-06-01,2025,6,JOB TRAINING,Economic Empowerment,Midwest,IL,137,123,12182.44,10857.96,90.8,10,4.7,86.45,Active
942,2024-04-01,2024,4,Housing Support,Basic Needs,northeast,MA,142,176,12467.2,10493.22,100.8,12,4.11,59.39,Active
1385,2025-05-01,2025,5,Housing  Support,Basic Needs,South,TX,214,204,14048.9,11232.05,102.8,15,3.82,80.5,Completed
527,2023-04-01,2023,4,healthcare access,Health,Northeast,PA,258,261,17865.6,12973.91,126.1,26,4.47,79.47,Completed
1576,2025-11-01,2025,11,Healthcare Access,Health,Midwest,MI,427,425,25983.14,19365.59,447.8,43,4.58,81.36,Paused
1379,2025-05-01,2025,5,Housing  Support,Basic Needs,West,CA,324,351,17970.51,11470.89,293.3,29,4.08,72.59,Active
782,2023-11-01,2023,11,Community Outreach,Community,Midwest,OH,134,129,7701.53,5731.61,194.8,19,4.21,52.36,Paused
311,2022-10-01,2022,10,Job Training,Economic Empowerment,Northeast,MA,198,267,10253.72,7211.79,163.1,14,4.23,71.64,Completed
711,2023-09-01,2023,9,Food Assistance,Basic Needs,West,AZ,337,303,20300.64,15931.58,138.4,24,5.0,74.02,Paused
1530,2025-09-01,2025,9,Education Support,Education,Northeast,NY,344,353,19522.96,14150.75,341.7,45,4.97,76.86,Completed
531,2023-04-01,2023,4,Housing Support,Basic Needs,Midwest,MI,177,170,10590.16,9000.25,84.6,15,4.43,85.57,Paused
669,2023-08-01,2023,8,Education Support,Education,Northeast,MA,410,414,19208.85,10754.57,162.9,17,4.8,83.0,Completed
1446,2025-07-01,2025,7,Housing  Support,Basic Needs,West,WA,214,187,16393.03,15417.54,218.3,23,4.44,66.02,Active
893,2024-03-01,2024,3,Job Training,Economic Empowerment,Northeast,PA,210,204,14189.2,12987.48,31.5,3,4.42,58.55,Completed
1247,2025-01-01,2025,1,food assistance,Basic Needs,Midwest,MI,525,479,33184.73,28211.64,583.5,53,5.0,73.67,Completed
463,2023-02-01,2023,2,Housing Support,Basic Needs,South,FL,223,265,14212.23,10769.0,315.2,24,3.94,61.3,Active
1552,2025-10-01,2025,10,JOB TRAINING,Economic Empowerment,Northeast,MA,151,195,12122.56,8582.59,143.1,13,5.0,70.77,Active
544,2023-04-01,2023,4,Youth Development,Education,Northeast,NY,307,320,,10429.5,162.0,20,3.63,82.38,Active
1121,2024-09-01,2024,9,Education Support,Education,Northeast,NY,409,445,23401.79,17718.73,225.5,40,4.36,82.37,Active
1502,2025-09-01,2025,9,Community Outreach,Community,west,CA,167,160,11254.3,9664.68,139.4,12,4.39,65.83,Active
535,2023-04-01,2023,4,Housing Support,Basic Needs,Northeast,NY,157,117,11968.45,9214.17,77.9,11,4.32,70.91,Completed
1160,2024-11-01,2024,11,Education Support,Education,Midwest,MI,374,356,18701.2,11095.98,293.8,28,4.31,77.54,Active
1580,2025-11-01,2025,11,Youth Development,Education,northeast,PA,299,315,18582.62,17071.78,360.7,31,4.79,79.13,Active
602,2023-06-01,2023,6,Youth Development,Education,West,CA,381,443,21990.98,12943.76,277.1,37,4.69,80.02,Active
1272,2025-02-01,2025,2,Healthcare Access,Health,West,WA,309,406,19751.64,17203.6,311.7,30,4.15,73.4,Active
753,2023-11-01,2023,11,Healthcare Access,Health,Midwest,OH,438,450,25710.06,22532.11,409.4,39,5.0,72.8,Completed
693,2023-09-01,2023,9,youth development,Education,SOUTH,FL,223,193,12754.35,11163.19,355.5,26,5.0,80.42,Active
811,2023-12-01,2023,12,Youth Development,Education,South,GA,271,249,19679.14,14695.24,425.1,27,4.45,70.74,Active
1235,2025-01-01,2025,1,Healthcare Access,Health,Midwest,OH,430,472,22086.48,17181.25,323.2,53,3.95,88.7,Active
1403,2025-06-01,2025,6,Education Support,Education,South,GA,539,618,30770.95,22822.52,308.9,35,4.49,66.71,Paused
328,2022-10-01,2022,10,youth development,Education,West,CA,236,264,12841.59,11885.95,263.9,23,4.59,93.28,Paused
255,2022-08-01,2022,8,Job Training,Economic Empowerment,Midwest,OH,212,256,12495.62,13194.95,156.3,19,4.4,57.85,Paused
911,2024-03-01,2024,3,Job Training,Economic Empowerment,Northeast,NY,258,347,13834.88,10737.05,192.0,28,4.89,80.38,Active
323,2022-10-01,2022,10,Healthcare Access,Health,Northeast,MA,388,424,20774.25,19857.32,366.6,35,4.43,84.79,Active
1193,2024-12-01,2024,12,Youth Development,Education,South,TX,329,282,16092.02,12066.47,242.0,30,4.9,77.45,Active
715,2023-10-01,2023,10,Housing Support,Basic Needs,Northeast,MA,243,270,15371.04,11334.98,,23,4.6,52.76,Active
842,2024-01-01,2024,1,Youth Development,Education,South,GA,354,461,16020.67,11080.1,241.8,31,4.82,86.08,Completed
1170,2024-11-01,2024,11,Education Support,Education,,NY,339,246,18675.81,15468.3,375.2,33,4.34,82.47,Active
705,2023-09-01,2023,9,Job Training,Economic Empowerment,Northeast,NY,209,195,12580.97,10702.67,181.5,26,4.26,73.85,Active
615,2023-07-01,2023,7,Community Outreach,Community,West,AZ,202,174,12730.52,10198.92,179.8,21,4.99,80.34,Active
1315,2025-03-01,2025,3,Job Training,Economic Empowerment,Northeast,PA,224,241,16892.13,14807.87,164.9,13,3.71,88.94,Active
472,2023-02-01,2023,2,Housing Support,Basic Needs,West,CA,250,300,17738.18,12953.18,129.2,17,3.56,71.77,Active
536,2023-04-01,2023,4,Food Assistance,Basic Needs,West,AZ,578,707,40715.35,35719.99,390.3,39,4.29,79.49,Active
87,2022-03-01,2022,3,Food Assistance,Basic Needs,Midwest,IL,571,569,31267.41,28013.5,386.4,35,4.76,75.52,Active
1465,2025-08-01,2025,8,Community Outreach,Community,west,CA,237,270,14744.0,9036.11,168.6,22,4.0,83.95,Active
1560,2025-10-01,2025,10,Job Training,Economic Empowerment,South,TX,246,271,15086.15,13843.4,161.2,19,4.65,57.77,Paused
366,2022-11-01,2022,11,Youth Development,Education,Northeast,PA,266,272,13398.69,10364.97,233.0,23,4.5,83.72,Active
1235,2025-01-01,2025,1,Healthcare Access,Health,Midwest,OH,430,472,22086.48,17181.25,323.2,53,3.95,88.7,Active
945,2024-04-01,2024,4,youth development,Education,West,CA,233,275,14812.2,11944.99,246.0,26,4.16,80.29,Active
266,2022-08-01,2022,8,Education  Support,Education,Northeast,MA,527,552,27118.23,20439.3,478.2,44,3.99,88.91,Active
288,2022-09-01,2022,9,Community Outreach,Community,West,CA,190,218,10452.03,6581.56,140.1,20,4.21,72.0,Active
1631,2025-12-01,2025,12,Youth Development,Education,Midwest,OH,289,379,16847.0,11497.91,,16,5.0,85.46,Active
359,2022-11-01,2022,11,Food Assistance,Basic Needs,West,WA,429,396,25700.77,17767.76,515.5,41,4.21,81.67,Active
55,2022-02-01,2022,2,Education Support,Education,West,WA,413,527,21401.93,16852.08,290.4,48,3.75,79.56,Active
1133,2024-10-01,2024,10,Healthcare Access,Health,Midwest,OH,303,251,18441.66,16508.36,239.8,25,4.63,68.7,Active
1234,2025-01-01,2025,1,Healthcare Access,Health,Northeast,MA,397,436,23923.64,18939.17,314.0,36,4.48,65.18,Paused
1317,2025-03-01,2025,3,Food assistance,Basic Needs,Northeast,NY,720,922,41367.49,30088.71,611.6,53,3.76,68.29,Active
1217,2024-12-01,2024,12,Community Outreach,Community,Mid West,IL,187,161,11484.97,10286.61,134.1,21,,68.85,Completed
786,2023-12-01,2023,12,Community Outreach,Community,South,TX,189,225,11902.2,10496.46,103.5,13,3.91,75.59,Active
507,2023-03-01,2023,3,Community Outreach,Community,Midwest,OH,205,193,12589.42,10047.93,189.8,19,3.92,71.65,Active
882,2024-02-01,2024,2,Housing Support,Basic Needs,West,AZ,171,204,13121.55,10758.35,185.6,18,4.42,54.19,Active
222,2022-07-01,2022,7,Job Training,Economic Empowerment,South,TX,209,221,12235.46,11617.63,149.8,15,4.07,61.44,Active
114,2022-04-01,2022,4,Community Outreach,Community,Midwest,MI,190,161,12138.98,10374.28,268.3,18,4.24,71.75,Active
1604,2025-12-01,2025,12,FOOD ASSISTANCE,Basic Needs,West,CA,517,556,28179.12,17843.25,324.0,48,4.91,72.63,Active
723,2023-10-01,2023,10,Job Training,Economic Empowerment,West,WA,206,217,13440.93,11422.07,93.5,12,,88.79,Active
1031,2024-07-01,2024,7,Food Assistance,Basic Needs,Northeast,MA,499,511,28834.24,26350.44,208.3,34,4.5,74.8,Active
175,2022-06-01,2022,6,Youth Development,Education,South,FL,409,407,22071.04,17623.02,162.6,23,5.0,76.74,Completed
549,2023-05-01,2023,5,Job Training,Economic Empowerment,,PA,194,184,12726.03,8103.08,186.4,17,4.64,78.56,Paused
1467,2025-08-01,2025,8,Education Support,Education,south,FL,403,361,21334.38,21858.72,369.8,41,4.17,79.09,Active
1259,2025-02-01,2025,2,Job Training,Economic Empowerment,WEST,CA,204,206,,10544.8,155.1,18,4.21,63.07,Active
1284,2025-02-01,2025,2,community outreach,Community,West,AZ,270,266,16552.07,12704.18,236.8,22,4.21,66.88,Active
19,2022-01-01,2022,1,Community Outreach,Community,West,AZ,202,175,11870.47,7691.52,194.6,19,4.49,72.77,Active
424,2023-01-01,2023,1,Community Outreach,Community,south,TX,213,198,14685.15,11569.17,216.6,22,3.67,63.58,Completed
1134,2024-10-01,2024,10,healthcare access,Health,NORTHEAST,NY,329,301,20638.37,17281.43,429.9,38,4.87,70.83,Active
286,2022-09-01,2022,9,Youth Development,Education,West,WA,168,206,10050.79,6853.47,127.9,12,4.9,79.99,Completed
1305,2025-03-01,2025,3,FOOD ASSISTANCE,Basic Needs,Midwest,OH,626,681,36324.97,28985.2,276.1,32,5.0,72.73,Paused
429,2023-01-01,2023,1,Healthcare Access,Health,West,WA,261,284,13886.65,12754.24,294.1,24,4.66,85.77,Active
1609,2025-12-01,2025,12,Healthcare Access,Health,West,CA,372,409,21554.55,17145.88,233.6,35,,75.91,Paused
758,2023-11-01,2023,11,Education Support,Education,Midwest,OH,430,622,21523.04,18075.26,407.0,36,4.36,99.0,Active
1306,2025-03-01,2025,3,Education Support,Education,Northeast,PA,442,458,26617.11,19209.24,409.7,41,4.87,71.59,Completed
32,2022-01-01,2022,1,Healthcare Access,Health,WEST,CA,435,374,24906.08,21712.77,664.5,55,3.77,71.13,Paused
1611,2025-12-01,2025,12,COMMUNITY OUTREACH,Community,West,CA,164,147,14131.54,11263.42,125.2,14,4.55,70.09,Active
211,2022-07-01,2022,7,Healthcare Access,Health,South,GA,305,279,18342.68,14902.25,224.4,18,4.24,76.61,Active
440,2023-01-01,2023,1,Housing  Support,Basic Needs,South,TX,239,267,20026.73,16572.98,169.0,16,4.93,50.27,Active
1336,2025-04-01,2025,4,Healthcare Access,Health,Northeast,NY,348,356,20618.76,17689.11,132.7,18,3.71,72.92,Paused
846,2024-01-01,2024,1,Healthcare Access,Health,Midwest,MI,409,448,25158.96,23818.63,168.5,16,5.0,77.26,Active
215,2022-07-01,2022,7,HEALTHCARE ACCESS,Health,South,TX,191,185,10412.52,8027.5,169.6,17,4.77,71.52,Active
608,2023-06-01,2023,6,Healthcare Access,Health,South,GA,417,446,22486.92,17221.55,230.5,31,4.14,64.2,Active
1092,2024-09-01,2024,9,Youth Development,Education,South,GA,322,316,18170.55,13935.35,139.2,29,3.84,76.9,Active
1171,2024-11-01,2024,11,Education Support,Education,Northeast,PA,596,623,28658.23,22752.68,362.1,63,4.37,90.68,Paused
803,2023-12-01,2023,12,Education Support,Education,,PA,360,405,17187.52,13012.54,156.4,21,5.0,81.1,Completed
327,2022-10-01,2022,10,Education Support,Education,Northeast,NY,450,516,21960.33,14630.66,341.4,36,4.79,85.35,Active
847,2024-01-01,2024,1,Food Assistance,Basic Needs,Northeast,MA,638,667,39812.76,31187.43,157.9,24,4.0,84.58,Active
989,2024-06-01,2024,6,FOOD ASSISTANCE,Basic Needs,Northeast,MA,603,641,35086.41,26390.69,687.5,60,4.64,82.52,Paused
1578,2025-11-01,2025,11,Food Assistance,Basic Needs,West,AZ,715,794,38640.72,31075.99,490.3,52,4.17,77.64,Active
342,2022-11-01,2022,11,Housing Support,Basic Needs,South,FL,158,195,11110.98,10538.78,109.5,15,5.0,63.75,Completed
148,2022-05-01,2022,5,Housing Support,Basic Needs,Northeast,NY,147,133,9855.42,6599.59,168.7,13,4.77,55.44,Active
361,2022-11-01,2022,11,Healthcare Access,Health,South,FL,127,122,10210.72,8431.7,24.8,3,4.21,86.11,Active
84,2022-03-01,2022,3,YOUTH DEVELOPMENT,Education,West,CA,287,290,15533.48,14452.34,97.8,8,5.0,65.41,Completed
49,2022-02-01,2022,2,Youth Development,Education,Northeast,NY,282,311,15197.62,14705.48,233.7,29,4.14,85.94,Paused
469,2023-02-01,2023,2,Food Assistance,Basic Needs,Midwest,OH,412,298,24275.66,19368.28,273.3,47,4.23,80.63,Active
156,2022-05-01,2022,5,Community Outreach,Community,West,WA,160,154,10566.12,7169.37,70.8,11,9.9,63.84,Completed
1028,2024-07-01,2024,7,Community Outreach,Community,SOUTH,GA,177,180,15083.92,9755.26,107.3,9,4.63,73.6,Active
1418,2025-06-01,2025,6,Job Training,Economic Empowerment,West,CA,238,370,16269.63,13529.37,156.0,19,4.19,72.24,Active
1607,2025-12-01,2025,12,Healthcare Access,Health,South,TX,231,284,15999.46,15289.25,125.2,15,3.92,60.51,Active
1344,2025-04-01,2025,4,Job Training,Economic Empowerment,Midwest,MI,351,359,22105.38,15161.24,136.5,15,4.55,80.8,Active
501,2023-03-01,2023,3,Education Support,Education,Midwest,OH,368,387,20769.36,17181.72,219.6,20,3.3,74.96,Active
180,2022-06-01,2022,6,job training,Economic Empowerment,South,TX,217,222,14551.55,11761.41,229.8,17,4.63,77.88,Active
756,2023-11-01,2023,11,Food Assistance,Basic Needs,West,CA,602,831,30295.45,22551.65,439.9,52,4.49,90.26,Active
924,2024-04-01,2024,4,youth development,Education,Northeast,NY,369,370,19504.33,15826.48,393.8,34,5.0,82.62,Active
614,2023-07-01,2023,7,food assistance,Basic Needs,Northeast,MA,556,542,28854.75,19178.33,364.6,49,4.26,88.6,Active
529,2023-04-01,2023,4,Healthcare Access,Health,South,TX,282,375,15901.55,13070.6,238.0,25,3.74,85.84,Paused
347,2022-11-01,2022,11,Job Training,Economic Empowerment,Midwest,IL,170,173,10857.3,7658.11,78.8,14,4.19,69.72,Active
1138,2024-10-01,2024,10,Education Support,Education,Midwest,MI,257,274,16946.9,12371.45,241.1,20,4.85,91.03,Paused
1612,2025-12-01,2025,12,Food Assistance,Basic Needs,South,TX,511,612,31927.29,23527.95,212.0,28,4.34,85.95,Completed
568,2023-05-01,2023,5,Healthcare Access,Health,Midwest,OH,341,347,21208.13,18167.4,301.6,21,3.63,70.22,Active
788,2023-12-01,2023,12,JOB TRAINING,Economic Empowerment,Northeast,NY,157,157,11332.14,8175.24,70.8,12,4.84,81.02,Active
707,2023-09-01,2023,9,Community Outreach,Community,South,TX,229,234,13233.31,10431.8,221.8,18,3.99,63.55,Active
760,2023-11-01,2023,11,Education Support,Education,Midwest,IL,411,537,21945.32,15425.76,167.0,23,3.92,90.69,Active
244,2022-08-01,2022,8,Healthcare Access,Health,West,WA,291,322,18280.64,14205.4,290.5,31,3.65,85.1,Active
1210,2024-12-01,2024,12,Youth Development,Education,South,TX,225,257,15317.26,14221.53,188.6,14,4.68,81.94,Paused
313,2022-10-01,2022,10,Job Training,Economic Empowerment,Northeast,NY,169,197,10930.91,8897.82,190.7,16,4.26,67.1,Active
436,2023-01-01,2023,1,Healthcare Access,Health,Midwest,MI,221,220,19301.74,14931.47,115.0,14,5.0,80.32,Completed
1559,2025-10-01,2025,10,JOB TRAINING,Economic Empowerment,Northeast,PA,231,233,14934.18,12278.63,308.3,27,5.0,63.63,Active
1477,2025-08-01,2025,8,Housing Support,Basic Needs,Northeast,NY,304,282,18244.45,11947.87,322.1,24,4.64,73.63,Active
309,2022-10-01,2022,10,Community Outreach,Community,Northeast,NY,196,183,11408.0,8941.52,170.6,19,4.86,88.91,Active
431,2023-01-01,2023,1,Education Support,Education,South,FL,397,425,24088.67,22615.95,259.3,39,4.47,73.56,Active
371,2022-11-01,2022,11,Community Outreach,Community,South,FL,126,122,8737.29,5891.94,123.9,14,4.54,65.44,Active
1445,2025-07-01,2025,7,Food Assistance,Basic Needs,Northeast,MA,708,789,35969.51,29885.39,290.3,65,4.55,69.07,Paused
182,2022-06-01,2022,6,Healthcare Access,Health,Northeast,MA,368,403,22012.04,20916.31,528.1,33,4.7,60.91,Active
661,2023-08-01,2023,8,Food assistance,Basic Needs,Northeast,MA,411,495,21990.43,18471.03,505.9,48,3.94,88.91,Active
637,2023-07-01,2023,7,Community Outreach,Community,Mid West,IL,160,124,11249.38,7980.56,123.8,9,4.33,67.23,Active
1487,2025-08-01,2025,8,Food Assistance,Basic Needs,Northeast,PA,438,436,27612.94,27146.72,246.5,28,4.32,76.02,Active
1510,2025-09-01,2025,9,Job Training,Economic Empowerment,Midwest,MI,194,173,14805.78,12221.99,169.6,16,5.0,77.81,Completed
297,2022-09-01,2022,9,Healthcare Access,Health,South,TX,248,255,12944.21,9386.77,225.8,21,4.95,86.59,Completed
1629,2025-12-01,2025,12,Healthcare Access,Health,South,TX,429,502,22857.4,17745.46,320.2,31,4.68,70.42,Active
462,2023-02-01,2023,2,Healthcare Access,Health,South,TX,425,480,25972.89,22439.2,,46,4.84,72.48,Active
1512,2025-09-01,2025,9,Housing Support,Basic Needs,Northeast,NY,211,240,18417.73,11951.92,157.0,18,4.65,69.83,Active
837,2024-01-01,2024,1,Education Support,Education,Midwest,OH,281,315,17245.95,12239.61,234.7,22,4.75,71.36,Active
378,2022-12-01,2022,12,youth development,Education,West,AZ,142,139,11769.59,9829.65,125.1,15,4.36,91.23,Active
985,2024-05-01,2024,5,Food Assistance,Basic Needs,South,TX,719,1060,46523.46,34640.41,526.2,51,4.23,81.19,Active
127,2022-04-01,2022,4,Youth Development,Education,Midwest,MI,357,445,20928.5,16737.78,350.0,45,5.0,83.58,Active
874,2024-02-01,2024,2,Job Training,Economic Empowerment,West,CA,184,154,12296.49,12162.57,140.3,15,4.67,79.7,Active
586,2023-06-01,2023,6,Food Assistance,Basic Needs,West,AZ,421,535,26082.88,18520.16,290.2,26,4.13,70.4,Paused
356,2022-11-01,2022,11,Food Assistance,Basic Needs,Northeast,PA,358,455,25213.91,16722.42,209.5,31,4.23,71.3,Active
1630,2025-12-01,2025,12,Housing Support,Basic Needs,South,TX,299,407,17241.21,14921.18,293.3,37,4.67,78.71,Active
210,2022-07-01,2022,7,HEALTHCARE ACCESS,Health,Northeast,MA,236,305,15894.17,11885.15,345.9,26,4.9,71.55,Active
141,2022-05-01,2022,5,Health Care Access,Health,South,FL,431,494,22661.0,15085.42,338.3,51,4.59,68.97,Active
1179,2024-11-01,2024,11,Housing Support,Basic Needs,West,CA,261,236,,12365.16,160.2,11,4.74,61.36,Paused
1594,2025-11-01,2025,11,Education Support,Education,Northeast,PA,457,615,25730.76,18021.08,328.8,39,3.88,97.53,Active
778,2023-11-01,2023,11,Food Assistance,Basic Needs,SOUTH,FL,385,389,25912.09,23761.65,395.6,42,4.45,93.04,Paused
1601,2025-12-01,2025,12,Housing Support,Basic Needs,Northeast,MA,286,291,21545.34,17011.35,92.0,18,4.26,65.43,Completed
1183,2024-11-01,2024,11,Community Outreach,Community,west,CA,213,257,13575.49,10315.45,178.6,19,4.34,72.07,Paused
1286,2025-02-01,2025,2,healthcare access,Health,West,CA,426,514,25761.79,20695.18,380.5,37,4.41,75.07,Active
1330,2025-04-01,2025,4,Food Assistance,Basic Needs,Northeast,PA,452,496,31926.41,21342.11,195.7,30,4.28,77.78,Paused
1599,2025-12-01,2025,12,Youth Development,Education,South,GA,381,411,18754.47,10813.16,286.5,24,4.75,95.99,Active
599,2023-06-01,2023,6,Food Assistance,Basic Needs,Midwest,MI,680,789,40713.48,29107.45,245.0,27,4.37,74.8,Active
11,2022-01-01,2022,1,Healthcare Access,Health,Midwest,OH,316,402,18152.68,13218.29,173.2,21,4.86,77.63,Active
865,2024-02-01,2024,2,Food Assistance,Basic Needs,West,WA,550,666,27838.32,18133.88,524.7,33,5.0,77.75,Active
283,2022-09-01,2022,9,Community Outreach,Community,Midwest,MI,166,109,11271.7,9016.17,157.7,15,4.94,61.43,Active
292,2022-09-01,2022,9,Education Support,Education,Northeast,PA,411,413,20962.42,16200.6,180.8,21,4.92,84.6,Active
1400,2025-06-01,2025,6,Youth Development,Education,West,CA,322,321,19073.5,16497.9,195.2,14,4.77,81.66,Active
635,2023-07-01,2023,7,Housing Support,Basic Needs,Northeast,MA,189,204,15370.66,12144.04,193.5,16,4.5,79.82,Active
130,2022-04-01,2022,4,Food Assistance,Basic Needs,Midwest,IL,548,536,29350.09,27512.73,,32,4.59,86.38,Paused
324,2022-10-01,2022,10,Youth Development,Education,South,TX,299,255,17717.45,13459.98,186.8,20,5.0,78.34,Active
814,2023-12-01,2023,12,housing support,Basic Needs,West,CA,254,315,17375.97,14407.14,195.9,15,5.0,75.06,Active
590,2023-06-01,2023,6,Healthcare Access,Health,Northeast,MA,363,386,20873.4,16202.16,598.1,48,4.78,75.89,Active
1226,2025-01-01,2025,1,Community Outreach,Community,SOUTH,FL,271,378,16425.16,11143.51,168.0,27,4.45,77.81,Paused
1141,2024-10-01,2024,10,Food Assistance,Basic Needs,North East,NY,232,267,16165.61,12631.99,212.5,22,4.75,71.48,Paused
964,2024-05-01,2024,5,Food Assistance,Basic Needs,Northeast,NY,443,570,26484.99,20531.7,219.2,30,4.64,67.33,Active
835,2024-01-01,2024,1,Youth Development,Education,South,GA,389,463,21042.23,18047.79,239.5,33,4.25,77.6,Active
1615,2025-12-01,2025,12,Housing Support,Basic Needs,Midwest,OH,446,450,21987.14,17926.2,336.3,38,3.98,59.32,Active
159,2022-05-01,2022,5,Job Training,Economic Empowerment,Midwest,OH,181,187,13633.32,9401.66,151.1,12,4.9,76.87,Completed
1156,2024-10-01,2024,10,Youth Development,Education,West,WA,354,371,19580.47,13105.73,205.0,27,4.72,74.07,Completed
517,2023-04-01,2023,4,Education Support,Education,South,FL,449,455,21077.36,16445.17,595.9,47,4.47,76.89,Completed
1394,2025-05-01,2025,5,Food Assistance,Basic Needs,Midwest,OH,764,723,39809.82,32414.95,,43,4.46,74.73,Active
196,2022-06-01,2022,6,Education Support,Education,Northeast,NY,334,229,20620.39,17906.84,290.3,33,4.55,84.13,Active
1356,2025-04-01,2025,4,Job Training,Economic Empowerment,West,CA,181,168,13066.64,10964.96,125.7,14,4.98,82.36,Active
1407,2025-06-01,2025,6,Community Outreach,Community,South,GA,247,307,16374.75,12602.69,179.2,16,4.24,74.96,Active
411,2023-01-01,2023,1,Food Assistance,Basic Needs,Northeast,NY,420,305,24144.35,20948.74,278.4,21,4.34,76.31,Paused
97,2022-03-01,2022,3,Community Outreach,Community,West,WA,200,231,10539.29,7627.85,226.7,19,4.66,57.44,Active
1294,2025-03-01,2025,3,Food Assistance,Basic Needs,MIDWEST,OH,609,721,38192.9,35131.67,546.7,61,4.56,65.8,Active
902,2024-03-01,2024,3,Housing Support,Basic Needs,West,WA,229,322,13287.01,9861.93,110.3,13,4.36,72.51,Active
157,2022-05-01,2022,5,Food Assistance,Basic Needs,West,CA,389,428,27573.48,23805.64,167.0,16,5.0,68.32,Active
420,2023-01-01,2023,1,Job Training,Economic Empowerment,West,CA,249,239,15389.99,11749.29,87.7,21,4.61,64.16,Active
1055,2024-08-01,2024,8,Food Assistance,Basic Needs,West,CA,446,449,23639.71,18794.69,389.5,39,4.48,82.08,Active
478,2023-03-01,2023,3,Community Outreach,Community,Northeast,MA,183,181,11946.29,7903.63,142.4,14,4.36,71.46,Active
731,2023-10-01,2023,10,job training,Economic Empowerment,South,TX,181,150,13231.24,7510.12,146.5,18,5.0,64.05,Active
1047,2024-07-01,2024,7,Healthcare Access,Health,Midwest,IL,439,436,25643.14,17653.36,132.5,39,4.37,73.35,Active
1304,2025-03-01,2025,3,Food Assistance,Basic Needs,West,WA,523,546,28467.59,20775.67,357.0,56,4.3,86.22,Active
448,2023-02-01,2023,2,Housing Support,Basic Needs,Northeast,MA,188,174,13470.2,9070.51,,24,5.0,58.22,Completed
1211,2024-12-01,2024,12,Housing Support,Basic Needs,Northeast,PA,183,219,14539.39,10213.04,143.8,12,3.5,55.81,Active
179,2022-06-01,2022,6,HEALTHCARE ACCESS,Health,south,TX,186,253,14614.82,9787.24,132.1,15,4.59,81.53,Active
391,2022-12-01,2022,12,Youth Development,Education,Midwest,OH,250,281,14789.93,11006.63,227.0,20,3.69,92.55,Active
579,2023-06-01,2023,6,Housing Support,Basic Needs,West,CA,270,256,15514.95,10964.46,306.3,29,3.66,63.69,Active
1436,2025-07-01,2025,7,healthcare access,Health,SOUTH,FL,369,367,21261.72,15563.22,245.5,26,3.38,66.19,Active
766,2023-11-01,2023,11,Job Training,Economic Empowerment,South,GA,206,193,12661.23,10142.11,181.3,24,4.94,83.98,Paused
1357,2025-04-01,2025,4,Education Support,Education,West,WA,435,400,26474.54,22484.24,290.1,34,4.15,73.84,Paused
629,2023-07-01,2023,7,Housing Support,Basic Needs,West,WA,251,225,19528.19,14372.24,267.0,28,3.8,78.03,Completed
725,2023-10-01,2023,10,Youth Development,Education,Northeast,PA,312,314,16836.46,12953.65,407.3,46,4.78,76.81,Active
967,2024-05-01,2024,5,Community Outreach,Community,Northeast,MA,223,286,14036.75,11290.43,161.6,17,4.43,56.63,Active
939,2024-04-01,2024,4,Education Support,Education,Midwest,OH,298,322,22957.39,16126.17,165.1,20,5.0,99.0,Completed
143,2022-05-01,2022,5,HEALTHCARE ACCESS,Health,South,GA,326,372,22946.58,19507.28,323.5,25,4.38,76.0,Active
1248,2025-01-01,2025,1,Job Training,Economic Empowerment,West,WA,305,274,21349.21,12895.01,189.5,23,4.64,73.95,Active
949,2024-04-01,2024,4,Community Outreach,Community,Northeast,PA,214,191,15236.39,13130.69,198.5,20,4.0,74.86,Active
1198,2024-12-01,2024,12,Job Training,Economic Empowerment,Midwest,OH,181,161,10379.59,7744.56,125.5,21,3.72,74.15,Active
868,2024-02-01,2024,2,Housing Support,Basic Needs,Midwest,MI,306,302,21446.9,13938.1,274.0,23,4.94,75.68,Completed
616,2023-07-01,2023,7,Education Support,Education,Midwest,OH,509,579,27598.44,25429.72,387.6,47,4.32,81.91,Active
295,2022-09-01,2022,9,Education Support,Education,West,CA,311,383,20922.28,16865.98,236.6,24,3.72,83.27,Completed
1449,2025-07-01,2025,7,Healthcare Access,Health,Midwest,IL,439,421,23323.8,15993.66,240.7,34,4.7,65.71,Active
1562,2025-10-01,2025,10,Job Training,Economic Empowerment,West,CA,254,293,14243.8,11286.02,88.7,15,4.46,67.66,Active
89,2022-03-01,2022,3,Food Assistance,Basic Needs,WEST,WA,371,318,19953.04,19064.72,206.1,15,4.59,77.23,Paused
42,2022-02-01,2022,2,Healthcare Access,Health,Midwest,IL,390,409,21756.12,15017.69,257.6,33,4.89,73.82,Paused
1589,2025-11-01,2025,11,Healthcare Access,Health,midwest,IL,429,410,23153.11,14972.61,744.8,65,4.33,81.95,Active
132,2022-04-01,2022,4,Job Training,Economic Empowerment,West,CA,323,309,17330.0,14203.33,304.6,30,4.16,66.63,Completed
701,2023-09-01,2023,9,Healthcare Access,Health,Northeast,MA,278,283,16903.3,14824.73,261.3,26,3.88,71.97,Active
1533,2025-10-01,2025,10,Healthcare Access,Health,West,AZ,445,382,23381.78,19904.97,176.3,19,4.95,70.59,Active
1577,2025-11-01,2025,11,Community Outreach,Community,,PA,129,140,8025.42,7599.12,93.8,7,4.41,73.91,Active
1528,2025-09-01,2025,9,Job Training,Economic Empowerment,Northeast,PA,208,220,13123.15,10402.95,181.4,20,4.83,75.57,Completed
1252,2025-01-01,2025,1,Food Assistance,Basic Needs,Northeast,MA,529,629,27804.42,24054.75,250.1,30,4.86,78.33,Paused
165,2022-05-01,2022,5,Healthcare Access,Health,Northeast,MA,420,442,23629.49,15331.2,227.2,26,4.18,73.5,Active
291,2022-09-01,2022,9,Youth Development,Education,South,GA,313,350,15733.43,14906.62,290.5,26,4.06,78.9,Active
1557,2025-10-01,2025,10,Education Support,Education,NORTHEAST,MA,435,444,24795.22,22834.03,335.2,41,4.33,75.98,Completed
713,2023-09-01,2023,9,Youth Development,Education,West,AZ,242,250,14612.94,12293.56,179.1,20,4.57,77.17,Completed
349,2022-11-01,2022,11,Housing Support,Basic Needs,West,AZ,169,158,11700.29,7609.73,119.4,12,4.62,63.54,Active
572,2023-05-01,2023,5,Youth Development,Education,South,TX,423,406,23172.58,17381.33,337.6,42,4.21,80.23,Completed
681,2023-09-01,2023,9,Education Support,Education,Midwest,IL,295,272,17940.35,13022.89,259.4,29,3.91,94.15,Active
1550,2025-10-01,2025,10,Job Training,Economic Empowerment,South,TX,257,243,17701.44,13525.09,281.7,31,3.81,67.99,Completed
969,2024-05-01,2024,5,Youth Development,Education,Northeast,NY,347,438,21101.52,17078.21,441.3,34,4.56,84.54,Active
1000,2024-06-01,2024,6,Education Support,Education,South,FL,613,579,31095.85,31126.5,407.7,55,5.0,96.62,Completed
1081,2024-08-01,2024,8,Food Assistance,Basic Needs,Northeast,PA,542,662,34472.08,27525.47,219.6,48,3.5,76.24,Completed
1088,2024-08-01,2024,8,Job Training,Economic Empowerment,West,WA,253,262,18986.84,12568.42,,29,3.76,77.11,Active
459,2023-02-01,2023,2,Job Training,Economic Empowerment,west,WA,244,283,17961.03,15070.06,206.9,20,4.87,78.98,Active
376,2022-12-01,2022,12,FOOD ASSISTANCE,Basic Needs,South,TX,257,254,16546.18,16029.43,147.9,24,4.71,65.62,Active
334,2022-10-01,2022,10,Job Training,Economic Empowerment,West,CA,167,197,12468.38,8188.58,177.0,16,4.09,76.66,Completed
1233,2025-01-01,2025,1,Healthcare Access,Health,West,WA,315,357,19817.67,19528.51,320.4,30,,66.41,Active
1448,2025-07-01,2025,7,Education Support,Education,South,FL,414,510,22025.99,15595.9,351.6,33,4.32,83.71,Paused
1308,2025-03-01,2025,3,Job Training,Economic Empowerment,West,CA,327,322,15540.84,14729.03,133.5,19,4.1,65.23,Completed
890,2024-03-01,2024,3,Food Assistance,Basic Needs,WEST,AZ,611,739,39760.98,29290.37,626.9,73,4.11,83.5,Completed
1563,2025-10-01,2025,10,Education Support,Education,Northeast,MA,529,541,27324.47,18149.7,347.8,50,4.18,72.16,Completed
1525,2025-09-01,2025,9,Youth development,Education,Midwest,IL,378,437,18928.13,15722.71,258.3,26,4.17,82.14,Active
680,2023-08-01,2023,8,Youth Development,Education,West,AZ,285,329,16288.76,11706.76,286.6,23,4.7,81.52,Completed
329,2022-10-01,2022,10,Youth development,Education,South,TX,260,328,15888.43,13501.83,157.7,19,4.68,85.71,Active
773,2023-11-01,2023,11,COMMUNITY OUTREACH,Community,Northeast,MA,143,184,10767.61,9342.74,131.0,15,3.6,85.62,Paused
319,2022-10-01,2022,10,Housing Support,Basic Needs,West,WA,282,238,17717.1,12818.72,441.6,30,3.64,52.96,Active
1260,2025-02-01,2025,2,Housing Support,Basic Needs,Midwest,MI,342,406,21424.13,16045.83,163.3,24,4.51,59.68,Active
1113,2024-09-01,2024,9,Job Training,Economic Empowerment,South,TX,239,213,14410.14,12138.16,190.7,19,3.97,73.28,Active
1429,2025-07-01,2025,7,Food Assistance,Basic Needs,south,GA,390,215,23522.07,16958.89,349.1,32,4.37,80.78,Active
168,2022-05-01,2022,5,Food Assistance,Basic Needs,West,AZ,393,390,23538.49,18761.15,323.3,34,4.69,87.53,Active
13,2022-01-01,2022,1,food assistance,Basic Needs,West,WA,498,523,27870.36,21085.08,228.1,27,4.34,71.58,Active
172,2022-06-01,2022,6,Healthcare Access,Health,South,FL,247,253,16563.77,15754.97,76.5,14,5.0,73.33,Active
650,2023-08-01,2023,8,Education Support,Education,Northeast,PA,371,287,22463.62,16558.71,337.7,39,4.14,87.41,Active
261,2022-08-01,2022,8,youth development,Education,Midwest,OH,289,241,14798.45,8144.8,135.4,21,4.32,80.82,Active
990,2024-06-01,2024,6,Education Support,Education,West,AZ,437,437,23095.31,18019.5,284.1,34,4.21,83.74,Active
673,2023-08-01,2023,8,Food Assistance,Basic Needs,West,WA,460,525,36367.74,26340.68,262.4,33,4.08,91.48,Active
259,2022-08-01,2022,8,Food Assistance,Basic Needs,Midwest,OH,389,266,24117.06,18487.46,519.9,44,4.93,87.89,Active
1505,2025-09-01,2025,9,Youth Development,Education,Northeast,NY,319,397,17674.69,12525.51,91.5,25,5.0,73.44,Active
139,2022-05-01,2022,5,Food Assistance,Basic Needs,West,AZ,481,549,31738.05,21412.35,485.7,34,4.41,79.74,Completed
550,2023-05-01,2023,5,Education Support,Education,Northeast,NY,413,486,24844.23,16005.85,191.4,27,5.0,87.54,Completed
1101,2024-09-01,2024,9,Youth Development,Education,,CA,227,255,14428.92,12170.94,93.8,21,4.16,81.76,Paused
1534,2025-10-01,2025,10,Community Outreach,Community,south,TX,141,135,8914.28,7514.34,68.1,9,3.47,71.36,Active
1024,2024-07-01,2024,7,Food Assistance,Basic Needs,South,GA,409,464,28039.82,23643.78,474.7,40,4.76,74.72,Paused
938,2024-04-01,2024,4,Housing Support,Basic Needs,South,GA,293,186,15435.37,11762.34,343.2,35,4.69,68.8,Active
559,2023-05-01,2023,5,Education Support,Education,South,FL,322,379,21023.07,17276.08,293.1,28,4.67,90.27,Active
140,2022-05-01,2022,5,YOUTH DEVELOPMENT,Education,West,AZ,380,408,19673.97,16063.72,477.2,51,4.64,90.41,Active
1482,2025-08-01,2025,8,Housing Support,Basic Needs,West,WA,133,149,9006.23,7162.0,148.3,14,4.1,49.4,Completed
532,2023-04-01,2023,4,Education Support,Education,West,CA,467,566,26447.71,21186.38,277.6,41,4.63,88.28,Active
225,2022-07-01,2022,7,Food Assistance,Basic Needs,West,AZ,435,471,23249.96,16386.64,,33,4.98,78.17,Completed
1339,2025-04-01,2025,4,Education Support,Education,South,TX,502,530,30843.68,21301.16,324.5,40,5.0,96.93,Active
410,2023-01-01,2023,1,Healthcare Access,Health,Northeast,PA,428,391,23650.43,21653.02,452.4,46,4.49,79.43,Completed
326,2022-10-01,2022,10,Healthcare Access,Health,South,TX,195,186,10887.67,7197.11,126.5,14,4.18,57.36,Active
1135,2024-10-01,2024,10,Food assistance,Basic Needs,Northeast,PA,389,528,19022.15,17772.03,198.4,30,4.01,64.53,Paused
300,2022-09-01,2022,9,Housing Support,Basic Needs,Midwest,MI,124,129,8877.09,5637.27,55.9,8,4.45,68.55,Active
1042,2024-07-01,2024,7,Youth Development,Education,South,GA,324,330,18033.99,16128.52,315.9,28,5.0,85.11,Active
1492,2025-08-01,2025,8,Housing Support,Basic Needs,Northeast,NY,185,181,13608.13,13577.23,164.7,14,4.18,70.09,Active
804,2023-12-01,2023,12,Community Outreach,Community,Northeast,MA,173,161,10508.03,9773.36,158.3,19,,49.05,Active
1526,2025-09-01,2025,9,Housing Support,Basic Needs,SOUTH,FL,290,248,15963.26,13219.99,376.1,33,4.73,72.7,Active
194,2022-06-01,2022,6,community outreach,Community,Midwest,MI,158,142,9629.3,7801.46,201.1,16,4.33,68.37,Active
441,2023-01-01,2023,1,Job Training,Economic Empowerment,West,AZ,175,158,15581.42,14691.98,78.8,12,4.32,88.54,Active
574,2023-05-01,2023,5,Housing Support,Basic Needs,Northeast,NY,255,307,14790.22,12895.47,129.2,19,4.08,69.57,Paused
504,2023-03-01,2023,3,Housing Support,Basic Needs,South,TX,205,191,14078.87,10615.75,276.1,24,4.74,56.67,Active
606,2023-06-01,2023,6,Youth development,Education,West,CA,275,317,14956.49,11454.21,324.8,30,3.57,77.76,Active
919,2024-04-01,2024,4,Food Assistance,Basic Needs,Northeast,PA,444,411,29183.27,19005.3,378.4,29,4.08,79.01,Active
1468,2025-08-01,2025,8,Housing Support,Basic Needs,Midwest,IL,268,232,14354.55,11390.05,202.5,22,4.3,67.07,Active
4,2022-01-01,2022,1,Youth Development,Education,Midwest,MI,283,248,15343.21,12544.14,175.4,20,4.28,96.82,Completed
900,2024-03-01,2024,3,youth development,Education,Midwest,MI,415,482,20366.49,16492.53,,38,5.0,70.17,Paused
468,2023-02-01,2023,2,Food Assistance,Basic Needs,West,AZ,461,458,27135.79,17507.88,345.7,32,4.64,79.34,Paused
322,2022-10-01,2022,10,EDUCATION SUPPORT ,Education,Northeast,MA,377,398,21828.91,13864.43,,29,5.0,71.1,Active
6,2022-01-01,2022,1,Food Assistance,Basic Needs,Midwest,OH,530,547,29977.17,22479.57,215.6,28,4.28,86.46,Active
223,2022-07-01,2022,7,Education Support,Education,Midwest,OH,310,306,17499.52,12437.92,158.0,17,3.84,86.08,Active
548,2023-05-01,2023,5,Community outreach,Community,Midwest,IL,136,149,7018.89,4929.72,119.3,12,4.08,71.58,Active
1264,2025-02-01,2025,2,Youth Development,Education,Northeast,PA,314,356,18455.76,14197.19,332.4,26,4.23,96.91,Active
40,2022-02-01,2022,2,EDUCATION SUPPORT ,Education,Mid West,OH,504,628,25834.52,20205.19,427.5,49,4.67,78.96,Active
543,2023-04-01,2023,4,Education Support,Education,Northeast,NY,321,238,17028.87,12742.11,329.3,33,5.0,88.2,Completed
243,2022-08-01,2022,8,Housing Support,Basic Needs,West,AZ,206,250,12894.06,10183.7,153.4,18,4.47,65.25,Paused
137,2022-05-01,2022,5,Education Support,Education,West,AZ,360,374,20721.55,16085.68,337.0,35,,79.35,Active
1444,2025-07-01,2025,7,Healthcare Access,Health,Northeast,NY,422,457,21914.26,13841.1,342.3,48,5.0,74.28,Active
1296,2025-03-01,2025,3,Community Outreach,Community,MIDWEST,IL,212,230,14962.84,9811.88,144.5,13,3.92,74.31,Active
722,2023-10-01,2023,10,HEALTHCARE ACCESS,Health,Northeast,PA,247,329,18411.9,14058.88,177.8,24,4.59,64.58,Active
933,2024-04-01,2024,4,Housing Support,Basic Needs,Midwest,OH,235,225,14229.89,9181.13,160.1,17,3.82,58.79,Active
809,2023-12-01,2023,12,Education Support,Education,Northeast,PA,341,315,17495.88,12801.76,250.9,32,4.54,77.48,Active
1165,2024-11-01,2024,11,Food Assistance,Basic Needs,Northeast,MA,569,586,33159.6,20769.41,308.3,44,4.28,69.21,Active
907,2024-03-01,2024,3,Housing Support,Basic Needs,West,CA,140,154,11280.91,7967.68,178.8,15,4.68,82.56,Active
1499,2025-09-01,2025,9,Youth Development,Education,WEST,CA,399,424,20170.77,17526.91,744.2,54,4.31,70.39,Completed
582,2023-06-01,2023,6,Healthcare Access,Health,Northeast,MA,223,226,13782.8,11614.23,210.1,19,4.77,92.24,Active
1451,2025-07-01,2025,7,Community Outreach,Community,South,TX,139,123,8472.25,6694.48,68.1,10,4.02,71.81,Completed
1621,2025-12-01,2025,12,Housing Support,Basic Needs,Northeast,PA,341,310,20025.81,18821.55,142.9,18,4.57,61.17,Active
662,2023-08-01,2023,8,education support,Education,Northeast,NY,359,462,18195.61,15023.55,136.9,19,5.0,78.65,Active
950,2024-04-01,2024,4,Housing Support,Basic Needs,West,WA,219,277,14702.17,10496.12,75.6,11,4.8,70.04,Active
1524,2025-09-01,2025,9,Youth Development,Education,Northeast,MA,443,492,19750.33,14564.04,173.5,24,4.75,90.58,Active
377,2022-12-01,2022,12,JOB TRAINING,Economic Empowerment,Midwest,IL,227,235,15055.54,13739.38,78.1,13,4.15,80.31,Active
315,2022-10-01,2022,10,Housing Support,Basic Needs,Midwest,OH,198,204,13549.14,11012.58,67.2,17,4.25,61.19,Paused
443,2023-02-01,2023,2,Youth Development,Education,Midwest,MI,351,366,21334.57,16298.84,420.1,32,4.94,73.38,Paused
320,2022-10-01,2022,10,Housing Support,Basic Needs,West,CA,261,240,16483.58,13738.45,66.6,7,4.5,75.39,Active
1454,2025-07-01,2025,7,Community Outreach,Community,Midwest,OH,215,202,17708.53,12702.28,406.5,29,5.0,67.35,Active
799,2023-12-01,2023,12,Healthcare Access,Health,Northeast,PA,403,422,20977.73,13379.12,466.9,41,3.58,74.97,Active
1424,2025-06-01,2025,6,Housing  Support,Basic Needs,South,FL,239,281,16127.81,13801.06,202.4,23,3.73,71.3,Paused
1236,2025-01-01,2025,1,Education Support,Education,Northeast,PA,469,408,27174.37,22412.59,297.6,44,4.46,77.32,Completed
425,2023-01-01,2023,1,Food Assistance,Basic Needs,South,FL,484,651,28196.3,18085.14,595.0,45,5.0,74.76,Active
554,2023-05-01,2023,5,Food Assistance,Basic Needs,,PA,359,396,23944.32,16654.89,257.1,31,3.69,60.16,Paused
595,2023-06-01,2023,6,COMMUNITY OUTREACH,Community,Mid West,MI,165,160,11168.69,9041.02,114.3,9,4.08,75.78,Active
369,2022-11-01,2022,11,Job Training,Economic Empowerment,West,CA,175,186,12668.21,6091.97,75.9,14,4.95,78.22,Paused
1515,2025-09-01,2025,9,Food Assistance,Basic Needs,Midwest,IL,474,474,25814.0,21991.79,438.9,41,4.15,71.43,Active
1288,2025-02-01,2025,2,Food Assistance,Basic Needs,,OH,403,489,19556.69,16125.98,352.8,50,5.0,70.28,Paused
1331,2025-04-01,2025,4,Housing Support,Basic Needs,Midwest,OH,268,324,19085.58,14489.38,181.2,18,5.0,70.68,Active
1480,2025-08-01,2025,8,Youth Development,Education,South,GA,291,243,19779.0,15465.78,248.6,24,5.0,82.84,Active
228,2022-07-01,2022,7,Job Training,Economic Empowerment,West,WA,107,109,7333.7,4996.32,87.2,9,4.31,66.8,Active
1427,2025-06-01,2025,6,Community Outreach,Community,South,FL,233,222,12633.63,7293.93,212.5,21,4.4,64.86,Active
979,2024-05-01,2024,5,Food Assistance,Basic Needs,,MA,712,741,36011.28,27293.2,410.8,62,4.4,83.96,Paused
1090,2024-09-01,2024,9,Community Outreach,Community,West,CA,133,162,8904.98,7450.44,128.3,13,4.62,63.6,Active
1002,2024-06-01,2024,6,Food Assistance,Basic Needs,West,WA,537,541,27585.93,22706.04,402.5,43,4.32,88.76,Active
67,2022-02-01,2022,2,Healthcare Access,Health,Midwest,MI,304,348,20473.22,12567.45,161.8,25,4.16,75.38,Active
394,2022-12-01,2022,12,Education Support,Education,Midwest,MI,419,395,22310.61,15813.37,246.8,34,4.9,77.05,Completed
580,2023-06-01,2023,6,Youth Development,Education,West,CA,375,356,18712.83,9142.61,225.7,35,3.64,59.34,Active
25,2022-01-01,2022,1,Education Support,Education,South,GA,341,367,22572.6,18476.39,217.5,22,4.55,70.86,Active
212,2022-07-01,2022,7,Job Training,Economic Empowerment,West,CA,195,222,12580.37,9215.24,122.7,20,4.46,87.51,Active
1266,2025-02-01,2025,2,Food Assistance,Basic Needs,South,TX,804,929,49252.91,30499.17,569.3,62,4.7,56.22,Active
943,2024-04-01,2024,4,Job Training,Economic Empowerment,Northeast,NY,175,164,14648.37,10970.26,159.8,17,4.77,82.79,Active
537,2023-04-01,2023,4,Youth Development,Education,Northeast,PA,473,533,24175.47,17816.57,224.5,25,5.0,69.78,Active
887,2024-03-01,2024,3,Education Support,Education,Northeast,MA,523,512,26665.46,25271.17,349.4,28,4.82,66.27,Active
1598,2025-11-01,2025,11,education support,Education,midwest,IL,402,254,19621.53,15133.79,261.9,43,4.7,74.55,Active
86,2022-03-01,2022,3,Education Support,Education,South,TX,395,384,25727.85,21326.77,259.5,23,4.41,77.0,Active
1481,2025-08-01,2025,8,Education Support,Education,West,CA,408,475,25969.44,18889.16,323.0,35,4.98,69.52,Active
273,2022-09-01,2022,9,Healthcare Access,Health,South,FL,196,265,11512.06,8987.24,137.7,16,4.37,85.98,Active
1062,2024-08-01,2024,8,Job  Training,Economic Empowerment,Northeast,MA,215,267,14722.69,10054.04,137.9,17,3.96,77.93,Paused
1075,2024-08-01,2024,8,Food Assistance,Basic Needs,Northeast,NY,634,657,36004.33,27370.28,569.7,47,4.01,80.76,Active
1209,2024-12-01,2024,12,Education Support,Education,West,CA,440,455,21453.82,15913.19,284.8,28,4.6,83.11,Completed
507,2023-03-01,2023,3,Community Outreach,Community,Midwest,OH,205,193,12589.42,10047.93,189.8,19,3.92,71.65,Active
631,2023-07-01,2023,7,Job Training,Economic Empowerment,West,AZ,180,184,14088.98,9844.22,219.2,18,3.47,71.82,Active
1126,2024-10-01,2024,10,Healthcare Access,Health,West,AZ,408,459,21699.3,12710.37,218.2,33,4.36,82.84,Completed
1537,2025-10-01,2025,10,Food Assistance,Basic Needs,Midwest,OH,431,423,26834.78,17431.87,621.2,46,4.93,88.16,Active
1125,2024-10-01,2024,10,Community Outreach,Community,South,GA,135,141,11124.5,8790.17,202.1,15,4.07,76.41,Paused
506,2023-03-01,2023,3,Youth Development,Education,Midwest,MI,397,321,19954.93,16162.79,347.0,41,4.86,99.0,Active
274,2022-09-01,2022,9,Food Assistance,Basic Needs,Northeast,PA,280,234,13650.29,10283.24,230.4,21,3.77,81.7,Completed
1253,2025-01-01,2025,1,Education Support,Education,South,TX,408,385,21742.65,20861.04,517.5,47,5.0,80.52,Paused
1206,2024-12-01,2024,12,Healthcare Access,Health,Midwest,IL,252,275,14486.43,11391.7,175.4,20,4.68,74.77,Paused
363,2022-11-01,2022,11,Job Training,Economic Empowerment,Northeast,PA,144,145,7479.57,6048.97,101.3,12,4.15,74.64,Active
1329,2025-04-01,2025,4,Community outreach,Community,west,WA,266,331,17690.32,12535.29,378.7,27,4.93,70.85,Active
623,2023-07-01,2023,7,HOUSING SUPPORT,Basic Needs,South,FL,265,294,17287.77,9645.85,175.8,15,4.48,66.82,Paused
3,2022-01-01,2022,1,Education Support,Education,Northeast,NY,328,300,17772.5,11352.53,330.6,37,4.55,68.6,Active
7,2022-01-01,2022,1,COMMUNITY OUTREACH,Community,South,FL,148,163,12041.39,8928.59,110.3,10,4.84,77.45,Active
312,2022-10-01,2022,10,Healthcare Access,Health,West,CA,212,222,16516.29,11743.53,196.6,15,3.88,81.51,Completed
1189,2024-11-01,2024,11,Job Training,Economic Empowerment,South,FL,331,342,18504.07,15778.74,289.3,25,3.33,63.84,Active
793,2023-12-01,2023,12,EDUCATION SUPPORT ,Education,SOUTH,GA,423,453,25136.28,19492.88,248.8,27,4.46,78.68,Active
666,2023-08-01,2023,8,Job Training,Economic Empowerment,Northeast,NY,177,215,12929.06,10356.57,142.2,15,4.18,73.74,Active
365,2022-11-01,2022,11,housing support,Basic Needs,West,AZ,184,212,11137.59,10746.22,167.6,15,4.4,78.37,Completed
1624,2025-12-01,2025,12,HEALTHCARE ACCESS,Health,Midwest,MI,329,305,25592.48,16226.18,255.3,24,4.34,70.28,Active
216,2022-07-01,2022,7,Job Training,Economic Empowerment,Northeast,NY,203,236,13075.54,11003.55,158.8,13,4.17,78.46,Completed
820,2024-01-01,2024,1,Job Training,Economic Empowerment,Midwest,MI,240,242,16444.58,10519.82,,19,4.72,83.22,Paused
28,2022-01-01,2022,1,Job Training,Economic Empowerment,South,GA,177,173,11389.59,8977.13,111.1,23,4.72,59.1,Completed
1178,2024-11-01,2024,11,healthcare access,Health,Midwest,OH,454,484,26027.36,19650.93,418.2,41,4.58,75.92,Completed
526,2023-04-01,2023,4,Food Assistance,Basic Needs,West,AZ,465,420,30870.0,21085.0,317.4,40,4.71,55.16,Active
1506,2025-09-01,2025,9,Food Assistance,Basic Needs,WEST,CA,510,528,29778.08,25638.52,607.7,60,4.79,80.63,Completed
810,2023-12-01,2023,12,Healthcare Access,Health,South,TX,237,184,19892.68,16741.62,180.6,25,4.34,77.36,Paused
639,2023-07-01,2023,7,Job Training,Economic Empowerment,Midwest,OH,227,203,13858.94,10873.83,135.8,14,4.19,92.32,Completed
905,2024-03-01,2024,3,Job Training,Economic Empowerment,northeast,NY,292,279,16786.95,15253.27,234.5,23,3.99,64.02,Completed
719,2023-10-01,2023,10,Food Assistance,Basic Needs,West,CA,307,305,16943.19,13558.42,176.5,25,4.47,68.14,Active
692,2023-09-01,2023,9,job training,Economic Empowerment,South,FL,187,233,11852.04,8356.67,210.6,21,4.34,92.01,Paused
999,2024-06-01,2024,6,Youth Development,Education,Midwest,MI,321,348,19597.63,14596.14,317.6,29,5.0,81.81,Active
625,2023-07-01,2023,7,Job Training,Economic Empowerment,Northeast,MA,216,206,12660.46,9813.17,362.9,21,4.77,65.22,Active
8,2022-01-01,2022,1,Housing  Support,Basic Needs,Northeast,PA,175,192,12033.74,10560.26,117.5,13,3.85,58.43,Active
257,2022-08-01,2022,8,HOUSING SUPPORT,Basic Needs,Midwest,OH,179,210,11603.09,8044.27,104.9,12,3.75,61.45,Completed
26,2022-01-01,2022,1,Education Support,Education,West,CA,439,532,23134.77,20483.07,171.7,24,4.75,84.11,Paused
337,2022-10-01,2022,10,Job Training,Economic Empowerment,Mid West,MI,225,202,13076.56,9880.54,174.1,19,4.56,83.45,Active
573,2023-05-01,2023,5,Healthcare Access,Health,SOUTH,TX,327,316,16087.65,13886.25,204.1,29,4.45,81.27,Active
48,2022-02-01,2022,2,Food Assistance,Basic Needs,South,GA,561,773,31681.9,22151.04,296.1,37,3.54,73.79,Active
107,2022-04-01,2022,4,Healthcare Access,Health,West,AZ,270,258,17313.62,12542.89,237.0,19,5.0,70.43,Active
350,2022-11-01,2022,11,Healthcare Access,Health,Northeast,NY,234,245,15828.79,11003.5,110.8,22,4.29,77.41,Completed
56,2022-02-01,2022,2,Job Training,Economic Empowerment,South,TX,233,172,14637.69,11286.95,145.3,13,4.57,64.48,Completed
977,2024-05-01,2024,5,Education Support,Education,West,CA,447,508,32651.99,24887.27,331.7,39,4.57,81.21,Active
214,2022-07-01,2022,7,Job Training,Economic Empowerment,South,TX,200,230,12853.0,12467.25,113.0,16,4.91,71.04,Active
121,2022-04-01,2022,4,Healthcare Access,Health,Northeast,PA,422,456,21821.61,18568.02,445.4,34,4.15,89.41,Paused
1036,2024-07-01,2024,7,Food Assistance,Basic Needs,West,AZ,529,619,26187.42,12718.86,391.4,33,4.56,69.81,Completed
1558,2025-10-01,2025,10,Housing Support,Basic Needs,,TX,258,202,17697.77,13718.75,194.5,13,,66.71,Completed
794,2023-12-01,2023,12,Healthcare Access,Health,West,WA,329,324,19551.13,17738.18,146.3,19,5.0,66.7,Paused
73,2022-03-01,2022,3,Food Assistance,Basic Needs,WEST,AZ,547,453,28895.62,25843.53,414.6,49,4.78,96.17,Active
813,2023-12-01,2023,12,Food Assistance,Basic Needs,Midwest,IL,635,660,32101.48,23889.67,446.7,69,4.69,67.04,Completed
1422,2025-06-01,2025,6,Youth Development,Education,Northeast,MA,323,302,15424.74,9261.04,257.0,29,4.05,68.55,Active
941,2024-04-01,2024,4,Healthcare Access,Health,West,CA,360,388,26712.52,22041.11,218.2,29,4.91,71.77,Active
1393,2025-05-01,2025,5,Job  Training,Economic Empowerment,South,TX,186,180,13572.29,10338.14,144.9,11,3.81,82.77,Active
46,2022-02-01,2022,2,Youth Development,Education,Northeast,MA,415,429,19248.53,15787.09,348.4,41,4.65,82.1,Completed
1381,2025-05-01,2025,5,Job Training,Economic Empowerment,West,WA,206,209,14910.75,13233.32,198.0,17,5.0,67.3,Completed
524,2023-04-01,2023,4,Community Outreach,Community,Northeast,NY,188,264,11581.92,8204.58,130.8,14,4.56,72.11,Active
233,2022-07-01,2022,7,Healthcare Access,Health,Midwest,IL,346,378,21386.01,17237.81,322.8,28,4.81,61.01,Active
953,2024-05-01,2024,5,Community outreach,Community,Northeast,PA,248,212,13539.87,11094.53,140.1,17,4.02,64.15,Paused
1204,2024-12-01,2024,12,Healthcare Access,Health,West,WA,249,268,16268.39,16596.33,233.6,16,5.0,74.22,Active
1011,2024-06-01,2024,6,Housing Support,Basic Needs,south,TX,235,228,13694.27,11746.39,121.1,12,3.46,65.86,Paused
534,2023-04-01,2023,4,Job Training,Economic Empowerment,South,TX,248,271,14627.26,8490.34,177.4,15,4.35,67.81,Active
1056,2024-08-01,2024,8,Youth Development,Education,Northeast,MA,313,318,14706.29,9542.11,199.0,27,4.85,99.0,Completed
1241,2025-01-01,2025,1,COMMUNITY OUTREACH,Community,West,CA,183,145,11455.56,10134.69,123.0,15,4.0,68.12,Active
604,2023-06-01,2023,6,Community Outreach,Community,South,GA,185,197,11532.47,9915.61,130.6,19,4.77,60.51,Active
466,2023-02-01,2023,2,Education Support,Education,Midwest,OH,613,493,28645.34,17226.23,471.1,43,4.74,88.56,Active
984,2024-05-01,2024,5,Job Training,Economic Empowerment,South,TX,198,233,14079.19,12122.55,135.8,12,5.0,87.22,Paused
789,2023-12-01,2023,12,Housing Support,Basic Needs,West,AZ,160,149,9469.39,8197.63,124.4,13,4.27,77.7,Active
1627,2025-12-01,2025,12,Education Support,Education,WEST,CA,489,593,28669.22,19501.5,400.8,28,4.22,69.51,Active
937,2024-04-01,2024,4,youth development,Education,West,AZ,427,431,21340.62,14993.48,285.1,30,4.07,78.0,Completed
1310,2025-03-01,2025,3,Housing  Support,Basic Needs,Northeast,MA,224,247,16766.58,11110.16,173.4,14,5.0,71.15,Paused
61,2022-02-01,2022,2,Community Outreach,Community,Midwest,IL,158,128,11465.1,9176.05,,11,4.09,61.35,Active
1109,2024-09-01,2024,9,Food Assistance,Basic Needs,South,FL,570,622,28541.11,19843.28,292.1,48,4.97,78.65,Active
93,2022-03-01,2022,3,healthcare access,Health,WEST,AZ,386,502,20712.49,18256.76,107.1,17,4.17,75.21,Active
667,2023-08-01,2023,8,Community Outreach,Community,West,CA,142,138,11565.9,8726.53,162.3,13,4.03,66.02,Paused
844,2024-01-01,2024,1,Housing Support,Basic Needs,West,WA,181,164,13479.37,11212.43,117.7,13,4.75,61.87,Completed
195,2022-06-01,2022,6,Food assistance,Basic Needs,Northeast,MA,331,336,21217.47,17329.08,254.7,34,5.0,75.83,Active
281,2022-09-01,2022,9,Food Assistance,Basic Needs,West,AZ,429,578,23112.3,14412.27,488.0,50,4.09,67.36,Active
696,2023-09-01,2023,9,Community Outreach,Community,Northeast,PA,132,126,8522.0,7283.74,123.5,11,4.87,75.53,Active
360,2022-11-01,2022,11,Housing Support,Basic Needs,South,GA,113,118,8007.1,5517.14,54.8,7,4.48,66.5,Active
520,2023-04-01,2023,4,Education Support,Education,Northeast,MA,399,478,24668.61,18705.89,315.6,38,4.23,80.67,Active
1289,2025-02-01,2025,2,HEALTHCARE ACCESS,Health,West,WA,357,376,25295.19,20707.06,327.3,29,4.49,70.82,Active
926,2024-04-01,2024,4,Community Outreach,Community,South,TX,201,208,12068.9,9191.57,191.3,14,4.21,75.6,Active
848,2024-01-01,2024,1,Community Outreach,Community,West,WA,246,289,15219.48,11621.37,257.1,27,4.41,67.88,Active
183,2022-06-01,2022,6,Youth Development,Education,West,AZ,351,436,18396.74,15587.89,180.3,28,4.45,75.2,Active
1202,2024-12-01,2024,12,Education Support,Education,Northeast,PA,336,359,17845.79,15054.22,120.4,25,4.32,83.25,Active
1311,2025-03-01,2025,3,Housing Support,Basic Needs,Northeast,NY,324,275,22081.37,18575.23,300.1,31,4.24,75.7,Active
111,2022-04-01,2022,4,Education Support,Education,West,WA,545,532,32723.42,28941.12,748.2,53,,77.13,Active
1232,2025-01-01,2025,1,Job Training,Economic Empowerment,Midwest,OH,242,231,13959.64,10670.36,189.5,24,4.15,76.73,Active
43,2022-02-01,2022,2,Healthcare Access,Health,northeast,NY,267,297,16652.61,12050.28,182.0,18,4.56,70.94,Paused
747,2023-10-01,2023,10,healthcare access,Health,Northeast,PA,292,349,18836.61,14693.98,119.4,29,4.65,69.89,Active
126,2022-04-01,2022,4,Community Outreach,Community,South,TX,254,269,14691.24,10508.74,262.1,25,4.78,75.08,Active
205,2022-07-01,2022,7,COMMUNITY OUTREACH,Community,Midwest,OH,159,159,9071.49,6709.59,105.6,10,5.0,61.46,Active
991,2024-06-01,2024,6,Housing Support,Basic Needs,West,CA,334,288,19354.34,17591.55,286.0,26,3.94,69.14,Completed
53,2022-02-01,2022,2,Education Support,Education,Midwest,OH,519,637,28772.79,22637.05,916.6,66,4.41,87.77,Active
1228,2025-01-01,2025,1,Education Support,Education,West,WA,489,434,27505.94,24503.51,461.4,44,,76.33,Completed
546,2023-05-01,2023,5,Food Assistance,Basic Needs,Northeast,MA,471,514,30158.03,27128.6,486.6,33,4.26,78.26,Active
69,2022-03-01,2022,3,Youth Development,Education,Midwest,OH,163,185,9891.95,7514.87,119.9,15,4.59,80.75,Active
1157,2024-11-01,2024,11,Healthcare Access,Health,Northeast,MA,327,304,24584.0,23298.75,149.1,24,4.55,71.2,Active
508,2023-03-01,2023,3,Youth development,Education,Northeast,PA,-467,558,24310.95,18386.34,469.1,46,4.12,84.55,Active
1275,2025-02-01,2025,2,Education Support,Education,Midwest,OH,591,591,33299.32,27856.99,640.0,53,5.0,82.46,Active
330,2022-10-01,2022,10,Youth Development,Education,West,AZ,290,378,15322.52,13593.44,296.3,25,4.08,85.18,Paused
908,2024-03-01,2024,3,Food Assistance,Basic Needs,SOUTH,FL,592,570,31674.28,32473.65,705.2,74,4.67,88.87,Active
184,2022-06-01,2022,6,Education Support,Education,South,FL,353,459,18536.97,15190.44,222.8,21,5.0,75.12,Active
138,2022-05-01,2022,5,Food Assistance,Basic Needs,Northeast,PA,354,420,26834.52,21860.71,83.6,37,5.0,76.88,Active
797,2023-12-01,2023,12,Job Training,Economic Empowerment,Midwest,OH,176,178,11597.31,8828.03,241.0,19,4.33,80.79,Active
133,2022-04-01,2022,4,Community Outreach,Community,Midwest,OH,207,234,11681.33,8678.51,50.0,21,4.9,56.08,Active
81,2022-03-01,2022,3,Community Outreach,Community,North East,MA,208,210,11161.96,7028.53,141.1,16,3.17,69.57,Active
1326,2025-03-01,2025,3,Community Outreach,Community,Northeast,NY,256,236,17883.46,11828.26,107.0,22,4.59,69.13,Active
106,2022-04-01,2022,4,Youth Development,Education,South,TX,344,303,17446.23,14275.22,321.9,30,4.68,99.0,Active
1270,2025-02-01,2025,2,Food Assistance,Basic Needs,Northeast,NY,449,477,31161.14,27595.35,214.5,27,4.72,87.7,Active
542,2023-04-01,2023,4,Education Support,Education,South,TX,537,619,31723.0,21084.08,529.9,53,4.73,74.84,Active
888,2024-03-01,2024,3,Youth Development,Education,Midwest,IL,556,511,30757.57,19663.04,404.0,44,4.59,79.62,Active
481,2023-03-01,2023,3,Youth Development,Education,Midwest,OH,285,341,17117.46,11003.54,381.8,33,5.0,78.3,Completed
166,2022-05-01,2022,5,Youth Development,Education,West,AZ,333,346,17183.45,14239.07,127.7,28,4.13,80.85,Completed
249,2022-08-01,2022,8,Community Outreach,Community,Midwest,MI,191,221,11557.1,9611.09,137.5,13,4.74,76.03,Completed
308,2022-10-01,2022,10,Youth Development,Education,MIDWEST,IL,248,279,13252.09,10962.13,238.5,21,4.77,72.1,Completed
447,2023-02-01,2023,2,Youth Development,Education,WEST,AZ,400,402,19778.89,18022.49,359.5,36,3.98,84.3,Active
899,2024-03-01,2024,3,Food Assistance,Basic Needs,Midwest,OH,608,450,32404.26,32150.31,208.6,47,4.56,78.27,Paused
859,2024-02-01,2024,2,Community Outreach,Community,Northeast,NY,237,288,13584.74,9501.18,105.3,17,4.56,75.33,Active
335,2022-10-01,2022,10,Job Training,Economic Empowerment,Northeast,NY,180,162,12048.34,7033.06,89.4,16,4.45,69.89,Active
988,2024-06-01,2024,6,Health Care Access,Health,South,GA,425,361,25880.3,18929.68,147.1,22,4.62,65.61,Active
850,2024-01-01,2024,1,Housing Support,Basic Needs,Midwest,IL,267,272,19077.34,17549.68,416.4,31,4.23,77.85,Active
98,2022-03-01,2022,3,Education Support,Education,South,TX,341,354,19789.76,16664.3,184.8,30,4.69,84.88,Completed
916,2024-03-01,2024,3,Housing Support,Basic Needs,Midwest,IL,286,281,19195.95,15443.06,304.3,27,4.88,71.27,Active
1625,2025-12-01,2025,12,food assistance,Basic Needs,South,TX,484,598,38561.02,27978.77,327.3,40,5.0,68.15,Active
738,2023-10-01,2023,10,Community Outreach,Community,South,GA,134,141,7640.88,6794.12,35.1,11,4.31,78.48,Active
1037,2024-07-01,2024,7,Community Outreach,Community,South,TX,127,132,10544.27,10555.54,194.7,13,,78.22,Completed
1014,2024-06-01,2024,6,Healthcare Access,Health,Northeast,NY,210,219,16529.97,14246.79,231.8,22,4.02,59.54,Active
422,2023-01-01,2023,1,Food Assistance,Basic Needs,Northeast,PA,539,560,30636.81,20234.71,855.1,61,3.73,69.81,Completed
103,2022-04-01,2022,4,Job Training,Economic Empowerment,West,WA,254,270,14349.31,12721.36,234.4,18,5.0,69.1,Completed
435,2023-01-01,2023,1,Housing Support,Basic Needs,South,GA,204,192,15453.0,10068.27,89.0,21,4.87,79.09,Active
75,2022-03-01,2022,3,Housing Support,Basic Needs,South,GA,254,306,16130.31,11758.97,141.1,20,4.15,71.02,Active
1472,2025-08-01,2025,8,Education Support,Education,west,AZ,363,276,23476.11,20018.36,373.4,35,5.0,74.68,Active
974,2024-05-01,2024,5,Community Outreach,Community,South,TX,213,227,13612.35,9749.42,209.4,17,4.43,63.65,Active
229,2022-07-01,2022,7,Community Outreach,Community,West,AZ,173,153,10571.47,9737.31,133.7,14,4.7,71.87,Active
1493,2025-08-01,2025,8,Education Support,Education,Midwest,MI,444,424,26786.34,25336.85,527.9,46,4.87,83.68,Active
303,2022-09-01,2022,9,Youth Development,Education,South,TX,304,337,16027.29,10375.31,397.6,32,4.44,81.65,Paused
1415,2025-06-01,2025,6,Job Training,Economic Empowerment,Northeast,MA,179,184,13236.61,9177.67,189.3,18,4.38,65.62,Paused
1380,2025-05-01,2025,5,Food Assistance,Basic Needs,Northeast,NY,445,409,22961.38,15648.31,381.0,36,4.57,72.06,Active
1337,2025-04-01,2025,4,Job Training,Economic Empowerment,Midwest,MI,311,303,20679.05,17932.3,306.2,33,4.72,63.38,Paused
825,2024-01-01,2024,1,Job Training,Economic Empowerment,South,FL,287,222,19406.97,17715.0,167.6,21,3.61,85.93,Active
763,2023-11-01,2023,11,Job Training,Economic Empowerment,south,TX,166,180,10267.09,7271.08,120.9,12,3.9,74.8,Active
734,2023-10-01,2023,10,Job Training,Economic Empowerment,Northeast,MA,166,158,11161.62,7927.29,102.4,12,4.12,73.67,Active
389,2022-12-01,2022,12,Youth Development,Education,West,CA,268,229,14072.48,11782.03,120.6,25,4.03,79.73,Active
236,2022-07-01,2022,7,Job Training,Economic Empowerment,South,FL,268,232,14048.87,10125.77,224.4,22,4.04,75.39,Active
1361,2025-05-01,2025,5,Job Training,Economic Empowerment,WEST,AZ,203,198,13892.89,11173.5,256.3,21,4.03,65.24,Active
268,2022-08-01,2022,8,COMMUNITY OUTREACH,Community,West,CA,185,160,10045.55,6361.32,154.0,16,4.46,71.95,Active
306,2022-09-01,2022,9,Community Outreach,Community,Northeast,MA,232,199,12781.07,10850.76,172.7,17,4.51,68.12,Active
1097,2024-09-01,2024,9,Healthcare Access,Health,Midwest,OH,346,344,18969.44,17771.56,256.3,23,5.0,63.98,Active
951,2024-04-01,2024,4,Food Assistance,Basic Needs,South,FL,505,567,31026.72,21566.35,345.2,45,4.09,72.9,Completed
118,2022-04-01,2022,4,Food Assistance,Basic Needs,Northeast,PA,420,456,22348.9,16171.49,280.3,24,4.78,77.21,Active
1325,2025-03-01,2025,3,Community Outreach,Community,Midwest,IL,248,273,14515.91,12048.37,269.4,23,4.51,72.87,Active
674,2023-08-01,2023,8,Food Assistance,Basic Needs,South,GA,498,624,28627.99,17999.77,113.5,28,4.18,79.29,Active
250,2022-08-01,2022,8,Housing Support,Basic Needs,south,TX,245,270,14969.73,13278.37,145.9,20,4.28,62.04,Active
1191,2024-12-01,2024,12,Education Support,Education,South,GA,626,747,28462.11,28381.86,298.1,40,3.98,83.53,Active
1175,2024-11-01,2024,11,healthcare access,Health,South,GA,316,340,19057.62,16202.45,257.7,31,,80.12,Active
72,2022-03-01,2022,3,Healthcare Access,Health,West,WA,210,221,13132.5,12444.93,170.1,19,4.82,57.31,Active
95,2022-03-01,2022,3,Housing Support,Basic Needs,Midwest,OH,208,189,12241.49,12770.79,189.3,19,3.97,73.6,Active
1466,2025-08-01,2025,8,Healthcare Access,Health,Midwest,IL,287,286,19602.57,12740.79,248.3,32,4.69,85.85,Active
34,2022-01-01,2022,1,Job Training,Economic Empowerment,West,WA,172,223,12628.53,8044.2,127.7,13,5.0,60.51,Active
800,2023-12-01,2023,12,Youth Development,Education,south,TX,209,191,12488.2,10751.42,113.1,18,4.94,70.53,Completed
1199,2024-12-01,2024,12,Housing Support,Basic Needs,Northeast,PA,232,258,18900.17,15840.24,103.5,9,4.75,65.51,Completed
1378,2025-05-01,2025,5,Food Assistance,Basic Needs,South,FL,501,426,31780.16,28945.25,261.1,48,4.84,85.38,Active
449,2023-02-01,2023,2,Food Assistance,Basic Needs,South,TX,439,415,29952.27,20612.77,408.5,48,4.97,82.83,Completed
446,2023-02-01,2023,2,Healthcare Access,Health,Midwest,MI,334,241,22008.66,19795.9,337.0,35,4.55,83.59,Active
772,2023-11-01,2023,11,Youth Development,Education,Northeast,MA,310,284,16136.66,12800.4,142.6,23,4.7,79.89,Active
717,2023-10-01,2023,10,Job Training,Economic Empowerment,Midwest,OH,202,208,12733.47,9986.91,189.5,21,4.15,69.75,Paused
1044,2024-07-01,2024,7,Youth Development,Education,MIDWEST,MI,217,216,11457.84,9299.26,266.9,21,3.87,77.55,Active
1426,2025-06-01,2025,6,Job Training,Economic Empowerment,Midwest,OH,222,212,15176.42,10198.15,218.6,20,4.06,84.17,Paused
1,2022-01-01,2022,1,Job Training,Economic Empowerment,Northeast,NY,227,260,14412.88,13437.17,160.5,18,5.0,78.14,Completed
1349,2025-04-01,2025,4,housing support,Basic Needs,West,AZ,392,474,23364.0,18035.1,150.5,18,4.24,64.02,Active
1274,2025-02-01,2025,2,community outreach,Community,Midwest,MI,271,233,12903.62,8667.12,355.0,24,4.0,67.87,Paused
78,2022-03-01,2022,3,Food Assistance,Basic Needs,Midwest,IL,533,598,28265.84,22680.18,384.4,36,5.0,88.76,Active
85,2022-03-01,2022,3,Food Assistance,Basic Needs,South,FL,431,362,26010.13,18264.79,360.9,26,4.91,88.17,Active
1010,2024-06-01,2024,6,Job Training,Economic Empowerment,South,GA,188,139,12989.16,10331.62,185.1,15,4.57,82.67,Paused
83,2022-03-01,2022,3,YOUTH DEVELOPMENT,Education,South,GA,325,351,17864.68,13676.55,187.1,23,4.53,77.65,Paused
458,2023-02-01,2023,2,Housing Support,Basic Needs,West,CA,180,193,15863.14,15883.01,107.5,14,4.52,70.5,Active
1091,2024-09-01,2024,9,Food Assistance,Basic Needs,North East,MA,441,481,24843.09,20173.06,299.5,35,5.0,85.25,Paused
677,2023-08-01,2023,8,Education Support,Education,West,WA,397,385,19665.37,14309.36,315.6,27,4.2,85.16,Active
1583,2025-11-01,2025,11,Education Support,Education,Midwest,OH,581,651,30286.73,25490.51,411.9,44,,77.34,Active
1173,2024-11-01,2024,11,Community Outreach,Community,Northeast,PA,133,132,7478.06,5950.4,75.1,11,3.81,61.96,Active
437,2023-01-01,2023,1,Housing Support,Basic Needs,Northeast,NY,156,156,12761.25,9681.38,122.4,15,4.58,83.48,Active
771,2023-11-01,2023,11,Youth Development,Education,West,CA,343,296,17050.31,10686.25,318.8,40,5.0,80.77,Active
870,2024-02-01,2024,2,Youth Development,Education,Northeast,NY,252,227,15034.92,9089.69,294.3,21,5.0,82.78,Active
645,2023-07-01,2023,7,Housing  Support,Basic Needs,south,TX,214,197,15142.72,11794.87,302.3,18,4.27,58.96,Active
863,2024-02-01,2024,2,Healthcare Access,Health,West,CA,285,297,19747.0,12490.96,279.5,29,4.64,71.27,Paused
994,2024-06-01,2024,6,Job Training,Economic Empowerment,West,CA,223,272,15698.78,13509.7,219.0,23,3.77,79.82,Active
1058,2024-08-01,2024,8,Education Support,Education,Northeast,PA,462,425,25909.19,24327.49,126.9,31,4.73,71.16,Active
1303,2025-03-01,2025,3,Community Outreach,Community,West,CA,289,341,18105.19,14139.06,314.8,30,4.39,69.89,Active
1222,2024-12-01,2024,12,Community Outreach,Community,West,WA,173,80,14113.87,11409.35,80.7,9,4.24,82.7,Active
405,2022-12-01,2022,12,Youth Development,Education,Northeast,PA,293,251,13077.39,10448.16,197.2,31,4.63,89.5,Active
1425,2025-06-01,2025,6,Food Assistance,Basic Needs,northeast,MA,423,391,34201.89,24313.94,269.7,36,4.47,76.32,Active
1069,2024-08-01,2024,8,Job Training,Economic Empowerment,Northeast,MA,266,283,13496.29,12118.1,174.4,20,3.81,66.06,Active
1302,2025-03-01,2025,3,food assistance,Basic Needs,Midwest,OH,736,773,41518.89,33123.39,368.1,45,4.49,76.44,Completed
105,2022-04-01,2022,4,Community Outreach,Community,Northeast,MA,136,142,9614.21,7724.26,112.1,16,4.82,68.29,Paused
610,2023-06-01,2023,6,Job Training,Economic Empowerment,West,AZ,174,167,10559.57,7165.22,105.8,10,4.1,79.74,Completed
1008,2024-06-01,2024,6,food assistance,Basic Needs,Midwest,MI,496,534,29647.93,20185.71,414.8,42,3.82,85.97,Completed
1006,2024-06-01,2024,6,Healthcare Access,Health,West,CA,328,273,20119.53,17596.4,390.1,34,4.17,69.35,Paused
689,2023-09-01,2023,9,Education Support,Education,West,AZ,360,321,18368.9,9677.16,256.1,28,,85.83,Paused
1074,2024-08-01,2024,8,Youth Development,Education,Northeast,NY,318,423,16342.97,9247.78,197.5,22,5.0,68.91,Active
827,2024-01-01,2024,1,Food Assistance,Basic Needs,Midwest,IL,468,539,26344.58,23084.45,404.8,27,4.84,77.99,Active
1250,2025-01-01,2025,1,housing support,Basic Needs,South,TX,244,300,19672.01,17903.7,77.4,10,4.58,73.16,Active
1068,2024-08-01,2024,8,Community Outreach,Community,West,CA,239,263,12758.28,10775.81,109.7,18,4.07,69.93,Active
63,2022-02-01,2022,2,job training,Economic Empowerment,Northeast,MA,174,160,11134.99,7145.54,256.9,18,3.78,76.5,Active
282,2022-09-01,2022,9,Healthcare Access,Health,Northeast,PA,290,299,15648.52,14570.58,142.0,15,3.89,77.91,Active
853,2024-02-01,2024,2,Healthcare Access,Health,South,TX,201,211,14665.32,10641.73,352.1,25,4.06,79.46,Completed
779,2023-11-01,2023,11,Healthcare Access,Health,West,AZ,323,270,20199.12,16550.9,253.5,32,4.58,72.09,Active
1108,2024-09-01,2024,9,Community Outreach,Community,North East,MA,185,150,11697.06,7000.83,167.3,17,4.19,56.74,Active
239,2022-08-01,2022,8,Education Support,Education,Northeast,PA,347,283,18542.14,12373.6,197.1,20,5.0,97.85,Paused
224,2022-07-01,2022,7,Healthcare Access,Health,South,TX,239,240,17353.75,12230.65,282.7,22,3.61,75.92,Active
146,2022-05-01,2022,5,YOUTH DEVELOPMENT,Education,Midwest,OH,217,183,9357.32,5759.06,358.8,23,5.0,86.51,Active
1536,2025-10-01,2025,10,Community Outreach,Community,West,AZ,246,283,16760.41,14362.35,220.3,20,4.49,58.66,Active
374,2022-11-01,2022,11,Community Outreach,Community,Midwest,MI,99,102,7203.75,5686.19,93.2,6,5.0,74.82,Completed
1343,2025-04-01,2025,4,Healthcare Access,Health,South,GA,452,447,30837.55,19566.76,463.4,47,,71.86,Completed
119,2022-04-01,2022,4,Community Outreach,Community,Midwest,IL,212,174,15636.06,11114.26,171.8,17,4.27,72.82,Active
1231,2025-01-01,2025,1,Community Outreach,Community,South,GA,203,196,11260.01,7373.78,133.6,15,4.5,72.01,Paused
1227,2025-01-01,2025,1,Housing Support,Basic Needs,Northeast,NY,162,156,11021.05,7822.79,184.5,15,4.29,69.64,Active
251,2022-08-01,2022,8,community outreach,Community,West,CA,132,123,8665.82,6492.46,60.2,6,4.38,63.46,Active
1586,2025-11-01,2025,11,Education Support,Education,Northeast,NY,480,554,26485.64,16481.41,417.5,31,3.41,78.88,Active
1320,2025-03-01,2025,3,Community Outreach,Community,South,TX,145,174,11290.12,7096.32,114.9,13,4.33,80.91,Completed
1095,2024-09-01,2024,9,Education  Support,Education,West,CA,408,388,24019.0,21783.44,,30,4.59,91.69,Active
10,2022-01-01,2022,1,Education Support,Education,Midwest,IL,456,300,21594.84,18618.86,341.3,39,4.56,64.1,Active
450,2023-02-01,2023,2,Job Training,Economic Empowerment,West,WA,275,341,20917.78,18713.97,204.3,17,,70.18,Active
1600,2025-12-01,2025,12,Youth Development,Education,South,GA,457,651,26172.18,20478.37,229.6,29,3.53,94.86,Active
1041,2024-07-01,2024,7,Healthcare Access,Health,North East,NY,177,234,12658.56,11951.49,204.9,15,4.38,73.05,Paused
709,2023-09-01,2023,9,Community Outreach,Community,South,GA,123,142,9576.18,8155.64,77.0,6,5.0,70.37,Paused
256,2022-08-01,2022,8,Housing Support,Basic Needs,Midwest,MI,155,151,10788.91,8579.72,123.0,10,4.35,67.93,Active
883,2024-02-01,2024,2,Food Assistance,Basic Needs,west,AZ,522,701,30217.76,25645.68,659.6,60,4.17,78.94,Completed
594,2023-06-01,2023,6,Job Training,Economic Empowerment,,NY,271,290,17537.73,11774.61,175.4,18,4.9,69.95,Completed
390,2022-12-01,2022,12,Community Outreach,Community,West,CA,136,151,10215.13,8224.68,83.7,11,4.85,83.24,Paused
1290,2025-02-01,2025,2,Food Assistance,Basic Needs,South,TX,580,552,30489.94,26573.21,335.7,63,5.0,94.48,Paused
1312,2025-03-01,2025,3,Housing Support,Basic Needs,Midwest,MI,208,187,15146.77,11943.19,101.3,13,4.03,65.92,Active
558,2023-05-01,2023,5,Housing Support,Basic Needs,South,FL,154,126,12120.43,10256.37,240.1,17,4.73,77.3,Paused
909,2024-03-01,2024,3,Job Training,Economic Empowerment,Northeast,MA,231,273,15651.78,12331.16,148.3,20,3.64,73.89,Paused
925,2024-04-01,2024,4,Community Outreach,Community,South,GA,155,164,10408.47,6207.85,167.6,17,4.55,80.92,Active
1459,2025-07-01,2025,7,Housing Support,Basic Needs,South,GA,223,262,16193.33,11758.42,95.2,18,3.63,68.06,Active
1520,2025-09-01,2025,9,Food Assistance,Basic Needs,South,GA,511,590,34086.89,23349.0,495.9,44,4.2,79.36,Active
461,2023-02-01,2023,2,Community Outreach,Community,Northeast,PA,150,162,10120.06,9137.62,103.2,14,5.0,72.12,Active
724,2023-10-01,2023,10,Youth Development,Education,Northeast,PA,304,314,15583.6,15181.93,136.3,14,3.82,61.95,Completed
1048,2024-07-01,2024,7,Youth Development,Education,Midwest,MI,218,255,13467.77,10815.57,195.1,19,4.59,91.94,Completed
1627,2025-12-01,2025,12,Education Support,Education,WEST,CA,489,593,28669.22,19501.5,400.8,28,4.22,69.51,Active
145,2022-05-01,2022,5,Community Outreach,Community,West,AZ,131,170,10035.75,8841.31,136.2,9,4.82,67.4,Active
959,2024-05-01,2024,5,Youth Development,Education,Northeast,NY,450,403,22903.93,16756.47,347.7,37,4.89,65.88,Paused
502,2023-03-01,2023,3,Food Assistance,Basic Needs,West,AZ,509,536,27306.41,17460.91,319.9,32,4.46,73.37,Completed
923,2024-04-01,2024,4,Housing  Support,Basic Needs,Midwest,MI,299,340,18438.16,15113.84,325.1,31,4.21,61.63,Paused
1197,2024-12-01,2024,12,Housing Support,Basic Needs,NORTHEAST,NY,313,311,21738.32,15736.17,60.6,23,4.53,61.24,Active
740,2023-10-01,2023,10,Housing Support,Basic Needs,West,WA,259,263,16332.0,11279.67,125.2,26,4.64,59.21,Active
1519,2025-09-01,2025,9,Community Outreach,Community,Northeast,MA,190,230,11287.85,9724.12,101.6,15,3.39,67.9,Paused
869,2024-02-01,2024,2,Youth Development,Education,South,GA,285,221,13824.89,12025.05,247.6,22,3.95,91.37,Active
732,2023-10-01,2023,10,Food Assistance,Basic Needs,South,TX,335,364,20735.88,15198.98,225.7,32,3.87,63.61,Active
540,2023-04-01,2023,4,Healthcare Access,Health,Midwest,IL,401,396,23004.54,20257.63,295.7,24,4.52,72.31,Active
178,2022-06-01,2022,6,Job Training,Economic Empowerment,West,CA,210,269,12729.31,10575.3,243.6,20,4.24,65.29,Active
1588,2025-11-01,2025,11,Healthcare Access,Health,North East,PA,437,368,26636.2,19380.92,376.7,35,4.0,68.85,Active
698,2023-09-01,2023,9,Healthcare Access,Health,South,TX,262,222,15391.83,12029.77,385.8,32,5.0,78.13,Active
1532,2025-10-01,2025,10,Healthcare Access,Health,South,FL,356,423,22048.93,14338.06,547.1,47,3.69,69.33,Paused
1143,2024-10-01,2024,10,Health Care Access,Health,West,CA,345,331,18408.9,15824.92,262.7,29,4.56,71.87,Completed
1129,2024-10-01,2024,10,Community Outreach,Community,northeast,NY,194,191,11540.47,10238.33,132.6,17,4.37,68.08,Active
373,2022-11-01,2022,11,Education Support,Education,Northeast,NY,386,437,24138.14,19310.06,431.2,34,4.85,82.31,Active
668,2023-08-01,2023,8,Education Support,Education,Midwest,OH,298,297,18536.05,15886.88,190.3,18,3.75,75.51,Active
1256,2025-01-01,2025,1,Community outreach,Community,Midwest,MI,218,220,14374.26,11390.72,137.2,14,4.58,71.68,Active
358,2022-11-01,2022,11,Youth Development,Education,South,TX,237,291,13401.22,10713.08,182.1,17,4.05,87.45,Active
968,2024-05-01,2024,5,Education Support,Education,Northeast,PA,708,766,37512.81,31567.65,631.3,69,4.24,84.8,Active
784,2023-12-01,2023,12,Housing Support,Basic Needs,South,FL,200,212,13004.35,11403.21,225.4,21,4.19,73.93,Paused
736,2023-10-01,2023,10,Youth Development,Education,Northeast,NY,193,222,9066.54,5711.49,136.8,10,4.22,75.33,Active
971,2024-05-01,2024,5,Job Training,Economic Empowerment,West,AZ,330,296,18977.25,15954.72,358.1,38,5.0,58.21,Active
1462,2025-07-01,2025,7,Youth Development,Education,West,WA,380,366,18037.77,17248.57,358.1,43,4.32,73.89,Active
1229,2025-01-01,2025,1,Community Outreach,Community,Midwest,IL,173,138,13615.79,9802.35,125.9,16,3.92,63.48,Active
1224,2024-12-01,2024,12,Food Assistance,Basic Needs,South,GA,374,404,21089.06,19984.95,152.0,19,4.86,80.68,Active
1399,2025-06-01,2025,6,Job Training,Economic Empowerment,Northeast,PA,200,240,14312.82,11949.0,103.7,20,4.34,69.76,Completed
1419,2025-06-01,2025,6,Food Assistance,Basic Needs,South,FL,522,527,31877.86,29150.02,597.7,59,3.89,82.31,Active
886,2024-03-01,2024,3,Community Outreach,Community,South,FL,262,244,14631.44,10458.72,84.8,20,4.44,54.91,Paused
80,2022-03-01,2022,3,Housing Support,Basic Needs,West,WA,207,186,14427.64,8865.99,203.3,21,3.77,57.64,Active
815,2023-12-01,2023,12,Education Support,Education,MIDWEST,OH,330,354,19291.31,13689.67,384.6,39,3.3,82.71,Active
1321,2025-03-01,2025,3,Housing Support,Basic Needs,West,CA,275,290,16960.82,12971.61,212.3,36,4.93,73.25,Active
672,2023-08-01,2023,8,Job Training,Economic Empowerment,West,CA,216,187,11335.72,7565.93,121.3,13,4.6,77.92,Paused
1262,2025-02-01,2025,2,Food Assistance,Basic Needs,West,WA,791,778,38660.51,25751.53,176.2,25,4.44,90.79,Paused
58,2022-02-01,2022,2,Community Outreach,Community,South,FL,157,152,11509.22,7598.53,191.8,20,4.07,71.71,Paused
134,2022-04-01,2022,4,Healthcare Access,Health,Midwest,IL,264,226,18282.84,16382.94,197.0,19,4.43,78.82,Active
934,2024-04-01,2024,4,Community Outreach,Community,WEST,AZ,262,262,18786.33,13963.44,221.1,20,4.81,67.55,Active
1579,2025-11-01,2025,11,Food Assistance,Basic Needs,Midwest,MI,314,324,17203.77,12840.54,165.7,28,5.0,77.18,Completed
824,2024-01-01,2024,1,Housing Support,Basic Needs,Northeast,NY,324,410,21161.35,15955.58,213.6,21,4.25,58.58,Active
505,2023-03-01,2023,3,Youth development,Education,South,FL,183,170,15257.76,13360.77,152.1,17,4.54,76.49,Active
1461,2025-07-01,2025,7,Food Assistance,Basic Needs,Midwest,OH,408,548,24392.13,19215.97,473.8,44,4.99,55.6,Paused
348,2022-11-01,2022,11,education support,Education,Midwest,IL,324,337,18758.2,15530.74,259.9,33,3.98,71.66,Paused
387,2022-12-01,2022,12,HOUSING SUPPORT,Basic Needs,West,CA,135,105,8758.82,7497.3,116.0,11,3.96,78.24,Active
1025,2024-07-01,2024,7,Food Assistance,Basic Needs,West,AZ,480,512,27416.31,24121.47,675.9,46,5.0,78.64,Completed
895,2024-03-01,2024,3,Food Assistance,Basic Needs,Midwest,IL,507,503,27080.93,15513.65,415.9,55,4.11,74.78,Completed
829,2024-01-01,2024,1,Housing Support,Basic Needs,Northeast,NY,165,182,14505.75,13425.7,127.2,12,3.65,71.66,Active
1554,2025-10-01,2025,10,Youth Development,Education,Northeast,NY,292,275,17289.4,13632.77,202.8,23,5.0,94.3,Active
476,2023-02-01,2023,2,Healthcare Access,Health,Northeast,PA,213,185,15843.98,12610.96,151.0,14,4.47,59.25,Active
1147,2024-10-01,2024,10,Community Outreach,Community,NORTHEAST,NY,194,172,12004.6,9417.09,125.8,19,4.88,66.98,Active
653,2023-08-01,2023,8,Housing Support,Basic Needs,Northeast,PA,199,194,14014.81,9251.25,228.8,24,4.25,60.57,Paused
173,2022-06-01,2022,6,Housing Support,Basic Needs,SOUTH,TX,202,194,,11430.07,165.6,20,5.0,63.15,Paused
39,2022-02-01,2022,2,Food Assistance,Basic Needs,West,WA,479,595,27279.36,19664.13,404.8,45,4.39,86.79,Active
714,2023-09-01,2023,9,housing support,Basic Needs,MIDWEST,MI,139,166,12311.36,9970.72,128.2,9,4.39,59.71,Paused
91,2022-03-01,2022,3,Community Outreach,Community,West,AZ,155,131,12538.2,10711.72,117.5,13,4.39,72.78,Completed
1592,2025-11-01,2025,11,Education Support,Education,West,WA,459,361,24602.27,20593.54,350.4,24,4.34,78.52,Active
876,2024-02-01,2024,2,Youth Development,Education,Northeast,PA,334,387,23305.38,17633.49,377.6,33,5.0,92.83,Active
1106,2024-09-01,2024,9,Education Support,Education,West,CA,364,378,18861.9,14170.74,260.0,34,4.37,80.97,Active
1117,2024-09-01,2024,9,Healthcare Access,Health,Northeast,NY,260,259,15394.77,12280.04,154.7,22,4.73,74.61,Active
1610,2025-12-01,2025,12,healthcare access,Health,South,FL,391,336,23250.77,15071.61,173.2,15,4.82,81.75,Active
500,2023-03-01,2023,3,Housing Support,Basic Needs,Midwest,MI,170,126,10335.08,8090.78,60.9,7,5.0,70.89,Completed
339,2022-10-01,2022,10,Youth Development,Education,South,FL,317,340,15461.06,12096.59,321.8,24,4.18,94.26,Completed
29,2022-01-01,2022,1,Youth Development,Education,West,CA,321,340,15565.04,10463.22,246.4,22,4.22,83.73,Active
1086,2024-08-01,2024,8,youth development,Education,Northeast,PA,253,202,13691.45,11817.38,268.3,26,4.04,93.04,Active
1495,2025-08-01,2025,8,Youth Development,Education,West,WA,199,184,17019.62,12439.73,230.8,22,4.17,90.53,Active
946,2024-04-01,2024,4,Food Assistance,Basic Needs,Midwest,MI,345,413,23000.53,19947.87,161.1,31,4.33,68.2,Active
170,2022-05-01,2022,5,Healthcare Access,Health,South,FL,377,363,20742.06,10804.45,282.9,27,3.78,76.47,Active
913,2024-03-01,2024,3,Food Assistance,Basic Needs,West,AZ,414,390,27382.4,24429.2,238.2,29,4.29,80.71,Completed
492,2023-03-01,2023,3,EDUCATION SUPPORT ,Education,West,CA,351,404,19371.14,18069.46,410.5,36,4.55,83.11,Completed
954,2024-05-01,2024,5,education support,Education,Northeast,NY,736,894,37565.37,31149.18,388.0,37,5.0,73.17,Active
1033,2024-07-01,2024,7,Youth Development,Education,Midwest,MI,402,403,21456.87,17313.15,400.1,29,4.46,81.31,Active
588,2023-06-01,2023,6,Youth Development,Education,West,CA,401,429,19102.63,14003.89,147.2,25,4.85,86.62,Active
751,2023-11-01,2023,11,Job Training,Economic Empowerment,Midwest,MI,153,139,10335.17,7495.07,139.1,12,4.26,59.31,Active
658,2023-08-01,2023,8,Education Support,Education,Northeast,NY,306,247,18903.81,18568.44,249.2,33,4.64,83.34,Paused
235,2022-07-01,2022,7,Housing Support,Basic Needs,WEST,AZ,200,249,12113.9,11139.56,125.7,14,3.59,61.55,Paused
733,2023-10-01,2023,10,Community Outreach,Community,Northeast,PA,93,93,6389.73,4580.52,125.7,10,4.23,55.65,Active
1205,2024-12-01,2024,12,Job Training,Economic Empowerment,South,FL,203,211,13831.6,8842.93,225.1,17,4.13,70.07,Active
1342,2025-04-01,2025,4,Healthcare Access,Health,midwest,MI,206,168,14250.25,11595.02,122.3,15,4.01,49.14,Paused
935,2024-04-01,2024,4,Youth Development,Education,Northeast,PA,334,346,15874.76,15129.16,119.9,12,5.0,79.17,Active
1066,2024-08-01,2024,8,Food Assistance,Basic Needs,Northeast,NY,454,443,25577.7,17351.92,,21,4.35,79.7,Active
109,2022-04-01,2022,4,Community Outreach,Community,South,GA,155,169,10440.88,8493.09,217.9,15,4.3,63.61,Active
1271,2025-02-01,2025,2,JOB TRAINING,Economic Empowerment,West,WA,195,213,12414.08,9556.29,64.5,6,5.0,72.93,Active
569,2023-05-01,2023,5,Food assistance,Basic Needs,Northeast,PA,565,585,30481.1,23600.33,464.0,52,5.0,84.71,Active
891,2024-03-01,2024,3,JOB TRAINING,Economic Empowerment,South,TX,213,208,14816.44,11490.73,112.0,24,4.42,77.0,Completed
948,2024-04-01,2024,4,Education Support,Education,South,TX,283,273,15980.41,10181.27,346.2,31,4.51,90.91,Active
1049,2024-07-01,2024,7,Community Outreach,Community,Midwest,OH,156,202,12166.02,9940.05,70.0,11,4.56,69.06,Completed
1107,2024-09-01,2024,9,Education Support,Education,Northeast,MA,378,503,19667.96,13857.46,80.9,18,4.45,74.69,Completed
1346,2025-04-01,2025,4,Community Outreach,Community,west,CA,278,279,16998.6,15980.22,378.6,32,3.02,82.63,Active
885,2024-03-01,2024,3,Healthcare Access,Health,Northeast,MA,329,382,17295.5,15660.24,483.4,33,4.7,73.75,Active
1382,2025-05-01,2025,5,Healthcare Access,Health,Northeast,NY,476,603,22648.94,13878.36,418.1,44,4.82,69.04,Completed
851,2024-02-01,2024,2,Community Outreach,Community,midwest,OH,156,109,11287.71,10692.7,91.8,10,3.97,75.56,Active
735,2023-10-01,2023,10,Healthcare Access,Health,South,TX,281,349,18908.24,12895.3,146.3,14,4.08,77.57,Completed
718,2023-10-01,2023,10,Community Outreach,Community,Northeast,PA,214,205,11764.88,9293.0,133.4,19,4.39,58.27,Active
455,2023-02-01,2023,2,Job Training,Economic Empowerment,West,WA,247,275,14158.44,11421.35,198.1,19,4.35,75.66,Active
265,2022-08-01,2022,8,Job Training,Economic Empowerment,Midwest,MI,163,189,11593.58,8447.99,91.2,13,3.25,70.47,Active
76,2022-03-01,2022,3,Housing Support,Basic Needs,Midwest,MI,227,268,16873.43,15448.7,298.0,21,4.0,58.04,Active
445,2023-02-01,2023,2,Community Outreach,Community,West,AZ,273,211,13465.1,10459.31,255.0,26,4.33,59.61,Active
396,2022-12-01,2022,12,job training,Economic Empowerment,Northeast,PA,189,185,11224.45,7975.42,56.3,11,4.23,73.26,Active
177,2022-06-01,2022,6,Education Support,Education,South,FL,336,420,19497.69,16292.72,462.3,31,4.23,87.42,Active
1043,2024-07-01,2024,7,Job Training,Economic Empowerment,West,WA,154,165,11460.17,8742.67,123.0,13,5.0,61.36,Completed
1432,2025-07-01,2025,7,food assistance,Basic Needs,South,TX,482,464,34821.11,24181.43,152.2,22,5.0,82.88,Active
1150,2024-10-01,2024,10,Food Assistance,Basic Needs,West,WA,536,482,29670.92,18604.41,808.2,62,3.37,74.33,Paused
1132,2024-10-01,2024,10,Food Assistance,Basic Needs,Midwest,MI,495,551,25771.22,17192.92,355.1,41,3.71,72.48,Completed
596,2023-06-01,2023,6,Youth Development,Education,Midwest,OH,266,306,13496.42,11045.74,172.1,17,,79.98,Active
62,2022-02-01,2022,2,Health Care Access,Health,West,AZ,470,493,25498.58,23662.54,293.9,40,5.0,79.31,Completed
873,2024-02-01,2024,2,Healthcare Access,Health,midwest,MI,448,575,23999.18,14035.67,319.3,25,4.33,69.63,Completed
1223,2024-12-01,2024,12,Youth Development,Education,Midwest,OH,374,440,20145.01,16455.45,341.0,28,4.05,84.59,Active
1544,2025-10-01,2025,10,Community Outreach,Community,South,GA,175,189,10205.49,7914.31,73.3,12,4.09,67.36,Active
279,2022-09-01,2022,9,Healthcare Access,Health,Northeast,PA,276,349,14306.43,10300.02,144.2,12,4.14,81.33,Active
37,2022-02-01,2022,2,Food Assistance,Basic Needs,South,GA,461,470,,21020.3,383.6,33,4.65,72.46,Active
663,2023-08-01,2023,8,Housing Support,Basic Needs,South,FL,223,257,13508.08,10912.91,156.9,18,4.74,72.43,Active
1484,2025-08-01,2025,8,Job Training,Economic Empowerment,West,WA,191,199,13827.0,7709.41,180.7,17,5.0,70.45,Active
1287,2025-02-01,2025,2,Housing Support,Basic Needs,Northeast,NY,224,202,16268.8,10425.07,136.0,15,4.4,65.83,Paused
978,2024-05-01,2024,5,Youth Development,Education,South,TX,287,282,17675.34,14200.83,314.1,27,4.33,84.27,Active
1555,2025-10-01,2025,10,JOB TRAINING,Economic Empowerment,West,CA,169,158,10135.15,7653.81,134.5,15,4.51,77.38,Active
739,2023-10-01,2023,10,Food Assistance,Basic Needs,West,WA,345,353,20859.85,10222.34,297.1,41,4.72,77.31,Active
192,2022-06-01,2022,6,Community Outreach,Community,West,CA,133,142,9849.68,5940.89,109.6,12,4.17,57.24,Completed
920,2024-04-01,2024,4,Community Outreach,Community,Midwest,OH,220,274,12380.76,10726.78,178.4,20,3.84,85.55,Active
457,2023-02-01,2023,2,Job Training,Economic Empowerment,Midwest,MI,256,284,16870.16,14087.93,178.5,24,4.48,74.91,Active
676,2023-08-01,2023,8,Housing Support,Basic Needs,Northeast,MA,151,171,10470.12,8262.07,95.2,10,3.66,77.2,Active
761,2023-11-01,2023,11,Job Training,Economic Empowerment,Northeast,PA,275,339,16531.23,13115.81,190.7,22,4.27,59.62,Active
1490,2025-08-01,2025,8,Healthcare Access,Health,West,CA,303,268,19891.66,16031.88,348.1,30,4.71,71.02,Paused
729,2023-10-01,2023,10,job training,Economic Empowerment,South,TX,142,147,11094.07,8691.51,154.9,12,4.3,71.04,Paused
413,2023-01-01,2023,1,housing support,Basic Needs,West,AZ,267,234,19928.5,17810.73,171.7,24,4.45,59.79,Active
1099,2024-09-01,2024,9,Healthcare Access,Health,Midwest,OH,252,288,14719.69,11041.14,193.1,25,3.5,71.61,Paused
826,2024-01-01,2024,1,Housing Support,Basic Needs,South,FL,192,228,12626.47,10381.13,83.9,16,3.99,69.5,Paused
617,2023-07-01,2023,7,Community Outreach,Community,West,AZ,130,158,8506.72,4771.2,184.6,15,4.17,74.35,Paused
115,2022-04-01,2022,4,Community Outreach,Community,Northeast,NY,227,235,12262.09,9906.57,219.3,22,4.18,71.55,Active
418,2023-01-01,2023,1,Healthcare Access,Health,Northeast,NY,252,284,15393.74,14772.39,222.3,25,3.99,84.84,Completed
1568,2025-11-01,2025,11,Healthcare Access,Health,Midwest,OH,414,365,23887.99,16880.71,207.6,27,4.3,72.87,Completed
970,2024-05-01,2024,5,Job Training,Economic Empowerment,West,WA,257,272,17584.44,13936.63,244.7,16,3.77,61.62,Active
605,2023-06-01,2023,6,Youth Development,Education,West,CA,379,289,19347.32,15270.8,212.9,28,5.0,76.77,Active
1574,2025-11-01,2025,11,Community Outreach,Community,Midwest,IL,174,220,11121.11,8975.31,96.9,9,3.86,81.25,Paused
90,2022-03-01,2022,3,Housing Support,Basic Needs,West,CA,212,221,13393.43,11924.58,177.8,18,4.19,67.54,Active
849,2024-01-01,2024,1,Education Support,Education,Midwest,IL,478,572,28318.82,18882.57,325.3,29,4.48,76.37,Active
1464,2025-08-01,2025,8,Healthcare Access,Health,Northeast,NY,405,379,22271.81,18758.16,397.9,43,5.0,75.35,Active
1573,2025-11-01,2025,11,Community Outreach,Community,West,AZ,252,217,16292.98,10847.89,196.0,23,4.34,82.9,Active
754,2023-11-01,2023,11,Community Outreach,Community,North East,PA,165,200,10447.01,6574.79,56.2,7,3.64,66.6,Active
499,2023-03-01,2023,3,Education Support,Education,Northeast,NY,342,387,25666.71,18612.99,317.7,42,3.76,76.23,Active
12,2022-01-01,2022,1,Job Training,Economic Empowerment,Northeast,PA,203,216,11968.43,10494.69,,14,4.23,60.29,Completed
397,2022-12-01,2022,12,Food Assistance,Basic Needs,South,GA,408,371,24761.72,20820.26,263.1,23,4.04,71.98,Active
285,2022-09-01,2022,9,Job Training,Economic Empowerment,west,WA,160,142,9960.74,6687.82,106.0,16,4.71,75.7,Active
1067,2024-08-01,2024,8,Housing Support,Basic Needs,West,CA,242,222,16905.21,10747.13,298.0,23,4.92,73.68,Paused
691,2023-09-01,2023,9,Healthcare Access,Health,South,GA,232,270,15146.82,10883.69,119.6,15,4.95,75.1,Active
1345,2025-04-01,2025,4,Healthcare Access,Health,Midwest,OH,208,200,14437.08,11255.9,156.3,17,4.63,67.77,Active
1541,2025-10-01,2025,10,Education Support,Education,South,TX,509,383,26073.24,19259.16,529.7,52,3.98,60.56,Active
690,2023-09-01,2023,9,Housing Support,Basic Needs,West,AZ,228,280,14628.0,9187.89,232.4,21,3.79,55.98,Completed
852,2024-02-01,2024,2,HOUSING SUPPORT,Basic Needs,Northeast,PA,202,225,15865.66,10100.51,55.0,13,3.71,69.43,Completed
160,2022-05-01,2022,5,Healthcare Access,Health,South,FL,243,299,15183.95,12058.66,335.5,32,4.54,72.53,Completed
896,2024-03-01,2024,3,Housing Support,Basic Needs,Northeast,NY,271,307,18070.12,11674.22,165.8,18,5.0,67.09,Active
1299,2025-03-01,2025,3,Job  Training,Economic Empowerment,West,WA,254,220,16149.62,11931.46,339.4,31,3.29,81.73,Paused
258,2022-08-01,2022,8,Healthcare Access,Health,West,AZ,277,302,15031.82,12015.82,256.4,28,4.63,74.17,Paused
336,2022-10-01,2022,10,Housing Support,Basic Needs,Midwest,OH,202,202,13838.26,11806.63,185.2,18,4.56,55.72,Paused
1545,2025-10-01,2025,10,healthcare access,Health,SOUTH,FL,190,226,11693.5,9784.21,134.6,14,4.2,76.19,Active
1040,2024-07-01,2024,7,FOOD ASSISTANCE,Basic Needs,West,CA,451,532,28980.43,24833.73,417.7,36,4.12,74.06,Active
516,2023-04-01,2023,4,Education Support,Education,Midwest,IL,378,451,21635.11,17324.54,229.9,34,4.12,94.39,Active
1016,2024-06-01,2024,6,Food Assistance,Basic Needs,,CA,524,583,35231.72,27431.52,468.5,40,4.89,70.43,Active
769,2023-11-01,2023,11,Community Outreach,Community,Northeast,NY,186,197,12259.07,9106.3,101.4,10,5.0,62.93,Active
1440,2025-07-01,2025,7,Community Outreach,Community,South,GA,145,151,11191.84,10445.36,126.1,11,4.76,67.73,Paused
762,2023-11-01,2023,11,Food Assistance,Basic Needs,WEST,AZ,467,543,27085.02,21379.63,,37,4.52,83.91,Paused
1203,2024-12-01,2024,12,Community Outreach,Community,Northeast,PA,198,238,14817.75,10597.84,148.1,18,4.46,77.14,Active
675,2023-08-01,2023,8,Housing Support,Basic Needs,West,CA,209,175,13563.9,11669.23,204.0,18,3.5,70.49,Active
522,2023-04-01,2023,4,Community Outreach,Community,Midwest,OH,212,174,,11401.3,113.4,16,4.3,73.93,Active
23,2022-01-01,2022,1,food assistance,Basic Needs,Northeast,PA,540,546,26521.93,27901.51,382.6,52,4.01,81.86,Active
357,2022-11-01,2022,11,COMMUNITY OUTREACH,Community,Midwest,IL,133,129,9137.38,7888.6,80.4,8,4.93,65.89,Paused
1390,2025-05-01,2025,5,Community Outreach,Community,West,AZ,210,217,14144.78,11724.91,176.9,19,4.87,77.76,Active
341,2022-11-01,2022,11,Healthcare Access,Health,South,FL,362,323,23114.9,21454.47,427.9,45,4.91,85.73,Active
432,2023-01-01,2023,1,Community Outreach,Community,West,CA,168,164,11392.52,7456.25,113.4,14,3.06,86.42,Active
474,2023-02-01,2023,2,Community Outreach,Community,West,AZ,200,219,13733.52,9496.39,216.9,17,4.64,66.7,Completed
218,2022-07-01,2022,7,Youth Development,Education,Northeast,NY,198,236,12471.09,11860.77,145.2,16,4.58,91.3,Active
912,2024-03-01,2024,3,Job Training,Economic Empowerment,south,TX,297,180,18576.36,13297.47,148.1,21,4.46,68.65,Active
1316,2025-03-01,2025,3,YOUTH DEVELOPMENT,Education,West,CA,379,290,20461.04,15832.48,306.4,33,4.29,74.43,Active
1012,2024-06-01,2024,6,Community Outreach,Community,Midwest,OH,197,176,13521.02,11690.43,132.4,16,4.4,91.09,Active
1603,2025-12-01,2025,12,Job Training,Economic Empowerment,South,FL,271,239,15895.04,14406.53,238.5,31,4.5,77.14,Completed
94,2022-03-01,2022,3,Education Support,Education,West,AZ,404,436,24891.68,17535.23,173.5,29,4.1,69.19,Paused
1009,2024-06-01,2024,6,Housing Support,Basic Needs,South,GA,201,246,13175.41,11496.44,146.1,17,4.78,73.4,Paused
1071,2024-08-01,2024,8,Education Support,Education,Northeast,PA,393,467,20348.59,-16296.15,124.1,13,5.0,84.22,Active
1093,2024-09-01,2024,9,Community Outreach,Community,Northeast,MA,177,225,11695.6,7388.81,159.6,12,4.44,77.08,Active
697,2023-09-01,2023,9,Job Training,Economic Empowerment,Northeast,NY,181,190,12849.29,9337.46,119.9,14,,56.34,Active
1473,2025-08-01,2025,8,Housing Support,Basic Needs,,AZ,170,170,11351.49,7898.03,111.6,14,3.53,64.47,Active
997,2024-06-01,2024,6,Community Outreach,Community,South,GA,205,264,11615.17,9808.65,115.1,14,4.42,72.57,Active
154,2022-05-01,2022,5,youth development,Education,West,WA,295,312,16442.69,12583.58,465.8,31,4.3,71.04,Active
1100,2024-09-01,2024,9,Youth Development,Education,Midwest,MI,301,264,17105.3,10236.41,258.4,22,5.0,91.5,Paused
1421,2025-06-01,2025,6,healthcare access,Health,South,GA,428,394,27661.54,21845.67,378.2,34,4.25,88.75,Active
1602,2025-12-01,2025,12,Youth Development,Education,midwest,IL,350,443,18683.57,14006.9,339.5,30,4.8,77.08,Completed
790,2023-12-01,2023,12,Education Support,Education,Northeast,PA,331,402,17367.8,14791.01,359.8,44,4.95,79.15,Active
581,2023-06-01,2023,6,Community Outreach,Community,Midwest,IL,211,214,13372.97,12288.45,270.8,20,3.75,69.72,Active
704,2023-09-01,2023,9,Community Outreach,Community,Midwest,MI,211,232,13739.92,12025.84,145.8,14,4.05,76.92,Active
1376,2025-05-01,2025,5,Education Support,Education,Midwest,MI,397,483,21235.75,18167.58,376.8,42,4.31,74.1,Completed
488,2023-03-01,2023,3,Job Training,Economic Empowerment,South,TX,325,362,18723.3,15314.99,211.0,23,5.0,64.46,Paused
560,2023-05-01,2023,5,Healthcare Access,Health,Northeast,MA,447,526,25169.98,20926.48,375.9,33,3.82,83.43,Paused
1142,2024-10-01,2024,10,Food Assistance,Basic Needs,WEST,WA,571,704,29442.24,28893.3,509.2,50,3.81,73.75,Paused
1120,2024-09-01,2024,9,Food Assistance,Basic Needs,West,CA,354,357,21864.61,19351.87,180.7,21,4.92,75.6,Active
802,2023-12-01,2023,12,Food Assistance,Basic Needs,Midwest,IL,444,495,25071.58,19309.35,206.6,20,4.66,72.56,Paused
513,2023-04-01,2023,4,Youth Development,Education,Midwest,OH,356,367,21048.98,16570.34,143.5,19,5.0,89.09,Active
634,2023-07-01,2023,7,Food Assistance,Basic Needs,South,GA,496,523,29316.11,27579.36,419.1,41,3.96,76.24,Active
1212,2024-12-01,2024,12,Youth Development,Education,West,CA,353,396,18730.66,14044.63,428.7,48,4.44,75.62,Paused
1469,2025-08-01,2025,8,EDUCATION SUPPORT ,Education,West,CA,518,576,27129.53,12929.96,246.6,46,4.81,91.8,Active
1151,2024-10-01,2024,10,Healthcare Access,Health,South,GA,389,380,24784.77,18631.3,120.5,23,4.92,60.26,Paused
791,2023-12-01,2023,12,Youth Development,Education,south,GA,389,386,21380.34,19469.09,167.1,28,4.32,86.95,Active
117,2022-04-01,2022,4,Job Training,Economic Empowerment,South,GA,279,270,17549.29,16989.75,60.0,15,4.61,67.98,Completed
741,2023-10-01,2023,10,Education Support,Education,Midwest,MI,453,519,25022.79,19722.93,154.3,21,4.82,81.33,Paused
1082,2024-08-01,2024,8,Job Training,Economic Empowerment,West,AZ,193,171,13943.54,11658.85,164.8,18,4.76,62.61,Active
831,2024-01-01,2024,1,Food Assistance,Basic Needs,South,GA,519,479,24621.58,17556.57,461.9,33,4.74,70.51,Completed
120,2022-04-01,2022,4,Youth Development,Education,South,TX,292,303,13637.42,12160.89,276.7,26,4.8,85.58,Active
657,2023-08-01,2023,8,Youth development,Education,West,CA,351,318,18337.77,13315.83,150.6,26,4.18,72.93,Completed
1565,2025-11-01,2025,11,Youth Development,Education,Midwest,OH,358,367,17866.84,13830.85,487.3,33,4.95,81.29,Active
636,2023-07-01,2023,7,Food Assistance,Basic Needs,Northeast,PA,374,397,21231.1,14290.11,597.2,39,4.48,82.04,Active
370,2022-11-01,2022,11,Food Assistance,Basic Needs,West,WA,532,483,25950.98,24776.34,490.0,55,5.0,69.15,Paused
269,2022-08-01,2022,8,Education Support,Education,Midwest,MI,380,308,18147.7,12651.67,167.2,31,,93.29,Active
656,2023-08-01,2023,8,Community Outreach,Community,Midwest,OH,146,170,10458.27,8841.87,142.0,15,4.11,57.53,Completed
936,2024-04-01,2024,4,Education Support,Education,Midwest,MI,461,445,25032.48,18744.14,277.6,35,5.0,83.69,Paused
823,2024-01-01,2024,1,Food Assistance,Basic Needs,Midwest,MI,416,453,27331.76,16417.98,323.6,32,4.37,65.65,Active
867,2024-02-01,2024,2,Food Assistance,Basic Needs,South,FL,474,442,31378.91,27152.69,398.0,42,4.89,81.84,Active
47,2022-02-01,2022,2,Healthcare Access,Health,Midwest,MI,301,317,19902.72,16515.28,404.5,34,5.0,68.86,Completed
1570,2025-11-01,2025,11,Healthcare Access,Health,West,AZ,415,409,23202.92,14628.98,331.8,35,3.95,63.39,Active
992,2024-06-01,2024,6,Community Outreach,Community,West,AZ,169,193,13235.46,12105.06,167.7,13,4.29,76.8,Active
877,2024-02-01,2024,2,Education Support,Education,Midwest,MI,676,739,32415.63,25388.52,781.8,69,4.38,83.24,Active
774,2023-11-01,2023,11,Education Support,Education,Northeast,PA,340,378,21004.63,18835.11,355.5,28,5.0,71.39,Paused
1220,2024-12-01,2024,12,Healthcare Access,Health,West,CA,292,287,16837.28,14895.45,239.6,29,4.39,70.59,Active
552,2023-05-01,2023,5,Youth Development,Education,West,AZ,406,386,20159.45,15601.24,81.4,25,4.64,86.87,Active
5,2022-01-01,2022,1,Housing Support,Basic Needs,South,TX,187,219,14140.56,9303.3,73.6,16,3.75,69.57,Active
1004,2024-06-01,2024,6,Food Assistance,Basic Needs,Mid West,MI,217,191,12717.89,9996.14,106.8,11,4.31,90.02,Completed
1423,2025-06-01,2025,6,Food Assistance,Basic Needs,Northeast,MA,604,687,31200.97,24513.69,528.2,56,3.85,66.63,Active
264,2022-08-01,2022,8,Community Outreach,Community,Midwest,IL,144,132,7752.72,6542.05,121.1,11,4.14,68.7,Active
1293,2025-03-01,2025,3,Healthcare Access,Health,Northeast,PA,417,405,20920.7,13959.78,139.4,31,4.16,67.25,Active
1504,2025-09-01,2025,9,Education Support,Education,Northeast,MA,511,450,27118.65,27792.78,332.4,28,4.71,70.61,Active
444,2023-02-01,2023,2,Job Training,Economic Empowerment,Midwest,OH,306,353,18450.13,17096.88,169.4,18,4.17,59.46,Active
1003,2024-06-01,2024,6,Youth Development,Education,West,WA,271,371,16312.83,14319.16,72.8,9,3.73,74.39,Paused
1078,2024-08-01,2024,8,Healthcare Access,Health,Midwest,OH,252,291,13931.87,13074.36,190.9,17,4.32,84.52,Active
838,2024-01-01,2024,1,Housing Support,Basic Needs,West,WA,333,293,19394.04,13529.6,328.8,36,3.35,56.8,Active
1471,2025-08-01,2025,8,Food Assistance,Basic Needs,West,WA,550,434,28892.26,22782.54,509.1,45,4.41,69.69,Active
305,2022-09-01,2022,9,Food Assistance,Basic Needs,south,FL,383,415,22583.85,16780.87,358.5,31,4.3,65.15,Active
1282,2025-02-01,2025,2,community outreach,Community,West,CA,259,250,16644.8,14638.06,181.9,24,4.4,59.19,Active
314,2022-10-01,2022,10,Healthcare Access,Health,MIDWEST,OH,199,297,13229.75,11965.89,68.1,11,4.67,79.38,Completed
150,2022-05-01,2022,5,Housing Support,Basic Needs,West,WA,198,161,12640.61,10416.46,174.1,16,4.45,78.91,Active
1149,2024-10-01,2024,10,Food Assistance,Basic Needs,West,AZ,445,353,25877.73,21198.26,486.9,36,4.07,63.53,Paused
1214,2024-12-01,2024,12,Youth Development,Education,West,WA,339,435,20626.78,18136.36,129.4,19,4.08,87.42,Active
575,2023-05-01,2023,5,Youth Development,Education,Midwest,MI,272,285,20175.58,16055.9,267.3,21,4.74,92.48,Paused
51,2022-02-01,2022,2,Youth Development,Education,South,FL,212,223,12550.96,9848.72,176.9,16,4.07,80.86,Completed
1279,2025-02-01,2025,2,education support,Education,West,WA,677,644,34290.14,27043.81,365.1,49,4.95,70.42,Completed
727,2023-10-01,2023,10,Housing Support,Basic Needs,Northeast,MA,291,354,19796.82,18296.1,192.3,26,,73.47,Active
834,2024-01-01,2024,1,Food Assistance,Basic Needs,West,AZ,412,355,26715.77,20264.03,427.8,38,4.6,72.67,Completed
1116,2024-09-01,2024,9,Housing Support,Basic Needs,Mid West,MI,291,258,18364.43,14096.74,188.8,17,3.74,65.6,Active
1167,2024-11-01,2024,11,Housing Support,Basic Needs,South,TX,251,317,15480.24,11595.15,210.2,18,4.58,66.5,Completed
471,2023-02-01,2023,2,Housing Support,Basic Needs,West,WA,253,235,16761.14,14453.6,210.0,22,3.91,78.43,Completed
972,2024-05-01,2024,5,Job Training,Economic Empowerment,Northeast,PA,315,373,17263.43,13112.69,254.6,24,4.78,76.82,Active
654,2023-08-01,2023,8,Food Assistance,Basic Needs,West,CA,574,566,37994.99,31216.07,654.2,55,5.0,82.05,Paused
400,2022-12-01,2022,12,Youth Development,Education,Midwest,MI,386,316,22853.3,13529.13,182.1,38,4.38,85.5,Active
512,2023-04-01,2023,4,Community Outreach,Community,West,WA,227,201,15273.85,14083.26,181.0,18,4.94,61.74,Completed
321,2022-10-01,2022,10,Healthcare Access,Health,West,AZ,226,206,13440.62,10826.94,127.2,15,,80.21,Completed
20,2022-01-01,2022,1,Housing Support,Basic Needs,South,FL,193,211,12439.92,8814.49,256.4,24,3.82,73.25,Active
685,2023-09-01,2023,9,Community Outreach,Community,Midwest,MI,143,147,9792.09,9240.55,104.0,11,4.16,78.79,Active
36,2022-02-01,2022,2,Education Support,Education,Midwest,IL,440,567,22952.27,15061.7,258.7,56,4.45,84.71,Active
903,2024-03-01,2024,3,JOB TRAINING,Economic Empowerment,Northeast,MA,273,241,14366.12,8707.01,110.6,29,4.32,96.94,Active
828,2024-01-01,2024,1,Job Training,Economic Empowerment,Northeast,NY,377,314,18356.56,13904.61,129.8,13,4.57,71.69,Active
1476,2025-08-01,2025,8,Housing Support,Basic Needs,West,WA,232,226,15288.96,11247.29,161.9,20,3.71,69.72,Completed
408,2022-12-01,2022,12,Job Training,Economic Empowerment,West,AZ,155,190,10601.74,9792.12,115.4,12,4.0,81.38,Active
921,2024-04-01,2024,4,Healthcare Access,Health,South,GA,352,426,19585.84,14189.39,422.2,37,5.0,71.25,Paused
538,2023-04-01,2023,4,youth development,Education,Northeast,MA,285,257,15400.67,10791.98,127.8,21,4.11,87.63,Completed
759,2023-11-01,2023,11,Housing Support,Basic Needs,West,CA,209,193,14299.95,12722.98,173.4,21,4.61,55.93,Paused
1063,2024-08-01,2024,8,Housing Support,Basic Needs,South,FL,271,212,15682.44,13901.18,309.7,37,5.0,65.89,Active
1200,2024-12-01,2024,12,Youth Development,Education,West,WA,477,508,23028.14,16922.35,282.2,30,4.8,79.41,Paused
246,2022-08-01,2022,8,healthcare access,Health,South,FL,281,317,16278.7,13747.71,262.5,27,4.36,73.79,Completed
1128,2024-10-01,2024,10,Food Assistance,Basic Needs,South,TX,293,299,18527.09,15684.81,351.5,26,4.03,85.05,Active
785,2023-12-01,2023,12,Food Assistance,Basic Needs,West,WA,404,400,26765.46,21103.3,370.7,41,3.95,78.45,Active
490,2023-03-01,2023,3,Youth Development,Education,West,WA,372,307,22742.62,17530.36,326.1,30,4.98,81.52,Completed
155,2022-05-01,2022,5,Food Assistance,Basic Needs,West,CA,591,549,26039.53,24579.02,568.1,70,4.75,91.03,Active
962,2024-05-01,2024,5,Youth Development,Education,South,TX,336,373,18900.87,13614.31,345.8,38,4.83,150.0,Paused
854,2024-02-01,2024,2,Youth Development,Education,Northeast,MA,392,324,23173.42,18046.77,260.7,31,4.75,75.99,Active
626,2023-07-01,2023,7,Healthcare Access,Health,south,GA,269,210,17059.32,12743.16,170.5,27,4.92,78.9,Completed
686,2023-09-01,2023,9,Job Training,Economic Empowerment,northeast,MA,279,296,16567.65,12983.71,102.3,9,4.47,75.43,Active
570,2023-05-01,2023,5,Job Training,Economic Empowerment,West,AZ,234,243,16533.23,12399.15,156.0,15,4.17,77.24,Active
1566,2025-11-01,2025,11,Job Training,Economic Empowerment,Midwest,MI,223,202,14851.34,10763.14,167.0,15,3.93,82.67,Completed
18,2022-01-01,2022,1,youth development,Education,West,CA,256,300,14611.84,9598.71,293.7,23,3.82,83.48,Active
128,2022-04-01,2022,4,Community Outreach,Community,West,WA,152,152,10359.28,8519.64,112.9,14,4.37,87.14,Paused
1280,2025-02-01,2025,2,Education Support,Education,South,GA,361,298,23403.63,18597.49,352.5,39,3.84,86.72,Active
1620,2025-12-01,2025,12,Housing Support,Basic Needs,Midwest,OH,298,359,23121.14,15734.47,240.9,21,4.81,57.83,Active
928,2024-04-01,2024,4,Food Assistance,Basic Needs,Northeast,MA,559,585,36234.76,27364.93,397.9,42,3.98,86.23,Active
981,2024-05-01,2024,5,food assistance,Basic Needs,Northeast,PA,498,572,30346.12,22470.44,763.5,58,4.09,78.56,Completed
1616,2025-12-01,2025,12,healthcare access,Health,West,AZ,310,301,17757.62,9272.51,272.7,29,5.0,77.98,Completed
191,2022-06-01,2022,6,Healthcare Access,Health,,MA,391,397,21956.15,15019.24,366.7,30,5.0,87.35,Active
1140,2024-10-01,2024,10,Job Training,Economic Empowerment,MIDWEST,MI,245,258,15902.65,13852.71,328.4,29,,83.02,Paused
993,2024-06-01,2024,6,Job Training,Economic Empowerment,Northeast,MA,181,231,8779.21,6597.9,81.8,8,3.76,75.56,Paused
1608,2025-12-01,2025,12,Food Assistance,Basic Needs,West,CA,628,660,35288.81,22584.64,609.9,74,4.73,66.36,Active
1367,2025-05-01,2025,5,Healthcare Access,Health,West,CA,309,306,19024.76,18360.38,175.6,18,4.56,66.44,Active
607,2023-06-01,2023,6,Education Support,Education,West,WA,378,248,20095.1,20796.44,355.4,36,5.0,98.75,Active
181,2022-06-01,2022,6,Food Assistance,Basic Needs,West,AZ,558,601,28206.83,18343.38,401.5,51,4.25,82.69,Active
302,2022-09-01,2022,9,Education Support,Education,Midwest,OH,327,384,21350.94,19937.36,144.1,20,4.98,82.17,Completed
497,2023-03-01,2023,3,Housing Support,Basic Needs,Northeast,NY,381,377,21855.78,14638.41,340.1,35,4.51,69.53,Completed
1413,2025-06-01,2025,6,Education Support,Education,West,CA,368,370,21954.6,16143.27,306.8,32,4.19,62.6,Paused
1463,2025-08-01,2025,8,Food Assistance,Basic Needs,West,CA,374,417,25307.28,16054.82,398.5,36,3.74,90.4,Active
1352,2025-04-01,2025,4,Youth Development,Education,South,TX,373,352,19312.55,15500.84,301.1,30,4.34,79.29,Paused
518,2023-04-01,2023,4,Education Support,Education,MIDWEST,MI,445,527,24047.57,18767.28,584.6,43,4.69,82.49,Active
1070,2024-08-01,2024,8,Youth Development,Education,West,AZ,343,409,18792.74,14998.96,386.6,26,4.51,91.3,Paused
477,2023-03-01,2023,3,Job Training,Economic Empowerment,Midwest,OH,294,265,16733.56,13755.3,185.1,19,3.84,57.66,Active
158,2022-05-01,2022,5,Community Outreach,Community,Northeast,MA,241,228,14754.05,11425.88,222.9,23,4.62,62.63,Active
1244,2025-01-01,2025,1,Community Outreach,Community,South,GA,166,116,13573.15,9753.61,165.8,13,4.77,71.82,Completed
1196,2024-12-01,2024,12,Housing Support,Basic Needs,Northeast,MA,202,229,14766.15,13571.04,185.4,19,3.91,72.13,Active
17,2022-01-01,2022,1,Healthcare Access,Health,West,AZ,301,246,19239.01,15138.34,192.3,18,4.04,87.4,Active
1073,2024-08-01,2024,8,Job Training,Economic Empowerment,Northeast,MA,189,134,13389.57,11020.96,,16,3.68,77.04,Active
1623,2025-12-01,2025,12,job training,Economic Empowerment,Northeast,PA,246,278,17834.53,12344.17,130.5,14,4.0,78.32,Active
547,2023-05-01,2023,5,Education Support,Education,West,CA,377,297,20632.36,14966.63,226.3,23,4.97,85.17,Active
659,2023-08-01,2023,8,Education Support,Education,Northeast,PA,398,483,24797.85,17983.64,248.8,22,5.0,99.0,Completed
1340,2025-04-01,2025,4,Job Training,Economic Empowerment,Northeast,MA,155,157,12603.55,7917.02,147.8,13,5.0,73.61,Active
1020,2024-06-01,2024,6,Housing Support,Basic Needs,West,AZ,176,209,14238.13,10556.15,103.7,15,4.55,61.9,Active
1458,2025-07-01,2025,7,Healthcare Access,Health,Midwest,MI,505,570,26798.69,19700.79,264.7,33,,69.97,Active
960,2024-05-01,2024,5,Education Support,Education,West,AZ,459,424,26729.87,18864.64,17.9,36,4.2,72.99,Completed
1547,2025-10-01,2025,10,Education Support,Education,West,AZ,510,558,26569.75,20204.37,341.7,48,4.14,80.49,Active
284,2022-09-01,2022,9,Job Training,Economic Empowerment,South,GA,233,182,12728.46,10335.06,158.0,17,4.56,68.1,Active
798,2023-12-01,2023,12,Healthcare Access,Health,Midwest,OH,348,413,20691.53,16288.89,259.8,44,4.22,73.99,Active
1341,2025-04-01,2025,4,Education Support,Education,Northeast,MA,365,385,26921.2,21190.45,270.5,35,4.32,68.18,Active
226,2022-07-01,2022,7,Job Training,Economic Empowerment,South,TX,255,241,16066.31,10099.74,66.5,12,4.53,76.07,Active
27,2022-01-01,2022,1,HOUSING SUPPORT,Basic Needs,midwest,OH,342,388,15489.14,13840.43,389.5,35,4.21,74.07,Paused
1457,2025-07-01,2025,7,Community Outreach,Community,West,CA,230,293,13198.54,9898.2,273.9,20,3.42,64.48,Active
438,2023-01-01,2023,1,Community Outreach,Community,West,WA,217,222,14044.97,10454.13,182.4,23,4.4,70.41,Active
1602,2025-12-01,2025,12,Youth Development,Education,midwest,IL,350,443,18683.57,14006.9,339.5,30,4.8,77.08,Completed
230,2022-07-01,2022,7,Food Assistance,Basic Needs,West,AZ,503,482,28047.26,22890.78,293.1,30,4.48,76.34,Active
38,2022-02-01,2022,2,Community Outreach,Community,northeast,NY,220,258,13635.58,11494.29,121.5,15,4.72,74.88,Completed
750,2023-11-01,2023,11,Food Assistance,Basic Needs,West,CA,391,461,21209.14,16906.8,271.2,42,4.7,68.64,Active
1046,2024-07-01,2024,7,Youth Development,Education,Northeast,PA,375,319,19957.95,14697.23,394.4,38,4.8,85.06,Active
470,2023-02-01,2023,2,Housing Support,Basic Needs,Northeast,MA,278,263,19415.37,11321.25,350.5,24,4.48,67.82,Active
1443,2025-07-01,2025,7,Food Assistance,Basic Needs,south,GA,674,771,38006.15,34851.14,577.0,47,4.62,85.31,Active
1619,2025-12-01,2025,12,Youth Development,Education,Northeast,NY,317,372,15800.15,10784.92,403.2,40,4.84,69.78,Completed
688,2023-09-01,2023,9,Youth Development,Education,Midwest,MI,258,186,15382.05,14458.32,270.8,25,4.62,70.94,Paused
1513,2025-09-01,2025,9,Food Assistance,Basic Needs,Midwest,IL,562,650,34932.42,27813.97,201.7,28,4.42,86.9,Active
640,2023-07-01,2023,7,Food Assistance,Basic Needs,Midwest,MI,370,381,25669.53,21355.41,353.2,44,3.78,84.53,Active
1416,2025-06-01,2025,6,Education Support,Education,Northeast,PA,528,566,27426.1,25790.68,577.4,49,4.58,85.41,Completed
1219,2024-12-01,2024,12,Community Outreach,Community,West,AZ,232,239,13818.95,9179.93,198.1,16,4.16,71.15,Completed
1159,2024-11-01,2024,11,Job Training,Economic Empowerment,South,TX,200,203,11553.02,6786.27,202.0,24,5.0,82.23,Active
1366,2025-05-01,2025,5,Youth Development,Education,South,GA,416,542,27263.18,20557.2,237.4,35,,77.98,Paused
1301,2025-03-01,2025,3,education support,Education,Northeast,PA,492,605,27913.08,21812.22,448.2,37,4.57,74.0,Active
1497,2025-09-01,2025,9,Food Assistance,Basic Needs,West,CA,352,383,30072.42,19095.94,164.3,22,4.19,67.0,Active
801,2023-12-01,2023,12,Job Training,Economic Empowerment,Midwest,IL,208,207,14416.59,11971.93,256.8,20,4.37,74.45,Completed
161,2022-05-01,2022,5,Healthcare Access,Health,West,WA,317,367,19354.31,16947.99,129.6,21,3.62,79.06,Completed
957,2024-05-01,2024,5,Community Outreach,Community,Northeast,MA,147,179,10793.17,8003.69,128.5,12,4.87,67.33,Active
1187,2024-11-01,2024,11,EDUCATION SUPPORT ,Education,Midwest,IL,382,413,20839.61,16161.03,293.5,28,4.1,70.32,Active
822,2024-01-01,2024,1,Job Training,Economic Empowerment,West,CA,295,304,15950.08,10334.23,316.4,38,,81.25,Active
1389,2025-05-01,2025,5,Education Support,Education,Northeast,PA,417,471,30243.22,21946.89,203.0,33,4.14,87.73,Active
878,2024-02-01,2024,2,Food Assistance,Basic Needs,Midwest,MI,491,611,31562.9,24793.29,337.0,62,4.24,78.26,Completed
914,2024-03-01,2024,3,Community Outreach,Community,Northeast,NY,147,177,14912.55,13773.78,63.6,9,4.18,63.95,Active
153,2022-05-01,2022,5,Youth Development,Education,West,CA,282,261,14947.91,14865.92,174.7,17,4.83,85.31,Active
1508,2025-09-01,2025,9,Education Support,Education,West,AZ,369,387,17400.94,14066.8,160.8,26,4.25,81.75,Active
510,2023-03-01,2023,3,Community Outreach,Community,Northeast,NY,142,140,9279.39,7342.91,49.3,11,4.21,67.56,Paused
1136,2024-10-01,2024,10,Healthcare Access,Health,,WA,372,383,18703.12,15153.87,356.6,42,5.0,90.94,Paused
1251,2025-01-01,2025,1,Education Support,Education,Midwest,IL,405,389,23659.85,18715.93,333.2,44,4.97,73.75,Active
1374,2025-05-01,2025,5,Education Support,Education,South,GA,574,746,31532.02,24031.48,633.2,55,4.48,86.23,Paused
104,2022-04-01,2022,4,Community Outreach,Community,Midwest,IL,197,254,10794.25,7855.13,131.9,15,,62.65,Completed
587,2023-06-01,2023,6,Healthcare Access,Health,South,GA,226,234,14388.54,11572.83,248.8,23,4.36,73.41,Active
1455,2025-07-01,2025,7,Housing Support,Basic Needs,Midwest,MI,361,432,22848.03,18232.03,266.1,30,4.26,72.87,Paused
1144,2024-10-01,2024,10,Education Support,Education,South,GA,286,290,20238.73,14814.81,221.4,21,4.82,81.86,Active
54,2022-02-01,2022,2,Food Assistance,Basic Needs,South,FL,617,559,30563.33,25936.2,331.7,65,3.96,61.69,Active
152,2022-05-01,2022,5,Community Outreach,Community,South,TX,160,138,8477.0,6024.69,129.1,11,4.25,79.98,Active
404,2022-12-01,2022,12,Job Training,Economic Empowerment,South,TX,187,173,13243.55,11984.91,178.6,19,4.22,55.79,Active
1597,2025-11-01,2025,11,Healthcare Access,Health,Midwest,MI,343,427,20274.99,17124.42,384.5,34,4.38,77.55,Active
208,2022-07-01,2022,7,Education Support,Education,Northeast,NY,417,375,20261.3,18113.36,423.4,46,3.57,75.14,Active
1556,2025-10-01,2025,10,Food Assistance,Basic Needs,Midwest,IL,481,460,30055.24,19116.02,461.0,32,4.14,68.45,Active
1123,2024-10-01,2024,10,Job Training,Economic Empowerment,Midwest,OH,224,256,14088.04,10674.13,219.7,17,4.36,78.61,Active
1442,2025-07-01,2025,7,JOB TRAINING,Economic Empowerment,North East,NY,233,202,16435.35,13470.94,89.2,16,4.85,83.16,Active
9,2022-01-01,2022,1,Job Training,Economic Empowerment,Northeast,NY,282,293,15164.95,13350.51,205.1,26,4.57,84.3,Completed
1015,2024-06-01,2024,6,Healthcare Access,Health,West,WA,202,185,14276.98,10907.98,134.5,13,4.35,75.08,Active
1475,2025-08-01,2025,8,Community Outreach,Community,Midwest,OH,245,306,15701.64,11381.06,83.6,11,5.0,58.07,Active
1061,2024-08-01,2024,8,Education Support,Education,South,GA,366,489,20662.27,13379.14,524.1,46,4.71,72.12,Completed
453,2023-02-01,2023,2,Education Support,Education,Northeast,PA,343,422,19981.58,17373.28,197.2,19,3.63,80.38,Active
254,2022-08-01,2022,8,Job Training,Economic Empowerment,Midwest,MI,86,114,5253.63,4748.73,66.2,8,4.77,64.21,Active
1328,2025-04-01,2025,4,Job Training,Economic Empowerment,Midwest,IL,281,349,18118.92,10708.82,223.0,21,4.61,82.82,Paused
897,2024-03-01,2024,3,Food Assistance,Basic Needs,South,TX,669,654,38436.4,29032.07,583.5,53,5.0,80.88,Active
1430,2025-07-01,2025,7,Education Support,Education,Northeast,NY,262,209,14817.01,9766.92,266.5,21,4.69,80.15,Active
881,2024-02-01,2024,2,Food Assistance,Basic Needs,west,WA,595,666,36145.35,22690.84,478.6,59,4.5,77.26,Active
1551,2025-10-01,2025,10,Community Outreach,Community,South,FL,234,239,13899.1,11791.19,78.1,8,4.77,63.34,Active
624,2023-07-01,2023,7,Education Support,Education,South,FL,498,506,23397.52,18412.38,665.7,43,3.58,85.47,Completed
346,2022-11-01,2022,11,Youth Development,Education,Midwest,IL,282,334,17133.92,12282.32,288.8,25,4.53,85.64,Active
1408,2025-06-01,2025,6,Healthcare Access,Health,North East,MA,189,185,11354.34,7649.13,112.9,14,4.43,64.06,Paused
263,2022-08-01,2022,8,Housing Support,Basic Needs,NORTHEAST,MA,182,149,13819.03,11909.09,123.2,17,3.96,77.0,Active
1322,2025-03-01,2025,3,Community Outreach,Community,Northeast,PA,250,193,,9796.27,158.0,15,3.88,73.46,Active
151,2022-05-01,2022,5,Food Assistance,Basic Needs,MIDWEST,IL,445,475,27056.42,22573.98,364.9,38,,72.7,Active
473,2023-02-01,2023,2,Food Assistance,Basic Needs,South,TX,293,216,19825.54,15293.29,199.7,23,4.02,68.62,Active
641,2023-07-01,2023,7,Education Support,Education,Midwest,MI,269,272,15960.34,12337.93,202.6,26,4.4,79.89,Active
1632,2025-12-01,2025,12,Job Training,Economic Empowerment,South,TX,235,257,15495.45,14534.43,313.3,21,4.0,71.84,Active
1548,2025-10-01,2025,10,education support,Education,Northeast,PA,336,376,24176.0,20725.43,416.8,27,4.21,77.11,Active
551,2023-05-01,2023,5,Community Outreach,Community,South,TX,234,215,13321.46,10855.12,220.7,19,4.33,66.92,Active
929,2024-04-01,2024,4,Youth Development,Education,west,AZ,268,268,13825.06,9164.74,129.0,23,4.57,70.62,Completed
489,2023-03-01,2023,3,Housing Support,Basic Needs,South,GA,301,376,20699.61,13233.64,222.1,29,3.72,69.75,Active
1489,2025-08-01,2025,8,Food Assistance,Basic Needs,West,AZ,620,702,27295.14,16356.37,402.8,43,4.61,67.48,Active
1172,2024-11-01,2024,11,Healthcare Access,Health,Northeast,NY,406,335,23317.93,18071.61,299.5,29,4.09,66.79,Active
147,2022-05-01,2022,5,Job Training,Economic Empowerment,Midwest,MI,258,300,,11835.99,205.6,22,4.07,69.75,Active
1584,2025-11-01,2025,11,Food Assistance,Basic Needs,West,AZ,444,475,27726.53,20728.4,228.7,42,4.44,79.05,Completed
403,2022-12-01,2022,12,Healthcare Access,Health,West,AZ,197,185,12632.54,10764.79,136.7,12,5.0,80.56,Completed
955,2024-05-01,2024,5,Youth Development,Education,Midwest,OH,458,608,23160.14,17097.32,240.7,28,5.0,67.37,Completed
1543,2025-10-01,2025,10,Education Support,Education,Midwest,MI,421,473,22159.54,18330.09,277.8,32,4.19,86.15,Active
660,2023-08-01,2023,8,Food Assistance,Basic Needs,West,WA,366,362,,16729.57,120.5,19,4.14,78.63,Active
1373,2025-05-01,2025,5,Food Assistance,Basic Needs,West,AZ,600,728,37254.47,30481.73,215.2,21,4.31,82.3,Paused
464,2023-02-01,2023,2,Healthcare Access,Health,South,GA,356,346,20589.81,18844.21,316.8,33,3.8,64.47,Paused
1350,2025-04-01,2025,4,Housing Support,Basic Needs,West,CA,292,344,18368.81,13816.8,107.8,13,4.37,77.78,Completed
187,2022-06-01,2022,6,HOUSING SUPPORT,Basic Needs,West,WA,170,164,9792.66,10143.43,,12,5.0,84.05,Completed
1148,2024-10-01,2024,10,Education Support,Education,west,CA,448,401,26897.37,19747.68,307.0,36,,82.67,Active
1225,2025-01-01,2025,1,Job Training,Economic Empowerment,Northeast,NY,240,231,16937.63,15320.16,208.8,20,4.36,62.54,Active
609,2023-06-01,2023,6,Food Assistance,Basic Needs,South,FL,371,400,26844.31,20841.04,262.2,32,5.0,88.88,Active
144,2022-05-01,2022,5,Job Training,Economic Empowerment,West,WA,205,182,12817.85,8152.09,177.2,24,3.96,54.77,Active
752,2023-11-01,2023,11,EDUCATION SUPPORT ,Education,South,TX,409,426,25596.54,21108.28,440.5,36,4.74,73.11,Completed
982,2024-05-01,2024,5,Housing Support,Basic Needs,West,AZ,211,285,14517.23,10876.93,206.2,19,3.9,61.16,Paused
198,2022-06-01,2022,6,Housing Support,Basic Needs,Northeast,PA,165,155,9575.23,6692.84,173.2,14,3.89,68.49,Active
884,2024-02-01,2024,2,Housing Support,Basic Needs,Northeast,PA,238,236,17739.73,13471.96,120.3,28,4.89,60.51,Active
280,2022-09-01,2022,9,HOUSING SUPPORT,Basic Needs,West,AZ,131,114,7841.38,6689.3,78.3,11,4.17,73.49,Active
294,2022-09-01,2022,9,Youth Development,Education,South,FL,184,180,8928.77,6194.09,153.4,18,,86.94,Active
1498,2025-09-01,2025,9,YOUTH DEVELOPMENT,Education,South,TX,284,313,18741.38,18810.67,140.6,16,3.41,79.59,Active
401,2022-12-01,2022,12,Youth Development,Education,West,WA,321,348,16739.97,15198.0,156.2,20,4.2,88.64,Active
123,2022-04-01,2022,4,Education Support,Education,Northeast,PA,260,211,20661.43,17687.04,274.7,26,4.08,79.62,Active
1208,2024-12-01,2024,12,Housing Support,Basic Needs,Northeast,MA,204,254,17370.85,13784.08,173.5,17,4.2,69.82,Active
203,2022-06-01,2022,6,Youth Development,Education,South,GA,283,279,17071.16,15276.04,141.7,24,4.96,76.65,Paused
836,2024-01-01,2024,1,Housing Support,Basic Needs,South,GA,242,280,15509.89,12018.43,197.2,20,4.12,60.6,Active
247,2022-08-01,2022,8,YOUTH DEVELOPMENT,Education,Midwest,OH,296,337,14277.91,6938.51,289.6,29,4.54,78.89,Active
1561,2025-10-01,2025,10,Job Training,Economic Empowerment,South,GA,215,196,13662.5,12100.96,119.1,13,4.54,82.83,Completed
1546,2025-10-01,2025,10,Housing  Support,Basic Needs,West,AZ,329,371,19529.03,14270.09,174.3,33,4.24,72.67,Active
1154,2024-10-01,2024,10,Food Assistance,Basic Needs,West,AZ,346,338,19518.89,14000.8,152.8,16,4.47,83.23,Completed
385,2022-12-01,2022,12,Food Assistance,Basic Needs,South,TX,541,509,26117.76,25120.23,587.7,54,4.6,76.01,Completed
1447,2025-07-01,2025,7,Education Support,Education,Midwest,OH,439,526,26885.92,20290.57,315.3,33,4.25,82.63,Active
855,2024-02-01,2024,2,Education Support,Education,Midwest,IL,372,412,20681.18,13697.88,192.8,38,4.26,77.94,Active
220,2022-07-01,2022,7,Housing Support,Basic Needs,West,WA,133,150,11315.07,10380.06,130.7,11,5.0,78.52,Active
642,2023-07-01,2023,7,Housing Support,Basic Needs,West,CA,217,242,14223.97,12294.98,212.7,20,3.64,68.4,Active
2,2022-01-01,2022,1,Job Training,Economic Empowerment,Northeast,PA,206,202,12111.99,8883.26,84.9,18,3.63,67.5,Completed
113,2022-04-01,2022,4,Education Support,Education,Midwest,IL,395,486,21816.06,15234.3,306.6,36,4.53,90.23,Active
699,2023-09-01,2023,9,Community Outreach,Community,northeast,MA,180,172,12703.69,6429.16,253.7,19,4.13,67.97,Active
1571,2025-11-01,2025,11,housing support,Basic Needs,Northeast,MA,230,227,15652.37,12078.29,117.8,14,4.59,65.2,Active
952,2024-04-01,2024,4,Education Support,Education,Midwest,IL,430,467,24328.41,10002.95,247.1,29,5.0,71.36,Active
1441,2025-07-01,2025,7,Healthcare Access,Health,West,AZ,285,247,26228.12,18056.4,196.5,19,4.58,78.15,Active
1411,2025-06-01,2025,6,Education Support,Education,West,CA,606,608,35533.7,26484.15,322.4,42,4.28,69.07,Active
1410,2025-06-01,2025,6,Education Support,Education,Northeast,MA,435,503,22348.43,19165.29,505.0,53,4.71,72.16,Active
1292,2025-02-01,2025,2,Education Support,Education,West,AZ,611,571,30482.24,22152.64,684.3,75,4.61,79.46,Completed
1503,2025-09-01,2025,9,Housing Support,Basic Needs,Midwest,MI,231,265,16743.05,13415.74,173.1,16,4.6,77.26,Paused
442,2023-01-01,2023,1,community outreach,Community,West,WA,112,143,8209.26,7928.26,57.6,9,5.0,82.76,Active
1137,2024-10-01,2024,10,Job Training,Economic Empowerment,West,WA,194,224,13035.15,9714.41,139.7,11,4.96,73.24,Completed
1257,2025-01-01,2025,1,Food Assistance,Basic Needs,West,CA,648,508,35512.58,29961.51,304.2,45,3.99,81.47,Active
1398,2025-06-01,2025,6,Healthcare Access,Health,Midwest,MI,433,431,23372.68,18648.29,50.3,6,4.79,71.88,Completed
664,2023-08-01,2023,8,Education Support,Education,West,WA,391,403,,13531.32,183.4,26,4.4,89.87,Active
1507,2025-09-01,2025,9,Housing Support,Basic Needs,South,TX,254,308,17825.42,15883.34,211.9,27,4.28,69.92,Active
1258,2025-01-01,2025,1,Health Care Access,Health,Midwest,MI,299,335,22497.07,14309.02,,26,,89.25,Active
1050,2024-07-01,2024,7,Community Outreach,Community,Midwest,IL,228,211,15273.88,13281.85,228.2,23,4.68,69.7,Completed
318,2022-10-01,2022,10,Community Outreach,Community,South,FL,200,173,11597.4,9109.68,89.0,14,4.28,67.53,Completed
649,2023-08-01,2023,8,Healthcare Access,Health,Northeast,MA,269,268,21081.83,16894.58,235.1,17,,74.67,Completed
1435,2025-07-01,2025,7,Education Support,Education,Midwest,IL,336,329,19281.2,17784.78,351.7,36,3.94,70.19,Active
710,2023-09-01,2023,9,Job Training,Economic Empowerment,South,FL,-232,198,10833.87,8472.2,257.3,20,4.57,68.01,Active
1383,2025-05-01,2025,5,EDUCATION SUPPORT ,Education,West,AZ,374,361,22878.25,19710.35,174.8,22,3.71,88.06,Active
1283,2025-02-01,2025,2,Housing Support,Basic Needs,South,FL,299,294,20435.44,15872.46,,25,4.62,66.75,Completed
973,2024-05-01,2024,5,Youth Development,Education,Northeast,NY,375,381,23425.56,16069.9,337.1,28,4.6,99.0,Paused
628,2023-07-01,2023,7,Job Training,Economic Empowerment,MIDWEST,MI,160,172,8029.92,6583.04,99.6,13,4.32,59.2,Active
633,2023-07-01,2023,7,Job Training,Economic Empowerment,Midwest,MI,234,241,14578.24,10753.07,218.1,18,4.26,61.27,Active
1307,2025-03-01,2025,3,Housing Support,Basic Needs,South,TX,254,284,17285.93,12111.87,324.1,26,3.91,64.07,Active
1401,2025-06-01,2025,6,Community Outreach,Community,South,GA,200,190,15577.98,11962.21,206.4,22,4.58,65.28,Active
1409,2025-06-01,2025,6,Community Outreach,Community,Northeast,PA,256,280,14154.4,12185.5,340.0,27,5.0,66.01,Active
1249,2025-01-01,2025,1,Health Care Access,Health,Midwest,MI,292,290,18403.47,11086.28,136.3,18,5.0,76.53,Paused
1606,2025-12-01,2025,12,Youth Development,Education,West,CA,267,292,17039.48,12980.91,326.1,34,5.0,72.64,Active
1255,2025-01-01,2025,1,Food Assistance,Basic Needs,South,GA,580,437,35789.12,26143.18,392.3,45,4.77,93.89,Completed
1372,2025-05-01,2025,5,Housing Support,Basic Needs,Northeast,NY,312,345,19507.7,14860.89,407.9,38,3.92,69.99,Active
1355,2025-04-01,2025,4,community outreach,Community,West,CA,197,255,13082.21,9896.48,109.0,14,4.13,65.24,Active
1581,2025-11-01,2025,11,Education Support,Education,Northeast,MA,313,318,18019.5,15945.09,378.9,28,5.0,76.35,Active
1518,2025-09-01,2025,9,Youth Development,Education,West,CA,330,301,17939.73,15769.14,134.6,20,4.71,94.82,Active
796,2023-12-01,2023,12,Healthcare Access,Health,Northeast,MA,427,416,22583.54,19158.1,670.5,48,4.34,56.59,Completed
646,2023-07-01,2023,7,Job  Training,Economic Empowerment,south,GA,163,169,13562.89,10600.79,190.9,16,4.18,70.8,Completed
1013,2024-06-01,2024,6,EDUCATION SUPPORT ,Education,Northeast,PA,587,655,28997.62,23100.91,156.1,20,4.3,65.0,Paused
557,2023-05-01,2023,5,Community Outreach,Community,Northeast,MA,244,238,13307.0,9717.34,266.3,26,4.95,72.31,Completed
682,2023-09-01,2023,9,Community Outreach,Community,South,FL,144,142,11102.2,8782.82,114.4,17,4.82,81.2,Paused
578,2023-05-01,2023,5,Education Support,Education,South,GA,332,348,28316.09,21786.91,345.4,25,,86.17,Active
1110,2024-09-01,2024,9,Job Training,Economic Empowerment,Northeast,MA,138,154,8967.77,6696.19,70.8,11,4.66,66.81,Completed
1267,2025-02-01,2025,2,Community outreach,Community,south,FL,201,221,14986.96,10136.68,114.6,13,3.91,66.2,Active
1184,2024-11-01,2024,11,Food Assistance,Basic Needs,Northeast,MA,449,568,30453.72,18090.54,287.2,31,4.68,90.61,Completed
525,2023-04-01,2023,4,FOOD ASSISTANCE,Basic Needs,Midwest,IL,447,309,36408.39,26593.13,262.5,47,3.14,82.57,Paused
1060,2024-08-01,2024,8,Housing Support,Basic Needs,North East,PA,177,199,12608.68,9106.96,84.3,15,5.0,57.22,Active
541,2023-04-01,2023,4,Education Support,Education,Midwest,IL,425,524,24205.19,16273.92,350.6,29,4.25,87.2,Active
1195,2024-12-01,2024,12,Youth Development,Education,South,FL,366,361,20672.11,20276.19,215.4,19,4.29,79.31,Active
749,2023-11-01,2023,11,Community Outreach,Community,Midwest,MI,207,193,14252.93,11175.62,161.8,19,4.62,72.45,Completed
1521,2025-09-01,2025,9,Youth Development,Education,West,CA,331,359,16728.39,13142.67,423.9,38,4.24,81.31,Active
1431,2025-07-01,2025,7,Healthcare Access,Health,Midwest,OH,322,312,21129.46,17384.0,197.7,18,4.28,81.6,Paused
485,2023-03-01,2023,3,Housing Support,Basic Needs,West,WA,160,150,12870.07,11572.64,171.8,17,3.66,66.43,Active
96,2022-03-01,2022,3,Food Assistance,Basic Needs,West,WA,437,627,24847.8,19142.59,363.9,47,4.48,92.17,Active
1021,2024-07-01,2024,7,housing support,Basic Needs,Northeast,PA,242,283,14497.52,11276.13,186.8,11,5.0,73.78,Active
564,2023-05-01,2023,5,Job Training,Economic Empowerment,South,FL,230,265,13737.84,11080.41,205.2,22,3.87,80.46,Active
1265,2025-02-01,2025,2,Healthcare Access,Health,West,CA,359,362,21322.35,16894.59,349.3,33,4.11,66.02,Active
743,2023-10-01,2023,10,Job Training,Economic Empowerment,,NY,197,244,15174.77,15222.57,,11,4.41,59.64,Paused
864,2024-02-01,2024,2,job training,Economic Empowerment,West,WA,246,215,14832.05,11038.03,116.4,16,3.46,82.71,Paused
1485,2025-08-01,2025,8,food assistance,Basic Needs,West,CA,476,474,30640.45,19226.31,332.0,38,4.63,73.01,Active
892,2024-03-01,2024,3,Education Support,Education,South,GA,562,584,27332.93,20815.25,526.4,54,4.34,84.13,Active
1039,2024-07-01,2024,7,Community Outreach,Community,Midwest,OH,233,195,13682.91,13288.3,141.4,16,,91.59,Completed
207,2022-07-01,2022,7,Job Training,Economic Empowerment,South,GA,305,347,14528.34,11805.43,232.7,27,4.56,69.64,Active
393,2022-12-01,2022,12,Education Support,Education,South,GA,378,424,24245.47,18262.56,158.9,38,4.48,75.18,Completed
795,2023-12-01,2023,12,Healthcare Access,Health,West,AZ,267,197,14702.94,11122.37,191.7,34,3.56,63.01,Active
871,2024-02-01,2024,2,Education Support,Education,West,CA,573,645,31335.96,23369.89,542.2,50,4.26,79.38,Active
398,2022-12-01,2022,12,HEALTHCARE ACCESS,Health,South,GA,208,249,13247.62,11016.22,237.7,22,3.95,72.35,Paused
767,2023-11-01,2023,11,Housing Support,Basic Needs,Mid West,IL,147,161,11816.18,8569.79,172.6,18,3.99,58.82,Active
1511,2025-09-01,2025,9,Housing Support,Basic Needs,South,TX,282,262,18479.95,14307.42,254.5,19,4.71,72.16,Active
1242,2025-01-01,2025,1,Housing Support,Basic Needs,South,FL,318,300,19754.56,13737.24,238.5,31,4.38,68.99,Active
1029,2024-07-01,2024,7,Healthcare Access,Health,South,TX,363,358,23124.5,23091.51,317.5,28,4.45,60.21,Completed
643,2023-07-01,2023,7,Education Support,Education,South,FL,446,422,23071.3,16475.12,346.9,32,4.99,76.74,Active
1553,2025-10-01,2025,10,Job Training,Economic Empowerment,West,WA,210,261,12885.25,9831.23,73.4,13,3.86,78.92,Paused
613,2023-07-01,2023,7,community outreach,Community,Northeast,NY,104,120,7713.0,6481.85,55.6,8,3.92,67.01,Active
961,2024-05-01,2024,5,Job  Training,Economic Empowerment,South,GA,243,247,16818.57,15712.38,293.9,25,4.18,76.34,Paused
726,2023-10-01,2023,10,Healthcare Access,Health,south,FL,303,299,18700.06,17987.4,324.8,33,3.41,72.11,Active
684,2023-09-01,2023,9,HEALTHCARE ACCESS,Health,Midwest,IL,188,206,11300.34,9096.12,137.4,14,5.0,78.05,Active
99,2022-03-01,2022,3,community outreach,Community,Northeast,NY,230,270,13077.06,10800.58,101.6,19,4.57,71.66,Active
805,2023-12-01,2023,12,Youth development,Education,South,GA,196,210,12830.09,9588.91,96.8,11,4.78,86.22,Active
407,2022-12-01,2022,12,Food Assistance,Basic Needs,Northeast,NY,353,403,26238.73,21248.54,412.9,34,4.66,79.18,Paused
503,2023-03-01,2023,3,Education Support,Education,Midwest,IL,433,421,22463.2,17323.41,332.7,56,3.69,86.27,Paused
1072,2024-08-01,2024,8,Youth Development,Education,Northeast,NY,268,252,18542.04,15225.53,313.4,25,4.48,85.25,Completed
1057,2024-08-01,2024,8,education support,Education,South,GA,348,274,18827.23,15539.82,182.6,23,4.02,85.86,Active
930,2024-04-01,2024,4,Housing Support,Basic Needs,Midwest,IL,248,244,18429.03,14916.37,159.0,17,3.67,73.05,Active
780,2023-11-01,2023,11,Housing Support,Basic Needs,Midwest,IL,142,144,13392.17,11744.09,96.3,10,4.01,70.88,Active
201,2022-06-01,2022,6,Housing Support,Basic Needs,NORTHEAST,MA,230,219,13055.56,9139.95,121.0,17,4.41,81.0,Completed
135,2022-04-01,2022,4,Job Training,Economic Empowerment,South,GA,188,225,13880.51,10141.44,84.3,10,5.0,78.8,Active
1052,2024-07-01,2024,7,Job Training,Economic Empowerment,South,GA,196,201,12317.88,10847.64,121.8,12,4.15,74.36,Active
41,2022-02-01,2022,2,HEALTHCARE ACCESS,Health,West,AZ,355,329,19900.33,19686.18,142.2,22,4.97,81.33,Completed
1018,2024-06-01,2024,6,Education  Support,Education,northeast,NY,383,309,20085.31,16362.12,206.9,27,3.87,76.28,Completed
231,2022-07-01,2022,7,Healthcare Access,Health,South,TX,216,209,16704.36,-13184.49,131.7,19,5.0,68.07,Active
1514,2025-09-01,2025,9,Food Assistance,Basic Needs,Midwest,MI,454,467,30470.65,29915.49,338.6,39,4.71,84.11,Active
379,2022-12-01,2022,12,Food Assistance,Basic Needs,South,TX,276,298,16718.85,13791.75,191.7,20,3.37,72.73,Completed
289,2022-09-01,2022,9,Healthcare Access,Health,South,GA,504,575,22019.37,16771.72,562.5,48,4.31,89.36,Paused
419,2023-01-01,2023,1,Community Outreach,Community,South,TX,188,189,10120.51,9503.75,164.8,18,4.15,67.27,Active
392,2022-12-01,2022,12,Education Support,Education,West,WA,354,367,20970.81,16278.44,225.0,17,4.54,83.54,Active
593,2023-06-01,2023,6,Healthcare Access,Health,Midwest,OH,279,236,16672.55,14174.16,279.2,26,4.45,78.32,Paused
1523,2025-09-01,2025,9,Housing Support,Basic Needs,West,AZ,131,108,9676.65,7919.53,112.8,11,4.3,56.85,Active
1163,2024-11-01,2024,11,Education Support,Education,Midwest,MI,320,342,19691.61,13266.17,336.9,29,4.76,65.85,Active
1087,2024-08-01,2024,8,Job Training,Economic Empowerment,Midwest,OH,297,335,18245.71,14599.74,257.6,28,4.39,79.25,Active
1496,2025-08-01,2025,8,Healthcare Access,Health,Midwest,IL,342,297,20452.47,13928.1,221.2,23,4.49,87.35,Active
648,2023-08-01,2023,8,Food Assistance,Basic Needs,Midwest,MI,257,265,19034.91,14877.11,192.8,23,4.4,80.94,Active
1153,2024-10-01,2024,10,Job Training,Economic Empowerment,West,CA,268,245,16249.57,12002.83,216.7,24,4.83,59.76,Completed
1368,2025-05-01,2025,5,housing support,Basic Needs,South,TX,284,192,19750.03,16708.23,117.0,17,4.66,65.22,Active
521,2023-04-01,2023,4,Job Training,Economic Empowerment,Northeast,MA,251,253,14820.63,8838.49,218.2,19,4.27,70.03,Active
65,2022-02-01,2022,2,Housing  Support,Basic Needs,South,GA,189,182,14038.21,12010.23,127.0,18,4.4,74.01,Active
15,2022-01-01,2022,1,Food Assistance,Basic Needs,SOUTH,TX,601,614,26746.86,21669.1,328.9,50,5.0,84.02,Completed
1181,2024-11-01,2024,11,Healthcare Access,Health,South,FL,219,198,13558.35,10683.41,128.8,25,4.09,70.58,Completed
1065,2024-08-01,2024,8,JOB TRAINING,Economic Empowerment,South,GA,236,232,13921.73,11181.56,190.8,15,4.12,81.03,Active
493,2023-03-01,2023,3,Healthcare Access,Health,Northeast,PA,367,366,26193.49,18407.3,415.0,33,4.18,55.88,Active
380,2022-12-01,2022,12,Job Training,Economic Empowerment,West,AZ,192,203,13628.56,11239.3,148.9,15,3.97,70.35,Active
188,2022-06-01,2022,6,Job Training,Economic Empowerment,Midwest,OH,316,380,17275.49,14498.5,251.8,31,4.04,71.97,Completed
764,2023-11-01,2023,11,Food Assistance,Basic Needs,Midwest,OH,424,594,21688.28,15050.02,307.3,40,4.96,67.88,Paused
217,2022-07-01,2022,7,Housing Support,Basic Needs,South,TX,252,256,13672.88,10187.23,183.6,21,4.71,55.07,Active
792,2023-12-01,2023,12,Housing Support,Basic Needs,Northeast,MA,279,348,18233.27,11745.55,184.3,21,4.3,68.67,Active
1077,2024-08-01,2024,8,Community Outreach,Community,Midwest,IL,89,87,,5259.72,72.7,8,4.37,62.18,Paused
879,2024-02-01,2024,2,Community Outreach,Community,South,FL,267,293,16399.92,10943.23,164.9,16,3.77,65.74,Active
338,2022-10-01,2022,10,Youth Development,Education,West,WA,271,310,17678.29,16138.39,305.7,25,5.0,90.19,Active
720,2023-10-01,2023,10,Job Training,Economic Empowerment,West,AZ,208,212,15541.55,10502.56,173.4,20,4.17,78.83,Active
296,2022-09-01,2022,9,Job Training,Economic Empowerment,South,FL,124,102,9238.85,8234.3,120.0,9,4.17,58.34,Active
1017,2024-06-01,2024,6,healthcare access,Health,West,CA,348,351,20195.37,16933.86,436.5,31,3.76,74.02,Active
1276,2025-02-01,2025,2,Education Support,Education,South,TX,535,601,29355.52,23059.26,562.1,45,5.0,67.94,Active
1486,2025-08-01,2025,8,Education Support,Education,Northeast,NY,406,406,23796.81,18752.75,387.7,34,4.47,77.2,Active
456,2023-02-01,2023,2,Education Support,Education,Northeast,MA,385,347,22119.21,17175.55,174.6,26,4.64,81.7,Completed
916,2024-03-01,2024,3,Housing Support,Basic Needs,Midwest,IL,286,281,19195.95,15443.06,304.3,27,4.88,71.27,Active
816,2023-12-01,2023,12,Community Outreach,Community,West,WA,169,168,10933.04,9410.12,183.7,18,4.23,69.67,Active
270,2022-08-01,2022,8,Healthcare Access,Health,Midwest,MI,283,244,16502.97,11855.13,182.8,21,5.0,79.46,Active
996,2024-06-01,2024,6,Healthcare Access,Health,South,GA,369,344,18510.48,15799.2,217.1,26,4.91,71.96,Active
202,2022-06-01,2022,6,Youth Development,Education,Midwest,IL,303,305,17142.1,10691.2,288.5,31,4.47,99.0,Active
162,2022-05-01,2022,5,Community Outreach,Community,Northeast,PA,105,116,9087.81,9354.08,104.4,9,4.42,69.21,Active
730,2023-10-01,2023,10,EDUCATION SUPPORT ,Education,West,AZ,320,345,16365.07,12077.37,183.6,14,3.97,75.27,Paused
402,2022-12-01,2022,12,Youth Development,Education,Midwest,OH,362,444,18825.56,12466.21,572.2,43,4.88,96.25,Paused
703,2023-09-01,2023,9,Youth Development,Education,West,CA,267,296,15269.14,11674.93,101.0,20,4.13,85.81,Completed
1501,2025-09-01,2025,9,Housing Support,Basic Needs,MIDWEST,OH,214,214,18251.95,14160.49,179.1,18,4.63,67.72,Active
1130,2024-10-01,2024,10,job training,Economic Empowerment,South,TX,200,209,14525.73,11904.28,218.7,17,4.76,71.94,Active
566,2023-05-01,2023,5,Food Assistance,Basic Needs,West,CA,510,573,26068.13,25742.45,679.8,55,3.87,84.11,Active
1414,2025-06-01,2025,6,Housing Support,Basic Needs,West,WA,194,197,13748.29,9170.57,93.4,14,4.3,59.42,Active
1022,2024-07-01,2024,7,Healthcare Access,Health,WEST,AZ,282,273,17146.7,15541.52,,25,4.24,83.97,Paused
1026,2024-07-01,2024,7,Job Training,Economic Empowerment,South,FL,79,77,4296.11,3006.64,50.3,6,,59.52,Active
1412,2025-06-01,2025,6,Education Support,Education,Northeast,PA,483,560,22039.64,19231.58,732.4,52,3.72,70.16,Active
1105,2024-09-01,2024,9,Job Training,Economic Empowerment,Northeast,MA,214,247,12002.05,9338.65,91.9,15,5.0,76.74,Active
206,2022-07-01,2022,7,Housing Support,Basic Needs,West,WA,228,237,12880.91,10629.81,148.0,14,,75.89,Completed
35,2022-02-01,2022,2,Job Training,Economic Empowerment,Northeast,NY,265,239,16557.71,13680.15,184.0,23,4.44,68.92,Active
776,2023-11-01,2023,11,Housing Support,Basic Needs,South,GA,164,229,12474.11,12059.3,134.6,10,4.17,69.03,Paused
509,2023-03-01,2023,3,Community Outreach,Community,West,WA,152,164,10540.1,8534.58,109.2,9,4.64,64.36,Paused
1452,2025-07-01,2025,7,Community Outreach,Community,South,TX,139,160,9787.74,10181.68,93.7,13,4.21,70.25,Active
1479,2025-08-01,2025,8,Housing Support,Basic Needs,West,AZ,203,264,12212.62,9523.1,127.5,13,4.1,63.07,Active
1622,2025-12-01,2025,12,Job Training,Economic Empowerment,SOUTH,TX,269,275,16365.94,14127.74,211.7,21,4.92,78.33,Completed
1391,2025-05-01,2025,5,Community Outreach,Community,Northeast,NY,237,272,15107.88,12258.94,293.7,25,3.92,61.31,Active
92,2022-03-01,2022,3,Food Assistance,Basic Needs,West,CA,393,424,25026.82,17072.36,188.8,36,4.96,81.78,Active
1364,2025-05-01,2025,5,Education Support,Education,Northeast,PA,375,347,26551.11,21603.58,209.5,27,4.49,82.75,Paused
898,2024-03-01,2024,3,Housing Support,Basic Needs,South,TX,279,276,20906.75,14792.98,215.1,25,,60.55,Active
565,2023-05-01,2023,5,YOUTH DEVELOPMENT,Education,Midwest,MI,266,272,16422.76,11310.66,207.2,20,4.7,74.82,Active
1370,2025-05-01,2025,5,Food Assistance,Basic Needs,Northeast,PA,680,646,37793.72,28906.91,261.6,26,4.65,79.07,Active
777,2023-11-01,2023,11,Healthcare Access,Health,West,CA,280,335,18257.66,14470.82,131.0,21,4.05,61.87,Active
242,2022-08-01,2022,8,Job Training,Economic Empowerment,Northeast,PA,272,235,13789.54,11440.77,184.7,20,5.0,59.98,Completed
14,2022-01-01,2022,1,COMMUNITY OUTREACH,Community,Northeast,NY,180,240,11010.78,8780.64,149.0,16,3.52,69.79,Active
316,2022-10-01,2022,10,Housing Support,Basic Needs,Northeast,MA,261,288,12719.76,9522.61,289.1,27,4.54,72.85,Active
601,2023-06-01,2023,6,Community Outreach,Community,South,FL,197,166,12728.5,9027.16,82.7,15,4.05,75.22,Active
388,2022-12-01,2022,12,Healthcare Access,Health,West,WA,381,393,21375.19,17912.1,302.6,26,5.0,83.56,Active
1298,2025-03-01,2025,3,Education Support,Education,Midwest,MI,645,661,33116.89,25345.58,1009.4,85,4.11,80.8,Active
167,2022-05-01,2022,5,Education Support,Education,West,AZ,324,415,17002.31,15333.98,343.9,26,4.59,77.3,Completed
841,2024-01-01,2024,1,Housing Support,Basic Needs,West,CA,310,341,18124.94,9619.25,287.3,23,3.99,66.21,Active
21,2022-01-01,2022,1,Youth Development,Education,South,FL,280,343,14025.72,9789.0,305.4,29,4.92,97.17,Active
647,2023-08-01,2023,8,Healthcare Access,Health,Midwest,IL,221,242,15307.8,9990.51,119.2,17,4.7,89.41,Active
1509,2025-09-01,2025,9,Job Training,Economic Empowerment,South,GA,257,283,15766.11,11766.2,317.0,24,4.73,78.48,Active
1155,2024-10-01,2024,10,Healthcare Access,Health,West,CA,317,389,19308.29,12526.31,159.7,30,4.07,65.3,Paused
1529,2025-09-01,2025,9,Housing Support,Basic Needs,midwest,OH,235,199,13419.99,10343.9,184.6,24,4.49,72.35,Active
832,2024-01-01,2024,1,Food Assistance,Basic Needs,North East,NY,653,711,36805.36,27440.32,455.2,44,4.25,92.53,Completed
1268,2025-02-01,2025,2,Youth Development,Education,South,FL,244,293,17138.92,11147.07,,19,4.27,75.4,Active
1591,2025-11-01,2025,11,community outreach,Community,northeast,NY,146,132,9607.9,7444.48,167.8,14,4.75,67.55,Completed
563,2023-05-01,2023,5,Community Outreach,Community,Midwest,IL,184,133,10472.2,6917.74,73.4,12,3.67,73.3,Active
1605,2025-12-01,2025,12,Youth Development,Education,Midwest,IL,414,466,19504.82,13108.26,208.0,26,4.73,84.87,Active
687,2023-09-01,2023,9,Housing Support,Basic Needs,North East,PA,165,163,11441.55,10093.31,176.5,12,4.55,57.79,Completed
958,2024-05-01,2024,5,Healthcare Access,Health,South,FL,346,403,27922.22,19435.18,384.3,39,4.15,80.3,Active
190,2022-06-01,2022,6,Food Assistance,Basic Needs,SOUTH,TX,295,306,21948.49,16852.61,376.6,34,4.03,92.83,Completed
976,2024-05-01,2024,5,Community Outreach,Community,South,FL,160,149,11180.61,8935.42,105.5,13,4.57,83.78,Active
700,2023-09-01,2023,9,Job Training,Economic Empowerment,West,CA,177,216,10585.31,6411.77,140.9,16,4.46,75.67,Paused
1500,2025-09-01,2025,9,Food Assistance,Basic Needs,South,TX,400,447,26067.19,17253.37,382.6,33,4.45,70.43,Paused
511,2023-04-01,2023,4,Education Support,Education,Northeast,MA,441,574,27062.82,15935.56,438.0,49,4.91,80.64,Paused
1083,2024-08-01,2024,8,Youth Development,Education,West,WA,351,372,16064.86,12733.51,276.1,46,4.91,95.31,Active
475,2023-02-01,2023,2,Youth Development,Education,Northeast,PA,352,370,19891.34,14867.56,280.8,28,4.1,73.87,Active
1585,2025-11-01,2025,11,Community Outreach,Community,West,WA,183,149,12011.05,9796.78,193.2,18,4.85,71.61,Completed
857,2024-02-01,2024,2,Education Support,Education,West,AZ,595,525,37973.23,26752.65,259.3,50,4.53,93.55,Paused
748,2023-10-01,2023,10,Food Assistance,Basic Needs,West,CA,601,653,32256.97,26729.12,515.2,38,5.0,81.14,Active
253,2022-08-01,2022,8,Community Outreach,Community,Midwest,MI,111,127,9395.01,6163.82,91.7,9,4.99,59.53,Active
22,2022-01-01,2022,1,Housing Support,Basic Needs,Northeast,PA,186,170,13548.89,9462.8,155.3,15,4.48,74.62,Completed
1338,2025-04-01,2025,4,Youth Development,Education,South,FL,624,704,27241.71,15570.46,,45,4.36,92.18,Active
460,2023-02-01,2023,2,Youth Development,Education,West,WA,302,314,15099.77,11887.86,237.2,26,5.0,81.33,Active
1185,2024-11-01,2024,11,Job Training,Economic Empowerment,West,AZ,139,102,9240.71,7236.97,161.7,12,4.46,80.35,Active
277,2022-09-01,2022,9,Health Care Access,Health,Mid West,IL,255,220,15287.12,12848.09,217.6,26,4.24,77.13,Active
956,2024-05-01,2024,5,Community Outreach,Community,South,GA,130,128,8256.92,6446.78,105.5,13,3.54,86.36,Active
1216,2024-12-01,2024,12,Food Assistance,Basic Needs,West,WA,491,523,27523.93,21534.67,288.8,33,4.49,67.0,Active
386,2022-12-01,2022,12,healthcare access,Health,Northeast,PA,371,280,21889.72,14628.49,298.0,29,4.42,84.75,Paused
806,2023-12-01,2023,12,Community Outreach,Community,Midwest,IL,118,99,7675.6,6679.1,87.1,12,4.04,66.31,Paused
1438,2025-07-01,2025,7,Education  Support,Education,South,TX,365,370,22297.59,16424.33,369.3,35,,90.07,Paused
1516,2025-09-01,2025,9,Healthcare Access,Health,West,AZ,388,424,23506.77,17615.04,319.2,40,4.39,81.29,Active
344,2022-11-01,2022,11,Healthcare Access,Health,Northeast,MA,150,163,9314.01,6192.87,125.8,14,5.0,87.58,Active
770,2023-11-01,2023,11,Community Outreach,Community,West,AZ,133,154,9538.96,7868.2,79.3,11,4.42,57.48,Active
1333,2025-04-01,2025,4,Job Training,Economic Empowerment,South,FL,305,351,21359.2,14142.84,343.8,34,4.84,58.28,Completed
131,2022-04-01,2022,4,Housing Support,Basic Needs,West,WA,273,331,19115.45,14836.44,257.6,22,4.65,55.39,Active
872,2024-02-01,2024,2,Housing Support,Basic Needs,West,AZ,280,249,16837.23,13046.26,421.9,34,4.96,68.2,Paused
1124,2024-10-01,2024,10,Education Support,Education,South,TX,449,426,21042.85,15121.09,436.2,52,5.0,87.13,Active
1397,2025-06-01,2025,6,Job Training,Economic Empowerment,Midwest,IL,242,287,15320.32,12462.12,121.6,14,4.71,76.08,Paused
88,2022-03-01,2022,3,Education Support,Education,West,WA,364,433,24106.69,18357.48,315.2,26,4.2,68.73,Active
1483,2025-08-01,2025,8,Education Support,Education,Northeast,MA,448,444,22443.6,17569.57,285.4,41,4.8,93.1,Active
331,2022-10-01,2022,10,Health Care Access,Health,South,FL,354,327,21795.63,15579.32,158.3,21,4.28,63.76,Active
1239,2025-01-01,2025,1,Housing  Support,Basic Needs,West,CA,265,304,20647.49,20900.65,365.0,28,4.45,75.74,Active
467,2023-02-01,2023,2,Youth Development,Education,West,WA,196,231,14905.81,10392.04,78.9,8,4.9,81.02,Paused
122,2022-04-01,2022,4,Education Support,Education,South,FL,329,352,22330.09,15896.67,259.7,33,4.32,64.88,Active
519,2023-04-01,2023,4,Food Assistance,Basic Needs,South,TX,255,283,21487.61,16556.58,192.1,19,4.46,87.02,Completed
1045,2024-07-01,2024,7,Youth Development,Education,Northeast,PA,383,528,19230.2,16837.39,225.5,31,4.29,77.26,Active
1096,2024-09-01,2024,9,Healthcare Access,Health,Midwest,OH,311,271,22077.86,18498.84,209.1,25,4.91,76.5,Completed
1131,2024-10-01,2024,10,Education Support,Education,Northeast,MA,419,465,22787.96,13614.3,185.2,32,5.0,79.51,Paused
1295,2025-03-01,2025,3,Healthcare Access,Health,West,AZ,358,413,23960.78,24853.92,,34,4.29,75.98,Active
861,2024-02-01,2024,2,Community Outreach,Community,West,AZ,218,205,14071.14,10709.53,141.8,19,3.72,84.44,Active
1460,2025-07-01,2025,7,Housing Support,Basic Needs,South,GA,229,170,12109.68,8476.57,163.2,19,3.86,60.34,Paused
1127,2024-10-01,2024,10,Housing Support,Basic Needs,West,WA,259,285,15089.47,9810.68,79.0,8,4.26,60.18,Paused
